65
92
157 254 6 911 418 746 149 591 205 556 532 977 593 599 66 43 621 774 632 911 758 772 812 725 715 930 735 254 392 565176378 877242852 893443970 542853232 841078812 688992904 690782632 768533825 893121687 577302598 818226492 620355007 898666528 941061436 747901488 604704249 981305481 541732889 929464048 948451617 943862425 701281030 875442571 768402355 635548582 563278994 667896081 627515497 948334461 608110784 918038659 908803504 994180867 701 310 843 150 715 263 724 549 962 904 172 533 403 5 671 128 662 451 125 64 794 710 265 346 190 861 939 342 332 649
0 0 1 0 0 0 0 1 0 3 2 0 0 0 0 3 17 0 0 0 0 0 0 0 0 0 0 0 0 0 0 3 0 0 0 0 1 0 0 0 3 1 0 1 0 0 0 0 1 0 0 0 3 0 0 0 0 0 0 0 0 2 0 3 0 0 0 0 2 3 0 0 0 0 2 0 0 0 1 0 0 0 0 5 1 0 0 0 0 0 0 2
197
129 283 596 848 344 369 309 340 664 447 739 810 833 3 777 722 674 560 878 610 299 450 182 663 281 564 703 400 61 725 972 347 693 646 589 718 378 534 229 391 233 86 979 308 626 614 650 53 36 454 808 197 343 214 467 52 872 398 719 439 800 630 489 151 797726637 512885914 800923669 522625887 781415571 869039948 968696866 937298939 531525500 627515972 528511485 518994195 520072972 621840379 779807239 550266327 505808810 640914040 552952543 810437801 983887788 918910567 620352284 727356086 959734908 546708357 648529726 809749055 708239679 715201927 652719481 918986802 509423574 916188861 781603317 605466638 782884450 730289738 579295242 545187184 796830089 644418380 997022775 902669815 532016257 846241857 757993453 657584027 747496500 901618121 656555628 562827895 747461411 861205039 617719571 776976362 671592115 683909490 948700834 942531373 970955076 978976124 729204885 831426944 891517100 739036541 793378096 821573410 994 401 336 992 797 713 92 409 479 218 717 289 220 519 200 27 341 247 10 352 375 266 169 76 580 976 520 910 168 506 784 852 789 23 537 165 152 41 341 581 145 365 302 476 447 631 139 359 594 35 751 502 79 797 954 740 824 418 854 955 513 765 619 317 724
0 0 0 0 0 0 0 0 1 0 0 0 1 0 0 0 0 0 0 0 0 0 0 0 3 0 3 0 0 0 0 0 0 0 0 1 0 3 0 0 0 0 0 1 0 0 0 1 0 0 0 0 2 0 0 0 3 0 0 0 0 2 0 0 3 0 0 0 0 0 0 0 0 0 0 0 0 0 28 0 0 0 0 3 2 0 0 0 0 0 0 0 0 0 0 1 0 0 0 0 1 0 3 3 0 0 0 0 0 0 0 2 0 0 0 2 2 3 0 0 0 0 0 0 0 0 0 3 2 0 3 0 2 0 0 0 0 0 0 0 0 0 0 0 0 0 0 0 0 0 0 0 0 0 0 1 0 0 0 0 0 0 0 0 0 0 0 0 0 3 1 0 0 0 0 78 0 0 0 0 0 0 1 0 0 0 1 0 0 0 0 0 0 3 0 3 0
185
815634141 266512083 237280232 426180017 185474023 377879185 797253218 676662623 260277188 848216872 737314271 351732383 224480869 993903769 609040752 954479761 131299835 416270117 355739238 599017622 846572790 779740492 400724050 367174224 656036871 549819345 93029637 930751392 593877537 808549299 337454737 374147749 919796339 923946036 461513542 474929090 37159022 120779990 755440052 216858520 28800964 786798936 645317294 162363655 740569702 122457532 679055172 118797104 440944773 896832578 864410824 348809077 836803217 392358253 230519497 673679734 909611836 667091965 7524633 117594388 538627958 923415794 669689290 44313201 449198705 427939727 859031852 805119981 876981662 211084115 146545104 410816554 263512237 243011072 359099527 942023176 328132496 574972823 947609186 591997096 641912440 103933529 893477554 472939372 923204565 424462023 672584457 882325492 162737753 956672418 70305079 310592034 508598517 746426346 362303308 78634518 258858713 952379106 983315355 945813553 556560247 642111497 87467700 299413781 517148799 231266082 461614440 54751138 95631332 386493484 256109257 785607418 438612436 874364265 374704678 897162364 330714819 720291162 597861138 4727244 283130720 607340224 894843229 678138056 4321436 22693532 399644951 674091412 204032938 795712558 459425940 340289166 41884665 983087865 123202146 719489625 243733818 268681404 176705875 418777045 662251872 45048698 202625144 732983332 193449114 990534002 620887843 147825830 377860953 141106982 534382308 513750268 787926095 722456919 489660812 394475784 561634413 571300614 382945068 255413482 481335524 592795508 436592149 753440516 661312292 99583521 128651992 496727542 901347550 976788176 146786375 765059745 651777541 399492480 234736497 531348519 405013704 473654900 637732777 114486760 984189848 871047211 418455167 942824838 893729576
1 0 1 1 2 2 5 3 6 3 7 4 8 8 12 2 15 9 4 20 5 7 10 12 22 17 17 17 22 8 30 12 32 34 8 35 35 0 2 19 41 5 30 38 9 32 13 24 17 31 12 52 33 22 47 41 50 58 40 49 55 36 24 10 62 56 24 58 47 36 8 63 5 10 15 54 42 26 48 77 63 17 16 43 35 17 30 39 17 36 85 23 8 10 35 76 93 10 97 3 24 99 39 22 100 76 56 97 21 30 3 23 11 8 10 3 71 83 37 34 80 85 75 40 60 119 31 100 53 13 75 127 60 109 0 18 53 54 138 6 99 59 7 100 85 140 20 73 62 77 62 83 77 97 30 54 125 126 140 43 48 21 50 117 149 135 161 124 36 64 65 160 31 143 93 150 41 50 104 150 41 22 80 155 5
73
751 297 909 320 965 711 88 181 921 962 788 792770289 353083075 742708059 103210785 565407757 154666530 339092622 736728644 900590432 969023645 707741964 939896154 794985979 491982909 890585028 490339472 181990886 95719741 552101967 450066211 226900552 127945795 1387247 250393814 785914922 442317979 81704439 733795899 185686763 339640704 659121016 778461024 125511644 728933205 294512566 878544526 518938447 948755482 364006498 472568549 238996305 712193423 412304066 180249494 6001240 4334775 924748147 559564805 319194100 523503374 543266839 377760022 513536638 501787071 309564575 253159940 989857735 992941262 815399765 725246956 221705723 674788735
1 0 2 3 1 2 0 0 3 3 1 3 1 3 0 3 2 3 1 2 2 3 2 2 2 3 2 0 3 2 2 1 3 2 2 3 0 1 2 40 3 3 3 2 1 2 1 1 1 2 3 3 1 2 3 3 1 2 1 2 1 2 1 2 3 0 0 0 3 1 2 1 0
143
5 847911482 9 993118320 7 563136790 4 847844939 5 629518843 3 786605211 5 772381439 4 954241617 5 987819753 5 695183259 6 757465804 3 596905418 5 954694088 2 813325490 8 517090521 6 935772740 4 923055177 8 519639964 4 674579306 6 694254335 7 968631272 3 758968124 10 928576128 3 590108906 1 795127343 8 628251459 1 956843824 5 731575260 7 871900781 2 546372129 5 644651477 3 894169441 6 863395034 3 735686788 2 819490629 3 539105858 9 770964294 2 785357959 10 508040825 4 613396837 7 549277645 10 954745514 3 619290386 6 598897557 5 861540919 1 961486559 7 901410097 5 931495231 5 599805570 4 652651903 2 730164624 4 934509978 8 500512540 9 917119144 5 558983153 1 566376723 10 948309171 8 954337909 8 881095204 5 577347139 7 781362368 1 938703438 2 551745961 10 677175856 2 558803728 1 882062234 9 880185505 8 591228389 10 508320944 3 539565378 8 666885025 10
0 0 0 0 0 0 2 0 0 0 0 0 0 0 0 0 0 0 0 0 0 0 0 0 0 0 0 0 0 0 0 0 0 0 0 0 0 0 0 2 0 0 0 0 0 0 0 0 0 0 0 0 0 0 0 0 0 0 0 0 0 2 0 0 1 0 0 0 0 0 0 0 0 0 1 0 0 0 0 0 5 0 0 0 0 0 0 0 0 0 0 0 0 0 0 0 0 0 0 0 0 0 0 0 0 0 0 0 0 0 0 0 0 0 0 0 0 0 0 0 0 0 0 0 0 0 0 0 0 0 0 0 0 0 0 0 0 0 0 0 0 0 0
26
279 469 34 500 564 935 399 765654805 894697627 843126506 869974543 702291278 854881485 665219230 877517057 852928210 575839798 985950869 78 594 377 62 999 258 263 34
0 0 0 0 0 1 2 0 0 3 0 0 0 0 0 0 0 0 0 0 0 4 0 0 0 0
187
701346014 843939778 330220663 268736316 211313947 833975467 998294654 435873068 298324759 394745956 602316219 256613061 535155592 658186255 923154436 19569178 961954693 690291665 386125778 790750337 34416906 808950611 739909828 413538583 827304823 926124098 119608348 485034298 217982993 26322640 256489280 377571597 785803904 695395376 903618106 30918135 108772175 836229405 943342137 561018148 88393328 234702932 729669134 343965698 241400245 335835413 974531248 767582918 624283480 88539046 944082360 966324453 543387252 218573776 790043110 157281691 979103113 34251104 451624346 847537255 370761980 67929767 646676315 135158157 839636372 981295867 703748692 330598546 763442943 865947444 491427026 572693700 102346827 159400495 375577287 272857520 889990253 727201103 600363082 51257258 216112829 434168567 765569045 430821960 259601272 688485137 850487814 375512807 482756157 484734346 186889630 181027621 986380945 805704403 63066245 443527525 972317787 401212002 297064196 718964558 739224680 497291567 327203977 8665676 268687592 314800695 372479015 669913614 442692591 456429821 123865363 653488390 414218741 145581060 185990952 757491436 271215702 862918486 113044836 516769596 400869331 366174464 439364713 482988467 487393552 256123795 407909629 713021653 975136020 457741477 502806666 351069802 726707660 816421710 945486238 506285565 947047559 16474796 323824236 657569116 325486715 191516767 53444938 52824347 317622079 359669005 153744689 815137041 58226511 236610783 359149633 992620248 524128908 251491330 389175866 366266961 629547705 25344808 188110083 916434974 799109631 98598404 662742310 864316967 276618601 366427090 913791058 24484886 573991273 506857932 379456984 417450458 941536849 542608822 742440239 412936744 432727771 483661907 353974897 982991605 280006306 615993325 699513563 894829565 938024103 534435025 744201553
1 0 2 0 3 0 4 0 5 0 6 0 7 0 8 0 9 0 10 0 11 0 12 0 13 0 14 0 15 0 16 0 17 0 18 0 19 0 20 0 21 0 22 0 23 0 24 0 25 0 26 0 27 0 28 0 29 0 30 0 31 0 32 0 33 0 34 0 35 0 36 0 37 0 38 0 39 0 40 0 41 0 42 0 43 0 44 0 45 0 46 0 47 0 48 0 49 0 50 0 51 0 52 0 53 0 54 0 55 0 56 0 57 0 58 0 59 0 60 0 61 0 62 0 63 0 64 0 65 0 66 0 67 0 68 0 69 0 70 0 71 0 72 0 73 0 74 0 75 0 76 0 77 0 78 0 79 0 80 0 81 0 82 0 83 0 84 0 85 0 86 0 87 0 88 0 89 0 90 0 91 0 92 0 93 0 94
10
1 1 1 100 100 100 100 100 100 100
0 0 0 0 3 3 3 3 3 3
10
10 10 1 1 1 1 1 1 1 1
0 2 0 0 0 0 0 0 0 3
186
822 469 34 511 965 103 193 276 638 756 704 388 400 281 170 307 826 483 645 618 454 861 79 511 530 78 598 537 174 264 142 445 656 114 407 244 675 703 861 202 995 509 54 25 42 183 911 572 791 348 768 764 914 717 467 551 305 923 137 403 671 222 85 336 815 575 879 939 181 271 418 28 205 790 910 233 594 9 7 3 9 7 869192449 913 947 493 905 474 423 327 157 273 269 876 485 181 44 419 335 998 629 302 824 320 165 485 623 693 679 810 663 496 424 395 977 994 457 92 111 568 529 714 26 59 664 600 966 703 261 118 801 844 953 661 559 24 866 164 505 572 321 454 793 306 388 26 775 382 661 962 407 362 217 172 313 831 409 4 152 587 860 152 228 62 908 34 296 948 244 666 932 878 609 114 987 273 318 656 526 181 38 759 168 191 950 118
0 0 0 0 0 1 0 0 0 0 0 0 0 0 0 0 0 0 0 0 0 0 0 0 0 0 0 0 0 0 1 0 0 0 0 3 0 0 0 0 1 0 3 0 0 0 0 0 0 0 0 0 0 0 0 1 0 0 0 0 0 0 3 0 0 0 0 0 0 2 0 0 3 0 0 0 3 0 1 0 0 0 4 0 0 0 0 0 0 0 2 0 0 0 0 0 0 0 0 0 0 0 0 0 0 0 0 1 0 0 0 0 0 0 1 0 0 3 0 0 0 2 0 0 0 0 0 0 0 0 0 0 0 0 0 0 2 0 0 0 0 0 0 0 2 2 0 0 0 0 0 0 0 0 0 0 0 0 0 1 0 3 0 0 0 0 0 0 0 0 0 0 3 0 1 0 0 0 0 2 0 0 0 0 0 0
194
218 437 253 797 478 411 584 231 338 795 385 261 685 853 191 192 730 205 945 214 592 82 661 601 777 864 674 38 915 31 447 663 186 473 817 977 188 776 473 687 915 374 468 765 575 938 993 413 522 418 94 382 354 188 212 848 178 643 214 721 193 592 78 691827474 891503005 512987513 811248704 887839392 774787007 957733403 583486631 636004754 504640582 915478601 993068221 745003317 695597388 899231167 713129561 683879047 773186510 701150269 989973271 940566970 586330740 938217353 768595294 785000190 984880815 763913953 826126230 624102424 762614011 925103528 872257372 940909124 519436770 741652967 819266354 983992988 573486987 986272588 630126777 872901894 916899674 576898683 534034302 783520494 704712517 644565371 635440774 778251553 520807153 562874084 894964802 628987662 567429134 720470502 621196052 656703818 606483401 560686449 560111191 977379939 953395705 827661408 860321500 564637549 545045653 522936960 665 87 273 517 192 198 251 772 856 276 568 345 498 84 27 415 627 67 466 31 460 75 72 51 240 824 300 165 864 814 985 518 706 553 284 871 598 571 649 587 800 33 415 931 593 198 119 881 246 479 225 301 743 774 566 523 545 352 543 51 261 358 589 864
0 0 0 0 0 1 0 0 0 0 0 2 1 0 0 1 0 0 3 0 0 0 0 0 0 26 0 0 0 0 0 0 0 0 1 3 0 0 0 0 3 0 0 0 0 0 0 0 0 0 0 2 0 3 3 0 0 0 0 0 0 1 0 0 0 0 0 0 0 0 0 0 0 0 0 0 0 0 0 1 0 0 0 0 0 0 0 3 0 0 0 3 0 0 0 0 0 0 0 1 0 0 1 3 0 0 1 0 0 0 0 0 3 3 3 0 0 0 0 1 0 3 0 0 0 0 0 2 0 0 0 0 3 0 0 2 0 0 0 0 0 0 2 2 0 43 0 3 3 0 0 0 0 0 0 0 0 0 0 0 0 0 0 0 0 0 0 3 0 0 0 0 0 0 0 0 0 2 0 3 0 0 0 1 0 0 0 1 0 0 0 0 0 0
119
328 192 416 381 235 857 432 441 480 480 980 723 385 65 545 847 724 908 184 865 565 668 933 413 338 321 984 109 262 446 767 951 478 451 402 436 415 196 982 371 230 336 19 987 126 555 54 92 478 700 424 643240453 787336465 756504473 524090101 975231374 659119739 563253368 524654314 459183812 522663448 597722369 18524706 867283713 998540367 106180904 160503926 226313220 498919154 434133167 205113966 435141701 264494665 436527359 169132151 794090748 357743788 691864904 873926518 603417523 481496323 649791879 825890914 10136187 218255701 713858788 683955802 298476027 667414786 975060794 266702618 858696853 161298992 964393880 771252531 9643350 930135096 740131600 816336737 710318330 615556676 502165867 195863143 749265282 442764168 475284775 632300319 332512538 308328135 457855585 103914305 696517019 41313193 212758960 958367460 187791372 929543211 765855997 562085447
0 0 2 1 2 0 0 3 3 3 1 0 3 3 2 2 1 3 0 0 1 3 1 2 2 1 0 0 1 2 0 3 0 1 1 0 0 0 0 2 3 2 2 0 3 46 2 0 1 1 3 2 3 3 1 3 0 3 2 3 0 1 3 2 1 1 3 2 2 2 3 0 0 1 1 3 0 0 0 0 3 3 2 1 0 2 2 2 2 1 2 3 0 3 3 0 3 3 0 3 3 3 2 2 2 0 3 2 3 2 2 1 1 2 0 1 1 3 3
141
531435247 36413284 652927456 660246955 542669490 502354928 454263261 954833822 321748738 729959569 410558015 611896959 149635268 227826614 666453670 553152263 250259955 409333506 154478341 95517794 412391451 218977227 295884837 453536946 571323614 625900955 163099680 942626698 292469363 540056755 809864422 421960307 986928162 857344131 981706427 419536746 30329033 628421683 578803383 391918944 265525594 883077918 878933829 7008953 610718042 417441105 529455780 737552846 405552996 529537553 845734761 290725739 154385828 733528658 469110523 559655761 809947741 238425920 388690454 294349493 947848803 340420282 135398217 253478079 403488674 611522514 449704823 120161548 788607381 704599886 249040986 564577837 760362959 306814506 998904571 391189542 527454326 379537428 880630844 258873072 862522563 729113071 837642062 813566711 514163587 9451600 2598971 523928476 570405785 336132100 733913693 645254068 451623033 983703688 73169125 439131143 795095727 100483215 594909525 592683474 574963798 162257024 348726278 30422341 418495394 675923190 98493091 982592006 746340694 965137214 66629292 591028141 221189454 994202076 302432756 193391686 259905783 634685702 982509860 761529554 342421458 746219303 557667382 564865477 780966389 554095454 623119610 450236298 326648457 234333693 981092756 396000506 120210509 951046922 985533180 104124905 600520721 156482241 449894269 37628826 379963708
1 0 2 0 3 0 4 0 5 0 6 0 7 0 8 0 9 0 10 0 11 0 12 0 13 0 14 0 15 0 16 0 17 0 18 0 19 0 20 0 21 0 22 0 23 0 24 0 25 0 26 0 27 0 28 0 29 0 30 0 31 0 32 0 33 0 34 0 35 0 36 0 37 0 38 0 39 0 40 0 41 0 42 0 43 0 44 0 45 0 46 0 47 0 48 0 49 0 50 0 51 0 52 0 53 0 54 0 55 0 56 0 57 0 58 0 59 0 60 0 61 0 62 0 63 0 64 0 65 0 66 0 67 0 68 0 69 0 70 0 71
7
86757223 742525033 512869961 890811530 742730268 527808276 733055391
1 1 1 1 1 2 3
10
1 100 1 100 1 100 100 100 100 100
0 0 0 0 3 3 3 3 3 3
195
305 357 621 456 587 305 604 975 728 348 403 551 42 619 5 328 949 105 728 726 858 467 823 25 392 180 843 550 79 970 382 571 843 439 694 623 111 345 344 248 655 42 171 258 44 392 169 31 4 902 993 258 240 50 719 91 117 765 835 262 411 382 190 555 617332783 530155411 523085740 856941350 811344296 856629687 613214779 695051197 816147861 578748346 907780976 722400095 779507247 930222307 973184317 914806389 886047635 709688476 887968043 918127816 945390457 614769464 573814113 533057172 996557325 755166970 741247703 572155642 879814707 918090654 857851826 525923507 623887665 583234452 754886414 958427529 839946688 978350767 932161066 699041705 792624622 885613538 715991882 511034425 927620967 847737567 943921099 670965410 903882179 773487020 735504373 535940169 966159958 697140577 626375052 667731524 978779315 550835814 931164902 556598871 650588537 813688763 622097910 685924623 818373335 822992390 700 448 955 572 558 510 892 24 867 97 942 740 503 249 493 939 440 98 659 178 658 213 589 468 651 4 251 767 216 673 140 165 495 695 136 636 867 440 684 999 20 53 186 610 748 41 910 297 938 687 746 122 739 175 643 22 444 701 593 428 921 138 251 631 266
0 0 0 0 0 0 0 2 0 0 1 3 0 0 1 0 0 0 0 1 0 0 0 0 0 5 3 0 0 0 0 2 0 0 0 0 0 0 0 0 0 0 0 0 0 0 0 0 0 0 0 0 0 0 0 0 0 0 0 0 3 0 0 3 0 0 0 0 0 0 3 0 0 2 0 3 0 0 3 0 0 3 0 0 0 0 0 0 0 0 0 0 0 0 0 0 0 81 0 0 0 0 0 1 0 0 0 0 0 0 0 1 0 0 0 0 0 0 0 0 0 3 2 2 1 0 0 0 0 0 0 1 0 0 0 3 0 3 0 0 2 0 0 0 0 2 0 0 0 0 0 0 0 0 0 0 0 0 0 3 3 0 2 0 0 0 0 0 0 0 0 1 0 0 3 0 0 3 0 0 0 1 0 2 0 0 2 1 0 0 0 0 0 1 3
136
1 10 6 8 8 9 3 2 10 7 6 8 6 8 4 8 2 10 1 3 9 2 3 3 7 10 8 4 8 4 2 7 4 4 688868332 813705392 701454905 803572142 754130853 740754573 551124878 722643652 935556380 564316922 725679697 610805063 921019730 542596934 911517396 994489543 947901520 796648353 852102145 641823763 826892436 598899477 920106173 951717441 505111076 694346892 783348345 570012769 829969502 580392911 569399875 516940684 957915663 817536966 531034198 677296826 734512788 580480078 831331956 854623759 516646777 784345626 641367040 954135775 930183684 916638470 641143545 767426154 937651302 774077510 781337648 603483668 737838091 976814454 891685750 750084856 883743473 809723975 536767104 598056598 781830491 927617926 531606428 826680434 547613907 663027032 737537653 727071444 10 6 7 7 6 1 2 1 2 10 2 9 8 8 3 1 2 6 1 3 10 2 7 7 4 8 9 8 5 7 4 7 4 8
0 0 0 0 0 0 0 0 0 0 0 0 0 0 0 0 2 0 0 2 0 0 0 0 0 0 0 0 5 0 0 0 0 0 0 0 0 0 0 0 2 0 1 0 0 0 0 0 0 0 0 0 0 0 0 0 0 0 0 0 0 3 0 0 0 0 0 2 2 0 0 1 0 0 0 0 3 3 0 0 0 0 0 0 0 0 0 0 0 0 0 0 0 0 2 1 0 0 0 0 0 0 0 0 1 0 0 0 6 2 0 0 0 0 0 0 0 1 0 0 0 0 0 0 0 0 0 0 0 0 0 0 0 0 0 0
146
4 2 1 966210179 405 233 329 353 301 899 881 190 123 143 851 207 483 567 74 256 330 24 7 619 241 287 604 283 493 801 425 513 242 729 754 67 211 534 838 56 660 586 26 797 961 756 605 899 620 759 242 742 178 817 768 487 183 261 861 27 749 65 983 955 961 921 114 522 455 722 445 66 128 103 388 79 475 448 375 402 522 238 322 223 168 377 379 79 786 578 384 999 491 713 534 807 22 392 994 381 479 725 700 943 418 100 775 36 619 43 315 484 389 189 595 3 988 552 944 450 890 422 915 694 125 432 255 775 599 582 621 547 653 408 757 656 369 896 876 109 649 662 864 690 5 763
1 0 0 3 0 3 0 0 0 3 1 0 0 0 0 0 0 3 0 0 0 1 0 0 0 0 2 0 0 1 0 0 0 0 0 0 0 2 2 0 0 0 0 0 0 0 0 2 0 3 2 2 0 0 0 2 0 2 0 3 0 0 3 2 0 0 0 0 0 0 0 0 0 0 0 0 0 0 0 3 0 0 0 0 0 0 0 0 0 0 0 0 3 0 0 0 0 0 0 0 0 3 0 0 0 0 0 0 3 0 0 0 0 1 3 0 0 0 0 2 0 0 0 0 0 1 2 0 1 0 0 0 0 0 0 0 0 1 0 0 0 0 0 0 0 0
61
10 2 7 6 6 10 9 5 2 5 3 1 7 1 9 814526385 911985477 731182233 943488644 718023663 898188659 666929385 990808560 970573018 754838486 526040407 695865142 683888724 677277308 718411895 973209478 881084924 956939903 516615215 627470497 912960554 663562049 599910749 898034685 722752750 596341944 719522388 694883398 979223672 666988973 775708603 10 8 4 9 4 5 6 3 4 8 8 1 2 7 4
0 0 0 0 2 0 0 0 0 0 0 0 1 0 0 0 0 1 1 0 3 0 0 0 0 0 0 0 0 0 0 0 0 0 0 0 0 0 0 0 0 0 3 0 0 0 0 0 2 0 0 0 0 2 0 0 0 0 3 1 5
20
87058088 391713341 749010911 395302272 837218741 597111632 59345230 540691699 845531699 116056660 157758160 162552447 702967541 782788136 476133462 761265701 100790539 163909104 513091088 11230758
0 2 0 4 0 2 6 3 0 4 1 5 1 4 2 12 6 17 3 2
59
4 860599730 2 532319916 8 627238481 2 715935570 2 835785347 5 713599451 3 617664270 9 526095491 5 786981984 5 873761377 6 536052691 4 819813868 7 994823685 7 525461399 10 838030921 7 973184133 5 982976530 8 834660038 9 509501835 6 771978997 7 764491219 9 557591432 7 800139663 3 562140828 8 815329423 3 618358583 3 975150624 6 813809387 4 710301331 7
0 0 0 0 0 0 0 0 0 0 0 0 0 1 0 2 0 0 0 0 0 0 0 1 0 0 0 0 0 0 0 0 0 0 0 0 0 0 0 0 0 0 0 0 0 0 0 0 0 6 0 0 0 0 0 0 0 0 0
170
770222242 281568520 410896609 354507193 636774854 717996824 138235407 595764494 599834989 494416308 104340229 950133208 869760494 400062335 561927605 652937821 116432091 347013215 958079317 506009121 508277516 122766201 591981659 657965546 871596692 425874737 911531643 17273789 177949897 555156782 68009642 191234269 468223039 412276820 532674333 415896017 930076877 805610184 16665418 275417694 487440774 763043311 618306021 636715400 216223935 953435757 679579875 378880917 151000079 825868841 167153017 868374537 820939337 893893702 193157148 737149865 55642499 104753963 5723778 872269947 453378321 859375739 961170334 667971523 703184778 683971357 91899815 285436935 827622592 449549108 751520786 545214731 332784587 608718375 436629906 284295125 332617470 70697113 333041181 259273897 544400367 967539824 702473449 251022605 576149875 454994641 977167466 707214789 588690335 846465057 464817237 148478678 710982599 914073605 516223904 102048134 203465345 966839651 802253438 252087385 492817825 313672286 800778342 578092821 151225917 892372571 147716108 542955199 304805034 424342529 256849765 311461786 808215677 426965812 213862823 560997166 842462858 141477657 949133637 573267517 760689383 886651925 955662838 863563982 15542505 799987661 559691438 225647654 526506277 909114661 164026274 46506185 467509615 273323076 205901896 401794684 988970717 1750157 530806099 729590341 514431427 72248999 123549370 924660329 62058424 604984949 542785969 117909100 571940239 292738846 966509229 802716435 146217821 704340229 650602340 244726372 822620281 665159633 504884425 574969763 156332406 252720229 94314771 944578390 50896426 509816551 945145270 933990721 267336617 826278588
1 1 2 3 3 4 4 5 6 6 7 7 8 8 9 10 11 11 12 12 13 14 14 14 14 14 14 15 16 16 17 17 17 18 19 20 20 20 21 21 21 21 22 23 23 23 23 23 24 25 25 25 25 26 27 28 29 29 29 30 31 32 33 33 34 34 34 34 35 35 36 37 37 37 38 39 40 40 41 42 42 43 44 45 46 47 48 49 49 49 50 51 51 52 52 53 54 55 55 55 56 57 58 58 59 59 59 59 59 59 60 61 61 61 62 63 63 64 64 64 65 65 65 66 66 66 67 68 69 69 69 69 69 69 70 71 72 73 73 73 73 74 74 75 76 76 77 78 78 78 78 78 79 80 81 82 83 83 83 84 85 86 86 86 87 88 89 89 90 91
6000
45 43656620 20 27 9 45 35 56030312 55370148 99471721 30462856 22 12 50 29807410 7 10 44 5323134 15 45 41 62826098 20835864 47 89835322 28 13 46697901 10 24 46 25 85085635 8 24 1 17 7 24 36 6 58490397 20 45 89357206 27 31 25 66483647 11 36 42 3141558 21 89582942 74703524 57176395 94912140 10 30 42 6 1 25 11 12 68815633 40 36 10 62083973 41 40583055 50 37 37 19 35 46 41388100 74203026 11 98576645 39 17 33129023 2 9 14 31 10 43313832 10 10358555 40 49464373 10638643 34 3 30 6 42 83489669 44 54125763 44 40 25 35 11169779 44 30 45 34 76703316 6 11 11653477 1 77859803 94188049 41 17 77873570 34 23 25328202 86020013 76279654 1 49 9 77478433 13 57018857 82327856 15 42 93791490 25 47 89345829 8 55132680 1 32 23633243 60990499 21 98066830 39 31579686 39 24123822 38 18652885 73108434 13 30688619 35 70923110 44 36 70816529 44 95709201 16 13 6 30 24522367 39880294 6 50838468 44 39 40 27 8 6 3 23 46 7 19 11 15 43 12 29 20 1 40 9 12 37 25 95523626 38950673 18 43 18 28 37288801 36 38 19 43163558 9 18108329 94659371 24 6 97243130 46 30 36 32 21 52748048 1 10 98377177 25 45795048 35 7 9 79462170 20 20 9 10 36 27 20 25 39 47 36 50 29 26 23404169 44 57066520 21 46 38 4 48 66836537 88044637 41 8 21 89916096 47 94515724 44 10 33 45142572 50 28 7 38 33 11 21 97525768 45687995 14 33 5 22 78372740 16689522 60210383 19 28 45 80757743 87502327 9 93056472 25 45 92178281 19 28 2 1 19 12 10 15318018 26 46 18 30 14 4 3973918 49456382 78425407 42 62000322 6 33 34370353 14 42 31 14 11 18 46 95385787 17 26 38 4 37940494 26 10 70883955 7 34 17 1 12 38772522 34272945 36 35 89815296 48 5 15 60146366 44 15 58318461 34828562 39796185 24 49491175 7 22 33 33 23327499 15 659501 13 22 77302715 19 44 22 13694972 14 14 43 48 40 26 5 43 50 13 65276435 90593962 34 45 23 32 41 66208463 4 77477833 1 17 99748139 6 43 32336736 27 49 27076489 9 14 37 11 48 11 38 47 48 18 7 35 17 24568856 28 6 26 4 15 49290062 62449261 6769711 23 6 13 25901463 20 10 7 19501415 45 1 3 3 24 45 45544973 22 49 32140348 35391224 3 5 36473710 21 35 36 23 65445606 50 77584822 47 36 46 94279542 47 82525035 17 37587392 37522063 48 25 45 29718444 52554504 16599718 25 46 2590450 21179176 50466037 64490008 9 23 38185479 17 76574539 48237768 44 31 28 33 46 41 1592745 13 15881667 8 47 89327411 44 43 11858499 3 25 21 45 33 21 60772138 21 25 6 68687904 2 43402586 40 30 46 66830697 895536 30 4 45 18 37 72413006 36 11 23 43 75947883 11 29 1 87372260 77145457 44644056 14 30606649 9 14 24 17 1 33 44 5 36 2 19 28 28 25694794 11 15992311 7 79986006 90361155 9 14 32 41717327 74005662 40 42 43 46 46 27 33416020 33 47 16 45 8 6 24 33 42 28554381 10 2 10 32 7686579 32 38 23 16 32 98032373 25 50 49 14 8299450 34 6 26 37 60757360 78657961 20 36207366 55810278 28 16 20 37324897 15 39 2 42 32 32 10 2 33 45 22 2 10570233 26901642 28 56794194 31 99731139 76678018 25 36 77555247 6509407 27 56915359 7806406 39 11 19 45 31 21 4 40 27 14 6 26 2 49 39 58431840 11 22 28 5 24 42 41 40416287 41 82935373 15 25 10 19 17 31 12886222 23 45 43 68308243 10 46 60708609 91575462 36 33865858 1 39 19 45 21 4 46 32001973 35 35423211 55402271 37 29 6241916 6 50319044 15 36 18 75643923 31 14820062 21 88962153 24 49 34 45 38 48 22 17 50 12 8 15 39805933 18 35 15 11 32 26 5 28 91827295 20 25 44 47 47 8 21 58777600 46 14314239 26 41 35 30 48 50 32 40 47 3 4 48 12 41 29 61177652 5 41 25 30252280 23 64354969 73964948 39 33 35 30 43866062 3 31 8 32 47 28225543 7 4061361 98098512 35 5426489 70400715 17 24 76790717 97078431 46 19 27 10 47 10 1 87165052 36553263 44 34 18 18 53977086 37 34 19 2 23297859 21 21 4627818 36755578 41 36 2 46 32 6 43 5 91905517 25 42 3 73113350 71574773 25 9 11 10 90771085 23 30 89538047 42 34 50 22371125 84401619 43879616 34 4 63529410 23 42 13 35 14 34101563 43742730 38 42 97343170 27 35775967 50640861 43 37 41089342 62209148 35 5 20 35 15108107 80187968 39374230 48 27 29 18 43 35 38 40 10 32 5 31 34174957 15 14 47 99851357 35 90998907 43 25 51132773 47 42785345 12 1 29 34714432 6 3 21 5 36 33 2 45 15 6 22 71493758 48 80408386 31 33918107 8962577 45 26 42 39 17 24 29687892 18352365 20 53702672 3 5 17 44975429 25 30 57488074 59884733 10 32 35 15 30 24 4 4343968 37 23 39 99261122 82076784 81553254 49 12 13 38 39 19 6 4 66063063 15 42 44 43924239 5 82078344 5 35 49 50 27 43 22 26 7 42751819 5 40 37 46 38 29 14 22 37776580 12 31 9 29 4 97674896 4 11 32 38 11 22 37 9 4 16 21 26 12 51556617 8 30 40247701 15 36 28 36 1 46 46993336 36399911 21 43 29 61704585 6 29 47667671 4063775 38 30 20 37 48 53094335 26 67993017 59017190 11 35 16 56523801 15409134 8 18 24 28 69603434 15 38200827 25 20 2 27 37 41280711 28 2 47 28489700 5 23 16 77256320 39 18099703 16 18 45 40 30 8 10659203 19413224 24 38254089 18 32420610 36 42 49 36 41 36 14 25 27 14 50 38 28 35 91960294 42691632 23877344 8571102 41 3 58025480 19 3 12 32208173 53384155 38 6 40 8995814 15 49530306 31 91718192 36 32 30 4 28 29 9 19 18 44 41 98984295 50 45 44 42 80165908 42 36 1 32 43 66683724 47 19 28 26 21 36 23 5691340 28299649 20 18 50 50 20 32 27 74436439 5 23 36 27536612 89020803 32 7 64779986 31801472 33 26 92502416 24 41 12 3 33 16 36516067 34537807 29 63360848 10 23 19 39 28 46 12 3 39 46 61165924 49 48 32873050 47 27 37 4 98887259 39497732 6 18 48 2 1 39 60654164 12 1 24 47 80424548 17 2 14587297 20306090 2 32 73245739 81295583 19 48 58392721 15201829 7 44 67880405 12 30 41 8 24 44 45 80534265 44626279 41 36625779 33 1 20 10 68630463 1237786 50 42 42 23 98173756 99210229 1 16 74691685 28 27 38984264 46448529 32 41 88037507 51207648 14778291 3 37 39 39 41 15106590 40 19 28 22 9 77248328 82646987 25 12 4 80246542 13 31 4 34 76288333 11 16 40 37 36533903 54663646 45171023 37455600 13608663 9 6 5 36 32 31 44 24 46 30 15 32 8 17 348433 35 10 29 73378070 2 29 61024729 58869242 23 85279744 42 59174625 73862381 43 48 21 29004180 43 29 36 31 48 26 29 21 25 44 14 69643540 27 37 34 23 41 75955092 45 8 24 3 30482326 42 17 14 12 33 49 21464278 18 22 22 38 19 17 47 44 27 22472680 49778728 24 71216608 22 45 28 61392606 9 17 18305046 42 32 43 86044176 43 95260133 18 16 26 43 3 43 7 4 19 17 44 21 45 52780442 21 29876806 7 27 22 95006267 25 39 43 29 10 72750407 11 6527049 8 31 49 32 18423191 43409468 57997216 26 7 59001811 50 5 34 22 28 29 24 28 75050152 24 28 27 41 21 97510299 10 16 44 22 41 36 23 1 39 6090357 31 23 1 39 50 18 20 50 14 49057125 25 5 53012925 44 70270124 32 4952666 40 15 56282949 78111320 34 41 14 62717936 12977254 43 93169349 21 30 31 26 30 21 39 1 84482899 32 63389332 62991080 43 48 12 37 47 9 49 8 47 27665256 27 21 74808223 10 75769955 49 24633134 42 66630395 50 4506516 19 28 11 40728730 26 8521716 11 17 40 10 32 5 6 35339067 36 24 29 6383941 11 36 50 88024826 41358561 23 32 20850844 17 38 37 50 50 3 20 14242335 26 26 50 26 37425113 42 42 21874011 32 2 52852008 34 19 44 28073967 19363101 32 37197593 36 38 49673961 45 28 50 8 81574018 13 21 15049297 44 6461305 20 24 49 62768060 21 14 1 41 43 7116221 3 18 13 42 47579093 48 5 7 11 16 33 7 39 19 8 42 11 12 13 2 4 42 12 41 42 50 88547287 25 38 22 84738535 24 48 95031094 46007467 12 36 27 21 15001176 47 28934765 93460147 48 29 15 37 9 10 21847994 40 11 1 19 46 50 21642928 11 18 21 20 35 30 34 32 14 25 3 13 43 26 10243870 36 2 38799440 31 8 6 48 74824509 2 39 6 47 35 76326503 10 27 32 31 5 34 31688317 1 1490289 46 44 49 46 5 26 16 25 4 36 33 66394154 20 37 7 47 17 48 15278897 33 47 4 8096753 3 29 36 30 18 28 57903500 14 1 32 46844677 29 9 2 53299558 34 32 10 37478280 30 18 35 2 77384682 4 43 16 47 9 57834537 13 99876442 56161960 43 24 13689682 33 65500468 36 31 69387173 4494375 37 17 40 9 49 47 28314376 6 16 16565208 52773494 62785539 9 92920704 35339759 40 33 32633390 28 44 28 21 99880704 31319161 20333505 13263435 25 21 34 34 18 40 14 34943241 35 34 13 1 35 39 49 15 42 29 16 45 21096286 27018457 16434926 57709023 10 96819746 42 49570469 38 38 40 33 10 26 35 4 82080798 37 9354780 14 47927083 22 33 42 19 94446473 31221822 19 1220325 30 6183535 6 35 41 12 38 25 18 83702455 33 52251562 40 32 50 49063298 22044620 9 15 50 16 31 19 63566966 11 22 14 20 23 20 9 35 48 34 43 33 13 49 11 49 18 23409535 48 25 32 42 48 24 32 69829894 62937577 22091710 41 29 36 46 29 38 49 14 27 20 30824078 28 22 30 7 31 38 34 13 8 38 8 1 43 2772014 44 18 92325569 35180777 22 37 3 57390074 7 48 7 32 38 37 24 44 35 21 21 26143556 48 12700261 3 34 40 31 24 30 13 14 11 27 49 30 31 39 35 13 7677054 65935013 20 4 2 5 42 44901125 50 28 7 12 33 10 8 28 30 33 1 49 53383746 41 28 21 20 16 10 23 12 25 33 49 22 42 8 86957503 37 40 33 28 82895012 47096086 9344012 5 67167165 27275022 6 8 25 31 39 20 1 12 18 22 1 5 47 1171921 37 8 48 45867517 43331917 37 79797870 90318830 29327932 40 36 41 27 58243757 4 4 47 15 2 22 1253913 26 47 32 6 21349539 41 7588114 8 47 22 25444059 3 38 25 28 13 6 46 22 11 1 3 27 55086144 13871445 47974034 5 6 32 70307443 5 97708453 48 23 17 949628999 784255014 888159263 810077513 812672413 910276193 615067370 993844280 647445680 823535837 626037192 914475419 916529341 600411031 663271966 758165026 820793536 12 1 17 19 1 7 932733099 810273589 954262958 869155744 674407587 665551686 734576073 710890778 949349145 780717334 665255776 843239767 737611765 898217994 864162884 841482150 956342802 903945978 717170885 734871655 891572942 880030944 781679305 799950399 857168413 669666296 638580975 858395538 946766368 777217058 989715044 752258861 961767031 887355175 722085751 610620349 894610241 822485763 689605616 780878403 972572266 746892802 790084150 837146376 884356409 981669774 844083316 753686996 909665471 758616571 954452583 836658601 640417071 854891359 686069468 871005824 908513890 662670037 773686404 971465968 769675925 807606002 674203010 934579492 906088026 739400815 670740524 694893040 704445369 972530548 831944873 898509322 614557763 913973910 835862289 915497490 993671257 814342193 639986633 753655779 946954742 731475326 862473166 791708140 768493690 955078128 741879773 794853201 634073186 786688673 850712076 824919677 800468358 748218343 983303287 966996486 761059482 883013783 714301822 963730627 841890828 910355424 942837186 996350855 670871521 816997307 747919795 909670781 858905010 882249399 736446697 773618327 639742965 954138240 809741041 965733429 673522036 830636248 920467627 611183943 629415134 659842480 633916559 786542393 605196440 652095381 816753515 845723389 787059038 732733892 972040800 948106780 757400890 852234907 957697856 750073501 870400008 735170356 961424642 680294938 626241177 738866424 622546533 755143233 905077712 747393779 660991864 962179311 883373297 753225227 758875154 882011938 792928948 821749639 985071431 769105443 941980851 644592316 934704745 978527434 768279731 747420956 750886456 859657759 849484199 796324773 906324424 907936526 862146929 704507151 999650683 903462260 710961129 975816780 776231444 984526039 972587502 652456067 894608374 973308984 829125843 724176213 657712851 991762747 916004691 935826415 980275974 916962239 863348390 743949523 847799336 619431308 832609454 997255992 619621588 805480248 822082276 855023289 921953840 763340501 715689965 734302144 902073696 979045309 621918511 650547011 735845377 891640804 757483182 830410673 889368351 842193769 989589221 787414442 943030477 616690935 741336451 650368810 768703299 864729853 755052892 948192036 721390184 691079404 621604941 645234535 936519319 615168190 653397606 782413220 928507754 722595746 635951886 922885245 932169168 676350915 755276550 738315834 753925659 875624953 790172835 996586866 982488255 931535764 950277632 691859837 903927270 727298931 747708001 693906390 808221333 733415778 641948530 754376247 885630345 685053914 826312713 873062796 959303201 845491278 619124760 959588042 789376257 611271463 930341930 773733347 647510636 971135493 823653091 604627971 775512658 675448200 637676655 846599377 825812806 657856200 806239796 781515539 843514077 816714524 917826245 823099431 959795264 962676591 923691655 605346810 918718065 606701593 664189407 612924202 967215878 825756836 633893083 770507455 942595440 726022704 679557052 849092266 606724143 660219414 654355466 691917136 946769228 869655716 712748902 608040635 601856320 840722386 643076945 771118235 837016524 902093332 702132690 987534359 849050207 811858273 918064923 728579056 783474552 631653058 617560567 795663015 684163698 719172746 762037511 941667068 907628821 928960433 727665064 907062460 844084141 621336253 696172846 861356258 691965799 654126360 710753020 610800561 923373077 926335491 684947969 826215173 922463708 850774478 832293417 885772685 820049842 603336706 923583294 627629938 662175500 932740509 955300253 858884928 901320521 959884485 647716476 727002944 782678080 825658450 718212028 852999141 835844126 912702930 794842418 928916447 829354362 730009834 858028919 878901376 858447694 640049610 783739195 741452324 959326525 723269348 878545436 701863804 686912790 855494866 960115104 605104198 970776178 943879393 980993149 770512256 966956970 911634989 895124347 960918853 784298605 777259449 961844878 996193713 949306876 661151592 779175722 924015953 899324034 702459109 760747162 782184173 754385736 936863712 957123253 603396657 624601171 923083215 815843459 906153203 690229083 935112342 634191118 975495523 698721752 715750017 744429621 824424233 711266065 723981383 901247163 654099572 878025582 992563685 981159680 840519193 825512575 607356299 939816960 721497578 952408413 732976479 633091476 651809666 662750173 785396335 607324756 917653823 801108606 721486773 764675706 754344431 671445237 805078595 652240205 654837340 910885128 852775052 751003731 853168660 806531344 868602168 731161500 812741548 716248964 636118702 704331154 750333754 895956168 762028029 841792251 642761174 702069566 791110971 912316333 601867620 989674908 923048156 714003882 906384272 674113208 750718556 783633601 705627283 785656972 669354878 944377334 716027522 925725343 671438981 977397666 783394399 838987503 943446213 777213131 984158185 878785845 758656092 869337127 693502062 724170430 901830601 692840419 793617111 784006717 735984294 790221596 889155636 750254190 725721875 615636450 797072864 986306873 630978295 943715994 612209491 820099273 718049653 985791027 720000244 757849222 619529618 640182887 859471786 622434742 808986029 969425750 781886553 772472581 865454649 667796054 649890180 642936275 851101355 739431696 963196943 753634297 857560723 924020721 947491839 613288273 649800281 816895265 765701519 701420490 803463732 799335592 874414490 703338796 681910794 930650706 937735327 755545966 812586120 626240611 968847977 643611266 829925419 717906128 845066264 919188193 970027056 976576873 660262965 885919541 737624500 817778540 706084922 884219941 864049098 901130761 762229725 607740567 659863840 771046590 888549236 873944097 957310062 931102325 659393012 986378335 939950173 950814113 611091228 997692265 922409060 904262505 755174610 850590133 683478283 961535692 706926951 709308718 710415315 892106244 673127044 743514524 847863648 849492251 659445887 922360235 802198513 875258056 909068406 901695900 791161705 796861762 604960448 942815490 965745816 785855378 922008243 862276746 654821399 995260326 960251397 876462184 661613761 668355667 641333500 742186842 981961806 742312548 947702036 861513195 601136850 774681674 902369066 929174619 703709351 950418419 806042304 926261294 782567158 717830684 700284800 931759421 740840964 821768342 829899718 748175400 651969453 748145215 882923591 731311937 986320457 737122023 869185688 717066199 831824746 962419657 764435740 961685770 656446837 634031348 656758922 673843133 855355980 961869792 741572736 649510656 761573667 625931447 844327133 608511239 655123950 697946176 765064954 666862807 894345310 854002451 708087063 900908927 620218615 737366058 692387407 839715268 799378037 648097501 617243888 869201936 910558715 704945176 747849969 612735903 756409329 940291259 650402896 672599736 792070741 633728424 635911883 764156427 795121577 962931277 656855687 877479853 880589916 765432657 730911313 770497290 645408169 680103387 730152967 899762807 702051008 734062618 637084638 745434905 809978299 870592603 854189617 640874955 763411883 998346875 820568183 936238547 877350582 790822932 752224541 606784161 815384816 995646506 619236180 919794686 972321051 704471886 692357572 849532669 760383298 679934261 886172842 704835492 869902406 981825245 828294766 614244406 901495407 607139727 886120334 747582913 983620923 908663274 998478484 721370361 618963894 737404544 633096028 669142610 736609670 691980228 865663118 841272783 671005107 807559032 640788924 871674593 620919723 617129604 841403078 738362895 745411759 780787775 976496525 936653427 945471351 655502974 985658362 600722599 801189970 835671501 633943641 831705651 992564639 684524199 824098001 803683580 697014465 787864476 848951975 800839358 671322561 936251690 988631821 819801816 892198304 776733256 758911966 844125867 884520765 763891025 993846697 720170486 842286321 625811381 764238404 857085635 693749815 636807608 658001517 812712156 611722616 736057060 603431764 658191028 966838263 719063836 887128399 828466159 775227679 997691553 795251462 804880481 603325780 740048994 896200497 868088869 782295362 665112207 801078849 937031998 782010451 837616883 940916439 790159944 843569000 606664773 821141727 743685151 600049036 821852904 816806942 676042626 945659413 636794674 610685398 630723621 618168855 838561052 812220429 978173904 919698283 857934619 739227070 698664979 718790470 815767603 655583005 949147021 899893401 623621941 719251664 799528903 647276544 753633509 973762405 638628155 891021967 698238484 656773577 977848991 826879031 662770674 855966584 749658916 854181686 814378339 860858147 877502610 832995063 650113525 773018420 766669201 862504747 665392016 756067407 656940012 940007194 634684875 743513785 993310525 620385991 653923762 621631544 817363673 631535417 813339083 695249431 667254382 790876180 957175273 993401816 701002065 923930205 739987915 783724235 862026080 976485990 952022610 728412206 609993557 747981772 990945760 691822582 759376075 821848039 916068125 842888103 638480603 720961470 903934287 869078812 805135387 781022470 899756694 825685865 813016145 991463936 613633810 807423840 858896050 662825733 940528010 694377803 858445591 743028113 798841954 727446182 671502574 679540292 843622305 927903343 695994569 985933002 888685425 777593745 941427065 882242512 802948751 671526469 712948051 994074150 888952793 897449467 659212457 949211530 646556537 663410583 894293562 950421531 922921261 793644955 889689350 648041954 680133880 924931582 719533889 764537790 668892606 827061438 988074234 785612491 808615319 617486512 766320331 700332162 954949411 889062089 885334542 879544822 648703001 942720300 829987947 984891413 646485176 812374825 836247897 832886689 848454668 932616868 709692869 937271330 660769586 859498065 676492344 806581256 605461651 721594430 992758912 787690085 866805945 889559162 956669271 767748571 870897880 939558467 937660268 632163912 942019856 721145386 947420240 777544503 648217951 866703935 970717005 840126687 719646022 850997343 666392536 628316917 807338916 681111405 718866816 759889479 604163051 764717938 734642106 671953017 617450722 675346724 922985294 687063137 858982018 795613396 660020737 994139842 978184931 782742305 843409763 622101535 960161372 802751587 913133881 624121168 740545841 605099808 970748539 699932340 768286230 758501547 648899620 661511734 944611636 628737905 842591439 748175651 978969274 712931304 760091665 888253998 840538288 611641070 724443908 953181948 792305261 642755709 683829542 806762365 749885766 644882760 920937211 744976115 677196628 668634065 717629894 948019860 838254245 666558744 743812661 808929803 741529244 780446174 710017154 663833244 806257498 630167208 963309310 658120755 689440685 914138752 772604160 926388139 813510172 769360796 634170123 635334114 844484955 873390132 988106042 907265260 663630284 867164123 915511089 704952122 880101617 862589018 758733156 919505812 839997078 616233391 756849490 713698753 711910941 985957227 692568508 782361606 733276992 809226038 696552455 633931915 739034723 681884806 906041576 861824799 642371328 723742630 927504330 782531495 983985541 880098972 781863336 978093673 814950644 723593669 789438446 749984875 757742502 974200847 680546116 605618737 783114700 814799311 773225049 902571127 667030324 906613895 867706989 713088761 947947922 804367141 986506805 817252030 711809972 869559856 739752877 634199340 942783171 684141477 878476548 742529146 860093640 986622726 768933194 924996288 601585689 745589304 895433590 884423926 605851683 919686877 672575743 934535727 899104479 783650368 881270702 826786244 800308618 717223295 924858547 662870389 928448293 728523712 804339263 910062865 998814220 958521203 789224845 610508376 967408400 900006546 717790508 794635195 643252658 617574797 671072852 934636648 998206837 915479325 999838333 619851037 817435195 986794531 685450583 893136027 893298102 705571744 716043618 615240385 886282473 983274194 703726345 609523802 741671587 667544518 974801786 657962928 758987641 666112334 655860481 762446338 983939432 727606490 925561138 773774205 950720918 778886253 731297395 988402006 985897790 877008302 656109812 601457143 873667006 896531571 851503135 632160806 865946474 998087120 942690911 738541474 776757874 639971155 814310614 639151477 614141512 815485127 888332025 774722486 717095154 740557275 630814350 679873951 641688554 900830459 636814892 632060944 907880445 914336039 844241096 662432962 605008985 754362513 645295488 618256507 600083821 683654381 612708932 910331714 654927448 808736871 766712279 678102123 626311350 780793324 676583769 922180423 698731702 892573508 608851115 838264702 925645999 833869997 640100364 609325491 736913093 841775263 724215736 628169894 957953624 977843950 864160416 885294347 836705042 618397790 899312953 941750938 773836868 811363191 740425588 855059548 663777068 831324806 729719223 849570502 774843366 961573007 729666728 848945138 738634107 827536281 659857412 808928593 629510721 746956778 609354857 716788013 782043399 748866385 905787294 870691799 677655462 741895518 973578194 988212857 664868236 976003811 712245022 806482810 827402948 701101103 980235833 693551368 786007031 826722033 660802739 690140597 698123963 846636131 732674717 740836835 878837982 755552604 699390153 928088005 618618665 766453275 794208322 868692149 825832722 915704779 981085048 813379228 723879825 786846775 710947574 604269004 828947298 860960366 602383650 604421244 930726568 810760982 642441431 686923187 921811155 992559918 979065835 645013499 742413889 991425403 697143515 973010076 719189504 636587525 725237666 722332810 972979256 647758943 776088103 758618998 642769975 632853609 633939693 854225084 895008233 645837484 913705304 708688474 774470887 981780593 760975839 906138941 633760310 682220453 688908527 670356119 857623557 760784019 840493664 737868927 920666766 909614958 626223341 832740071 856429151 792175192 745403469 860085585 600816484 795670914 689471068 720227803 713811228 761509762 788225046 708355480 618219910 753953326 885662225 634872793 996674286 958639781 872265245 698097904 808880397 990368893 792105923 626627458 889598429 715279312 991175287 951758647 828932997 710558227 633439353 957108320 863258227 701880757 979606334 865313084 688569005 911346079 753693407 618371736 984818071 672676189 743916749 831736670 700373059 629627483 717287875 843389346 669622677 834730250 638988165 984711822 722606952 853672844 736032179 830764387 697773394 603987116 918671362 605145872 843405276 627573271 912027911 781240562 829532903 736310214 800982501 749514494 983302661 700801599 638135368 704027875 753272983 882966572 999544827 652546863 617952741 949809736 954360329 826677271 924947698 734164356 705534212 626475113 649320914 718794104 730975849 690259689 910173106 736037364 910803780 635917747 914469812 676364844 907559309 805345372 649001297 958242933 620747019 878879131 808913968 993113105 839687591 955621003 937145232 792037089 759072492 649642631 842426478 846520103 908304507 635137924 753169303 885724452 767982062 932013803 861617524 716811670 693949628 694223024 785124389 935386593 927516307 640455163 919955032 785223368 641617505 970753524 624490398 700400765 718398125 744141529 637217880 820632560 801316832 683745569 978028956 760220324 770706190 931928225 703769215 775552819 768638825 883997373 844084247 958305378 828715763 737319618 916221827 788944877 704971650 760542997 706988524 681331001 792979580 748596200 786984215 960220290 804018568 961650427 635944693 778386597 719124039 890769555 888517971 818380172 686894465 643309600 722885381 994062352 600043033 652829086 703839855 957308020 727876494 668553313 773833138 646316344 967696391 633391955 832536151 819941428 715782281 725662244 859254308 853992658 765229932 855278355 619698526 769750538 874749813 855108588 726325565 943343799 787519001 719859117 674411543 914381605 980955921 661922603 732575719 930729954 816813114 855448553 688647072 665680490 614638174 926278296 864576444 617999751 955076064 923119311 766576537 706284067 668258580 792101600 660894141 635414174 823187754 661770605 850289549 674136774 951298107 616354930 877974769 871228829 995286736 678595713 870558412 956445284 938419525 979424869 731666511 776512684 613202230 925389455 981802790 647809329 696990022 858839935 769647904 765550148 937448596 766722440 625111312 819239752 863404531 745312399 729029565 993084807 730420266 971243299 737542418 850795661 881497783 669469264 940034891 809902818 920524348 839277699 791838899 965048784 660198762 899217130 989161112 853844482 753208592 909006652 704720266 863174700 600512108 983776610 635625415 766309366 646928423 892016786 979015907 656643605 718113576 880534634 934401822 914350489 782433325 677035238 644772512 789629507 796908042 727761469 615721586 941018776 937778479 774625775 925461271 791155754 638731731 627254708 671424110 749752029 939795077 984445850 692747604 831321959 756395747 990249051 701084957 879920511 792314839 939974784 861778130 912305370 980712624 606945984 749474390 786647806 846595186 717599752 797744774 940961226 662915607 863037559 700344630 706620220 969812942 845547114 822477228 818413065 843712751 961725254 984564741 695883542 883841632 959819197 817171644 826507315 771579648 962498617 991986840 791614051 658224622 661630722 822579552 612749142 746203527 724246752 721223524 847547329 617271917 870166594 622883836 674437631 655974160 741544734 775353445 886969864 659928896 904727490 728667525 912334708 877633333 922031370 909144082 788085412 653080314 872110733 680312056 910442952 822022534 839133966 840198393 633200808 620403462 921159517 837195861 742823019 920220590 867913939 664897314 867209406 725192787 699395950 746298397 600060240 909209432 617384632 705734340 877837484 917267370 636463139 695237144 609206606 823165712 855788327 882285030 619395979 996769657 732803014 905653590 632029313 871252802 624783319 840840320 878425787 897342332 902068886 730828040 675492471 983998817 823237004 828173192 768285123 678330854 612211027 977647872 838413343 763478670 939278477 894810718 944597440 673603964 807287913 976801570 761188967 964009965 726285622 941428541 911601250 825188087 704013869 936059229 911994907 946802403 816547011 785480204 635986689 925927563 679962689 612425718 827700199 611777634 955046480 990793054 881051929 869046540 694954223 766683227 701552227 944188415 789636861 702133263 916836515 888990039 842293482 671743099 685975764 843186309 898029255 993740338 947212271 783619051 669648697 894657329 947299207 831679300 688572533 656032439 875619193 760508263 734782224 906567383 683694387 875976951 748237876 785821205 873742121 858349008 685231500 730494431 723985923 722781493 679345827 991506850 814168779 930418859 867604700 883708764 893090807 968421981 930079344 833860244 670462464 878879452 770432165 958491575 763354340 857813128 947860040 769757757 645262648 699716868 671501821 725650563 609783504 723014584 670334419 693403434 661540701 821387815 916739111 771287190 905217354 711772006 921222312 767995201 789256944 740913202 992575863 927272794 745942305 720651532 724206796 604984044 645291916 635087555 923058006 637625330 728439513 755525346 860839695 773217063 817638310 616992189 838246190 810578135 851241640 817727643 913924591 756457094 926967575 984198034 850965391 841016004 762597519 851931055 676867965 790837934 695148287 772600210 740460056 999862062 934256702 789064856 701808211 785638423 835851749 734754416 712255933 607205313 779915783 735477067 699955084 832030251 922151081 667804267 632423030 986833966 779000178 893248281 952278521 752558723 614139356 618086642 878636692 609850146 928209123 796239906 600290402 955630505 772574046 600493042 936000228 968304081 751593485 938983662 967522791 926550417 609182464 727035533 643256801 630427967 668301618 738193128 961607537 738014539 808085466 5 974746575 7 684519575 5 785421584 17 440721523 17 436334325 8 563017391 18 940806519 25 657286533 30 488830935 10 498957538 7 518099525 6 790663832 4 964795175 3 609641377 27 786670334 23 972155794 4 706706244 29 943049304 19 889650976 14 755310554 5 909100062 7 872264677 29 922229273 2 468321940 20 831008498 8 412173587 27 511962883 21 801105117 14 716303076 22 759546779 24 614754952 3 997482148 11 753469374 28 468612899 8 971331400 3 452450123 20 980563950 16 822143062 17 558674528 30 773312532 4 910695543 7 593851384 18 670123056 27 673898103 21 540653742 20 961197592 1 409439853 15 471886933 6 938262836 21 580221180 26 517037847 13 866531076 30 403282788 2 708070357 26 986924949 28 821324563 1 605258146 26 478441631 4 988830115 8 567453019 17 412922692 28 961854196 20 778028563 3 715924012 27 599014644 8 422388603 28 520707673 18 691047456 10 766687362 12 706051311 23 464197523 3 619079089 22 862653105 14 707071397 17 925721487 1 768249936 14 621416860 27 735092495 4 980284511 11 843562777 5 818318016 9 758796015 13 900224438 4 915238063 25 743025823 24 497657661 22 983468338 15 468365481 13 465556221 2 768536143 2 583658737 1 452298642 4 588076532 13 815057141 5 546063180 15 482127265 2 570150557 19 647719402 11 703725556 21 865102905 23 650127509 4 471327094 15 745672282 8 408593299 24 983248656 16 739361464 25 573982877 24 838255407 12 635926654 11 665460452 22 497014007 16 718881298 25 721022973 16 524420848 10 872000043 28 476272925 12 958705401 19 885951583 26 598537956 7 630390511 4 797104277 1 558403334 4 924133783 6 749882046 15 448773924 30 544791245 14 677864433 16 807522868 19 770491813 29 622838214 7 923905968 12 796385531 14 999000764 2 533568063 1 877591920 27 506709028 30 413627893 29 577941802 17 664622841 4 633381547 25 717288217 28 546738259 13 616969920 19 453377551 20 468612696 19 479106134 13 640138082 27 619106192 12 771704747 1 719251287 12 668983431 20 700423677 4 686148933 6 444967364 18 695391483 21 568323648 22 457264259 23 504279752 17 948738968 18 888697448 2 579963203 18 814637422 18 764470103 8 642655797 29 993211308 18 497434567 6 846629710 24 839046066 22 958989821 3 835970149 17 496566473 19 636066920 19 684453099 17 843551649 9 780629409 26 836550012 17 442564164 24 833372315 1 439055823 20 495180401 24 975583187 24 472900003 27 548518048 1 795986278 23 663269406 11 838985633 23 493579408 22 589663305 13 426824537 23 626959786 22 964039933 19 852301589 20 643174358 22 983555315 28 549345046 23 977181258 15 987869507 16 491285329 25 577862751 12 774332964 28 637114174 12 525266216 6 869128386 3 616041111 6 478061364 2 748134411 14 475230786 19 426528902 28 657287333 11 683767128 17 858178311 15 512840122 24 767299864 25 771029753 21 798299059 22 461537915 15 967482760 9 429673532 19 449667379 29 894637749 27 845810124 27 906412421 19 475118035 9 470001695 19 808328782 21 581049711 3 771800204 14 933884698 20 774537366 8 802500000 14 690984716 16 459489746 30 977041437 5 668643605 13 445878112 22 900636414 30 984285155 18 882834733 8 528628000 14 607909706 2 753739770 6 842948267 1 413042054 15 924707504 21 753339229 10 854045903 18 518598440 26 965742935 22 712042383 11 619579971 22 518062049 8 477665113 21 441073124 23 738651020 26 785828744 30 980909986 18 535729439 3 899538965 15 480856309 13 522295991 26 702386832 30 812114832 8 601365957 4 644438008 26 502829235 8 427339848 22 955460382 2 907043404 18 543508802 11 864914485 3 672709003 4 486127148 9 600726615 29 561840873 7 971965734 26 765177744 28 633467436 20 893579029 13 444623106 29 564096787 12 473259765 9 854844559 8 905210674 29 596785931 21 814251471 16 647171184 5 493439709 20 606503699 23 816556948 28 542299267 19 869627516 5 829818602 3 551956088 26 744796339 1 403809921 29 832074565 22 917101569 10 958402891 6 530536805 7 447197376 26 768932500 19 528979214 23 894782983 30 790408566 24 693308087 12 419665687 21 671521563 19 835414535 25 586694330 5 802404066 6 918032980 27 831181611 11 896597319 24 599680594 28 835879285 24 713571365 10 717872668 6 555228157 30 784865356 19 565369778 17 883995118 6 893329306 21 636806689 28 874323178 11 846242434 14 853804077 2 876265864 4 608081613 2 689870571 29 507131993 12 923911474 11 872926483 7 597719674 29 722006355 28 926162284 6 525887828 13 479262993 26 904076316 29 425727753 30 988073004 26 505149772 9 789239491 28 527608563 30 548281614 7 540610129 9 419164936 26 699300012 3 620553253 25 574164649 16 800995890 27 790466869 1 603494704 12 864410984 8 537334838 26 935192846 25 806414053 28 669273289 17 995920668 3 908432621 5 953498487 14 832020317 23 887007821 20 539612799 16 540576480 15 457275155 29 950698931 24 778244316 16 501068034 29 847670665 20 880609509 9 567130473 24 747316945 3 597796355 6 821373690 9 613585230 26 600584207 26 927678959 2 628971814 17 582807563 10 676099636 12 568430565 10 767202651 24 547470562 3 798911100 27 758491259 4 584778634 4 657860312 12 939479242 30 627558846 16 736338242 11 567829591 5 842162627 28 811672247 2 924633374 3 631715402 24 473669764 6 611359845 4 613915659 7 798931482 26 995273412 26 902394744 2 448138555 22 905189507 19 481303425 3 458847838 24 769398709 3 818179037 20 584719051 30 573093706 8 997879163 9 560453815 21 799442962 3 455588644 11 873746485 17 678931423 13 786507827 10 595042325 27 629027105 5 516707891 12 491978773 30 545912274 15 428588514 11 613749406 29 692856154 20 705158022 27 857174968 6 927769293 15 555106432 18 471248907 8 542611840 3 588549585 9 756090284 17 641046729 16 440899933 1 885350796 15 439471064 19 809123598 9 824782076 15 524702947 2 713644497 5 690906388 22 690056961 24 714405957 4 732892081 2 663645069 22 952625225 21 554738722 8 685907068 24 899441314 23 471400244 21 753998778 2 735038248 20 908978715 10 659483730 19 698110857 9 487117527 14 675950400 10 417117828 1 647752605 23 482377841 27 764390038 5 787182248 14 616038724 12 869264379 20 633502481 22 446065127 2 964910341 13 570111850 27 864706906 1 819644183 27 598474260 19 999197614 29 990405572 28 422693547 21 500777620 19 504523924 20 487308609 13 697670305 29 570165177 18 475914658 11 762534225 18 598688943 8 545626235 26 924671743 11 932099125 27 964068524 2 431944249 26 506289981 28 445559744 10 647457798 7 442598909 18 537224072 7 430638060 20 544923834 25 942971396 17 603641775 20 850538654 29 591148827 19 436857762 11 850213949 25 445657701 28 679351893 22 878223675 29 926817023 12 429469326 15 458196692 4 508668771 18 995395558 28 416834244 13 939683975 11 704874181 11 739700873 16 741696037 24 715410561 2 669979066 9 741897241 9 642686579 6 475386388 7 421233461 23 896800504 18 727377690 1 528891546 13 575301016 30 748085770 15 603424035 7 847618468 2 619132854 12 821055400 27 817632674 30 856548035 22 858480077 28 660359069 27 421952722 26 872252346 8 904524535 22 593005707 26 811039660 2 456787197 2 601073130 18 582105014 10 686583250 12 436227598 5 403881725 23 864621502 25 961890824 21 891369820 7 546676112 19 495003117 28 838819122 7 574627863 2 653324952 8 772219135 18 737835341 17 434822927 19 484809038 19 610295903 9 875793583 3 626157686 2 649246322 9 773798650 12 963490174 25 832721349 28 597541672 28 664685195 12 742536319 25 779777461 29 953669152 24 535413673 19 429029994 23 558841736 21 528590997 26 536612374 27 538648754 27 491606242 17 843594725 4 579745980 19 474711636 9 619045270 7 655104609 17 784619933 10 752897983 20 460820651 4 713086013 8 743516162 12 462441586 28 751347565 28 479405186 25 423128205 16 934283214 4 798158090 29 451358643 19 834468210 11 598801341 14 490293457 2 775953562 26 668273056 11 683640685 3 476166823 8 741141681 17 440104491 13 762179654 13 487399191 7 508218266 14 658735175 4 999199332 18 989331425 13 750796400 20 403178431 24 734069869 16 978453897 20 668089328 13 460899708 9 820305853 25 788532285 17 978932166 18 501197762 10 712203043 1 724606547 25 405601885 30 742423433 30 592382279 4 770435024 9 435563987 23 666035886 19 402410087 27 849919795 16 768486046 20 894696098 12 555118534 4 581061284 23 418059904 10 644061637 2 680114030 21 997861808 2 794384800 6 605958571 17 732039145 28 784322194 27 896086386 9 641911402 11 532691542 26 634592083 20 523203449 12 483762198 21 598217733 28 614983977 10 811616280 10 818019532 22 464498814 10 578118404 22 501734575 26 800541289 27 599452935 6 948714543 22 962629348 25 568995129 6 400070401 3 842118432 30 996350696 27 673188841 10 586612264 22 506856670 29 926973592 15 502433197 4 492144512 3 588186846 23 890319806 6 888496196 9 434667997 18 868184099 9 787669904 13 489506676 24 735786441 25 869898375 19 888806893 10 845085031 10 961595682 9 475187837 21 582897660 14 461078554 24 496989484 6 835416289 28 659174505 27 826137805 29 429104877 10 530248859 6 602827244 29 786661852 5 680364745 1 885027230 16 681000339 13 428849570 14 601244938 15 478655702 20 510991655 19 731267236 13 893383156 10 616218556 2 808850266 24 786622133 9 987223142 8 658790315 21 419950503 15 560730952 30 961977383 6 666596315 25 977791796 14 543601080 29 976912456 25 819235151 23 926656765 28 687081457 22 781199093 21 662368964 28 453377927 8 509237132 18 770637072 21 998670019 27 451854122 15 737222807 30 568634886 17 458854174 28 687656431 23 569841348 26 904234877 3 546632562 20 436971489 28 424669233 13 750704659 3 666932877 10 464049846 22 618188118 1 520963022 21 970353483 20 699721073 11 474138523 13 872329177 1 419266202 25 601175311 16 787611987 30 963396964 21 839900960 23 542640584 1 426892818 10 523662412 11 609436493 30 812784216 9 721008928 11 772532468 15 501267372 7 784870179 12 628894648 10 682987454 25 708590906 12 609065465 19 729887541 22 569064817 18 465962975 24 682102519 28 439764877 12 449340722 28 942705439 3 989570057 8 503422831 5 411881910 18 655986545 5 412442008 24 626968643 24 796125265 11 829633461 17 604388702 19 674471206 22 744181648 11 677355977 21 755022835 6 990835991 14 992115953 22 556883674 21 664723343 11 988872912 30 408736167 6 946701048 6 824710608 29 869843081 11 675583088 25 478888233 17 944255322 8 798354474 14 558672878 22 434319678 12 792324512 3 696793632 16 836134921 28 587849158 29 447385683 28 857372808 19 879564451 11 589805746 2 513235903 18 535053760 17 619896679 20 904042262 10 520837473 2 906015556 11 749775357 1 639151156 30 621149387 5 758306875 6 871710710 7 562068441 13 406726759 10 936199903 16 472270065 13 524746678 18 760903634 6 600438429 26 533729200 19 616529820 4 496942774 24 477398056 5 621687146 1 561737070 7 471116699 9 593820766 17 603571610 30 738827740 8 981562119 14 537463333 10 580832950 7 964611438 3 458143927 3 677760456 3 763318601 14 965787441 24 528114125 17 695384738 3 564657702 7 912724144 7 462794646 1 827922107 26 776137704 18 474219187 11 885251093 14 922427246 23 708901989 24 693670954 17 990785133 13 605794748 23 816136414 11 572698675 11 737018793 15 852100937 2 463529362 25 540508527 9 528057864 23 921721868 25 890596196 26 489087617 3 896804517 16 988199539 21 548209388 8 739241791 28 630349495 15 545310496 8 815499447 15 542697234 7 461743631 9 937572865 12 683012115 23 460285610 18 402210794 5 832263737 28 463786217 26 784582960 13 779260015 19 912923462 27 820825762 2 480325196 9 808047895 22 923276208 15 543945906 18 810483550 20 644043260 14 922695417 21 810040493 12 665170976 16 592779008 19 894200189 4 574056855 25 853922552 20 647246920 18 411270903 24 516346276 19 638393866 29 663781983 22 548939829 19 511324465 5 721932458 27 763743530 6 561367845 22 460145725 23 451216698 4 650742380 13 402951014 16 793956549 21 531344555 4 626415259 23 658743795 4 810395762 25 942357352 28 971465221 28 672132720 16 977040349 11 577396191 21 618370506 25 457157055 8 468726176 26 797336838 19 885620012 10 950085798 6 932330102 20 977947370 16 714968762 16 505459485 4 413053997 24 710282590 4 729285898 4 415479761 10 604699684 6 617438394 18 638804007 1 674499512 21 528614952 25 629379040 1 707680855 18 572906882 10 810616412 7 809305826 1 616723914 14 449398345 12 846165251 6 503294700 14 433701872 18 583757125 2 430202144 26 850072444 16 797514744 11 693678352 1 424991322 25 888331207 12 594387601 10 418374703 27 818837234 3 912473399 1 408882059 18 408928257 26 597970005 6 521221924 25 865877256 29 565146773 18 850168054 2 989962031 28 833044252 14 656047887 8 591872799 25 820795679 16 591313766 9 463940712 4 518297499 24 810033763 24 898838437 24 604878608 21 886729933 25 587419378 27 764710613 6 426495285 26 811608097 5 749463962 15 432079280 12 475337076 25 650645692 29 633718531 12 467555614 17 945451724 27 530909799 21 690580371 29 638215215 2 754227471 14 533869705 18 875849295 24 859292744 16 788612800 20 813795143 29 931774999 23 402670731 2 508829589 29 992927127 13 420852087 29 922681159 20
0 0 2 0 0 0 1 0 0 0 0 3 3 1 2 0 0 6 0 0 0 0 0 0 0 0 2 0 0 0 0 7 0 0 6 0 0 0 0 0 0 0 0 5 0 0 0 2 5 0 5 1 0 0 4 0 1 0 0 0 0 0 6 0 0 4 0 0 1 0 0 0 0 2 5 0 6 0 7 1 7 0 0 0 0 2 0 0 4 3 3 0 0 0 0 0 5 0 0 0 3 0 0 0 4 7 0 0 0 0 0 0 2 0 3 0 0 0 0 0 0 6 3 0 1 0 0 0 3 0 5 0 0 0 0 0 0 0 0 0 4 0 0 5 0 0 7 0 0 0 3 0 2 0 0 7 0 0 0 0 4 0 0 0 0 0 0 1 0 0 4 0 0 0 0 0 0 0 0 0 0 6 0 0 1 2 7 0 0 0 7 4 0 0 0 0 3 0 0 0 0 0 0 0 0 0 0 4 1 2 6 0 7 0 0 0 7 0 7 0 0 0 7 0 0 0 5 2 0 0 0 7 0 0 0 0 0 0 0 0 0 0 0 0 1 0 0 6 0 0 0 0 6 0 0 7 0 0 0 2 0 0 0 0 1 0 2 0 7 2 7 0 0 3 0 0 0 0 5 0 0 0 0 7 0 0 4 0 0 0 0 0 3 0 1 0 0 0 0 0 0 0 0 7 0 0 0 0 0 0 7 0 0 5 0 0 4 1 0 1 0 4 0 0 3 0 0 0 0 4 7 0 6 0 0 3 0 0 0 0 6 0 0 0 0 3 0 0 0 2 3 5 0 0 3 0 0 3 5 0 0 5 0 0 6 0 0 2 0 5 0 0 7 0 0 0 7 3 0 0 0 0 0 0 0 0 0 5 1 3 0 2 0 0 0 0 5 0 4 0 1 5 6 0 0 0 3 0 0 0 4 0 0 0 0 0 0 0 0 0 7 2 0 3 1 0 0 0 1 6 0 0 0 0 5 0 7 0 0 0 0 0 0 0 0 0 0 0 0 0 0 0 0 0 0 0 3 0 7 0 0 0 5 3 0 0 2 0 0 0 4 6 0 3 0 0 5 0 0 1 0 6 0 0 0 6 0 0 0 0 0 0 0 0 0 0 0 0 0 0 4 0 0 3 0 3 3 0 0 0 0 0 0 0 2 0 0 0 0 5 0 0 5 0 0 0 4 4 2 4 3 1 0 0 0 0 0 0 4 0 0 0 0 0 0 1 7 0 0 0 0 0 2 0 0 0 1 0 0 0 0 0 0 0 0 0 0 0 0 0 0 0 0 0 0 0 7 0 5 0 3 5 1 1 0 0 0 4 0 0 1 0 0 0 0 2 0 5 0 4 4 2 0 0 4 0 0 0 3 0 0 0 0 7 0 0 0 5 5 5 0 0 2 0 0 0 5 0 0 7 0 0 0 1 0 0 0 0 0 0 0 0 5 7 0 0 0 0 7 0 0 6 0 0 0 6 4 0 0 0 0 0 0 0 0 0 0 0 0 6 0 0 0 6 0 0 0 2 1 0 3 0 0 0 2 0 0 0 0 0 0 0 3 0 0 0 0 0 1 0 0 0 0 0 1 4 0 0 0 1 2 0 0 0 0 0 1 0 0 0 1 0 1 7 0 0 0 0 0 0 0 0 0 0 0 7 0 0 0 0 3 5 4 3 0 4 0 0 0 0 0 1 0 0 0 0 2 6 0 7 0 0 4 0 0 0 0 0 0 0 7 1 0 0 3 2 4 0 0 0 3 0 0 5 0 0 0 0 0 0 0 0 3 0 0 0 0 7 0 6 0 1 0 0 0 0 0 0 0 1 0 0 0 0 0 0 7 5 4 3 0 0 3 0 5 0 6 4 0 4 0 0 3 0 6 0 0 0 5 7 0 2 0 0 0 4 6 0 3 0 0 1 0 0 6 1 0 0 6 0 0 3 2 7 0 0 6 0 3 4 0 0 0 0 0 0 0 0 0 2 0 0 1 0 0 0 0 1 0 0 2 0 5 0 0 0 0 0 0 0 1 6 0 4 0 2 6 7 5 3 0 7 7 0 0 6 0 0 0 0 0 0 0 0 0 0 0 0 0 0 0 0 0 0 0 0 0 1 4 0 0 0 2 5 0 0 4 7 0 0 0 0 4 4 7 0 0 6 0 2 6 0 0 0 0 0 0 0 0 0 7 0 0 0 0 0 0 0 0 2 3 0 0 0 5 4 0 0 1 0 0 6 5 0 0 0 0 0 2 0 6 0 0 7 0 6 0 6 0 0 0 5 0 0 0 6 0 0 0 0 0 0 0 0 0 0 0 1 0 7 0 0 0 0 0 0 1 0 5 2 0 4 0 0 0 0 0 0 0 0 6 0 5 0 0 0 7 5 0 6 0 6 0 0 0 0 0 0 0 0 3 5 0 0 6 0 0 0 0 3 0 0 5 2 0 0 0 0 4 0 0 6 0 0 0 5 5 3 1 0 0 4 0 0 3 5 0 0 1 0 0 0 0 0 0 0 0 0 4 0 4 0 0 3 0 4 0 0 0 0 3 0 4 5 0 5 0 3 0 0 0 0 0 3 2 7 0 2 0 0 0 0 0 0 4 0 0 0 0 6 0 0 0 7 1 0 0 1 0 0 0 6 0 6 0 0 0 6 0 2 0 0 0 2 0 0 0 5 2 5 0 0 0 6 2 0 0 3 0 0 0 0 0 0 0 0 6 0 0 0 0 0 0 0 0 0 5 0 0 0 4 0 0 6 1 0 0 7 2 0 0 0 3 0 6 0 0 5 2 2 0 0 0 0 0 0 3 0 0 6 2 0 0 0 0 1 5 0 4 1 0 0 5 0 0 0 0 0 0 4 3 0 3 0 0 0 3 3 0 0 7 0 0 0 0 7 5 0 3 4 0 1 0 2 0 0 0 0 0 0 0 7 0 3 2 0 0 0 0 0 2 0 0 0 0 0 0 0 0 0 1 0 4 3 0 0 0 1 0 0 0 0 4 0 6 1 0 0 6 0 0 0 0 0 2 0 3 0 7 4 0 2 0 0 0 6 0 0 0 0 0 0 1 0 7 0 0 0 0 0 0 0 0 0 0 7 0 1 0 7 3 0 0 0 0 0 0 0 2 7 4 0 0 6 6 2 0 0 0 0 0 0 0 0 0 5 0 0 4 0 0 0 0 0 0 0 0 0 0 0 0 0 0 3 0 5 2 0 6 0 0 7 2 0 0 6 0 0 0 0 7 0 0 0 6 0 5 0 2 0 0 0 0 0 0 2 0 0 1 0 0 0 0 0 0 7 0 0 0 0 0 6 0 0 0 0 0 0 0 5 0 4 6 0 0 0 0 0 0 0 0 0 0 0 0 0 4 2 3 0 0 0 0 0 0 0 5 0 0 0 0 1 6 0 0 0 0 0 0 3 6 0 0 0 0 0 5 0 0 0 0 2 1 0 0 0 0 0 0 0 0 1 0 0 1 0 0 0 3 0 0 0 0 0 2 3 0 3 6 0 4 0 1 2 0 0 0 0 0 7 0 1 0 0 0 5 0 0 0 2 5 0 0 0 3 4 0 0 2 0 0 0 0 0 0 0 0 0 6 0 6 3 0 0 0 0 6 0 1 0 7 0 5 0 5 0 0 2 1 0 3 0 0 4 0 0 0 0 0 0 0 0 0 0 0 3 0 0 0 0 0 6 0 0 2 0 0 0 0 0 0 7 0 0 0 0 1 0 0 0 6 4 0 0 0 0 0 0 0 4 0 0 0 0 5 0 0 0 0 0 0 0 0 4 0 0 5 0 0 0 0 0 0 4 0 0 0 0 0 6 0 5 5 0 3 2 7 4 2 0 0 3 0 0 0 3 0 0 0 0 0 0 0 3 3 6 0 0 0 0 0 0 0 0 0 0 0 4 0 0 2 0 0 0 0 0 0 4 0 0 0 2 0 0 6 0 0 0 0 0 0 0 6 0 4 0 0 3 6 0 0 3 0 0 0 0 0 0 0 0 0 0 0 5 0 7 0 0 0 7 0 0 5 0 0 2 5 0 7 3 0 0 0 0 0 0 0 0 3 0 1 7 0 0 0 0 0 0 7 2 0 0 0 0 0 2 0 0 0 3 5 0 0 0 0 0 7 7 4 0 0 0 6 4 0 0 4 4 5 7 2 0 0 6 0 0 0 0 0 4 0 0 0 0 0 0 3 0 7 4 3 0 4 0 0 5 0 6 2 3 0 2 0 0 0 0 2 0 0 3 2 0 0 2 0 6 0 2 0 0 0 0 0 0 0 0 0 0 0 0 0 0 0 0 2 2 0 0 2 0 0 0 0 0 0 0 0 0 5 0 0 5 3 2 0 0 0 0 0 7 0 0 4 0 0 5 0 0 0 0 5 0 0 7 0 0 0 7 0 0 0 0 0 0 0 0 0 1 0 0 0 5 0 0 6 0 0 0 0 0 0 0 4 0 0 1 0 3 5 0 2 0 0 4 0 0 0 0 0 0 0 0 0 1 0 0 2 0 0 0 0 0 0 0 3 0 0 0 0 5 4 0 0 3 0 6 0 2 0 0 0 0 0 0 0 0 4 0 0 0 5 1 5 0 0 0 0 1 7 7 0 7 5 0 7 3 0 0 0 0 0 0 0 0 0 5 0 0 0 3 0 2 0 5 0 0 0 0 1 0 0 0 4 0 0 0 6 0 0 0 0 0 0 0 0 0 0 0 0 3 1 0 0 0 0 0 2 0 5 7 0 0 0 5 1 0 0 0 0 6 0 1 0 0 5 0 3 0 6 5 5 0 5 0 0 0 0 0 5 0 0 0 0 0 6 0 0 0 0 0 2 0 0 0 4 7 0 7 0 0 2 0 5 6 0 1 0 3 0 2 0 0 0 0 6 0 0 0 3 1 1 0 0 0 0 0 0 0 0 0 1 4 0 0 0 0 0 4 3 7 6 0 0 0 0 6 3 0 0 0 0 6 0 0 0 0 0 7 0 4 0 4 0 0 0 0 4 2 3 0 0 0 0 0 1 0 2 0 0 0 0 0 5 0 0 0 0 2 6 0 0 0 2 6 0 0 3 0 0 0 3 0 0 3 0 0 0 2 2 0 2 0 0 0 0 0 0 0 0 0 0 1 4 3 0 0 3 0 0 0 0 7 5 4 4 0 3 4 0 0 4 0 0 4 0 0 0 7 0 0 0 0 3 0 0 0 5 0 5 0 0 0 7 3 0 0 7 3 0 0 6 6 0 0 0 0 0 1 0 6 0 0 0 0 0 1 0 0 3 6 0 0 0 5 0 0 0 0 0 7 0 2 0 6 0 0 0 0 0 0 0 0 0 0 0 0 0 0 0 0 5 0 0 3 0 2 0 7 0 0 0 0 5 0 0 0 6 0 0 3 0 0 0 0 6 3 0 0 0 0 7 0 0 0 0 0 0 2 6 0 6 0 0 0 2 6 0 0 0 0 0 0 0 6 0 3 0 5 0 0 0 5 0 3 0 0 7 0 3 0 3 1 0 0 0 0 0 3 0 1 0 0 1 0 0 0 3 0 0 0 0 0 4 0 0 4 0 0 0 0 2 4 0 0 0 0 0 7 0 0 0 0 0 7 1 0 0 4 0 0 0 0 0 3 0 0 0 0 0 0 0 1 0 0 0 0 3 0 4 3 0 5 0 0 0 0 0 3 7 0 0 7 4 0 5 0 4 4 2 0 0 0 0 7 5 0 0 4 4 0 0 0 1 0 0 0 1 0 0 0 3 0 0 0 0 0 0 0 0 0 0 0 5 6 3 0 2 0 3 0 0 0 0 0 0 0 0 0 3 0 1 0 0 0 0 0 1 0 5 0 0 0 0 0 2 0 0 0 0 2 0 2 0 6 6 6 7 0 7 0 0 0 0 0 0 2 0 0 0 0 5 0 0 0 5 0 0 0 0 0 0 3 0 0 2 7 0 7 0 5 0 0 0 0 0 0 5 0 1 5 0 5 0 0 0 0 0 7 0 0 0 1 0 0 0 0 0 0 0 0 3 0 2 0 2 0 0 0 0 3 4 0 7 0 0 0 0 0 5 3 7 6 2 0 0 2 0 0 0 0 5 0 0 0 4 0 0 3 0 0 0 0 0 0 4 4 0 3 0 0 6 0 0 0 7 0 6 2 0 0 0 0 6 0 0 0 0 3 3 0 0 3 1 3 0 0 3 0 7 0 0 0 0 0 0 0 0 1 0 0 7 0 0 0 0 3 6 0 5 0 0 0 3 3 0 0 0 0 2 3 3 0 0 6 0 0 0 0 7 0 4 5 0 3 0 0 0 0 0 7 3 0 0 0 1 0 0 7 0 3 0 7 0 0 0 0 0 6 0 2 0 5 0 0 0 2 0 0 0 0 5 0 1 0 1 2 0 0 0 0 2 0 6 0 1 3 7 0 0 0 3 3 7 0 0 4 0 0 1 0 7 0 0 4 5 3 7 0 6 0 0 5 1 0 6 3 0 0 0 6 0 0 4 4 0 1 4 0 0 0 0 2 0 0 0 0 1 0 0 0 5 0 5 0 1 4 6 0 0 0 0 0 0 0 0 0 7 7 0 0 0 0 0 0 0 0 2 0 0 0 0 0 0 6 0 0 0 0 0 0 0 0 0 3 0 6 0 6 0 1 0 6 6 0 2 0 0 0 0 0 0 0 0 5 0 0 0 0 5 0 6 0 0 0 0 0 0 0 6 0 0 0 0 0 0 4 6 1 0 0 0 0 4 0 4 0 0 0 0 0 0 0 0 0 3 0 7 0 0 0 0 2 0 7 4 0 0 0 0 0 0 0 0 0 0 6 0 0 0 0 0 0 0 0 0 7 0 0 0 0 6 7 0 0 0 3 0 0 4 2 0 0 0 4 1 3 0 2 0 0 0 0 0 0 0 0 2 0 5 0 0 0 0 0 6 1 3 5 0 0 4 0 0 0 0 0 0 0 0 0 7 0 0 0 0 0 1 6 0 0 0 0 2 0 7 0 0 0 0 0 4 3 0 0 0 0 0 6 0 0 0 0 0 0 0 0 0 0 7 0 0 0 0 0 0 0 0 3 0 0 2 0 0 0 0 3 0 4 0 0 5 1 0 0 0 0 0 0 0 0 0 0 0 5 0 6 0 5 0 0 6 0 0 0 5 0 5 0 0 0 0 0 0 0 0 2 0 0 3 2 0 0 0 0 0 5 0 0 0 0 7 0 0 0 0 0 0 0 2 0 0 0 5 0 3 0 0 0 0 3 0 0 0 2 6 0 0 0 0 0 0 4 0 0 0 6 0 0 0 0 0 0 0 0 0 7 3 0 0 0 0 7 0 0 0 0 0 0 0 1 0 0 5 2 0 6 0 0 0 0 2 0 6 0 4 0 4 3 0 0 0 0 0 2 0 0 0 0 6 0 0 0 0 0 0 5 0 0 0 4 6 4 0 0 0 1 1 3 0 0 0 0 0 0 0 4 6 6 6 1 2 1 0 0 0 0 0 0 7 0 3 6 0 0 0 0 0 7 0 0 0 0 0 0 0 0 0 0 0 6 0 3 0 6 0 0 0 7 0 5 0 0 6 0 0 0 3 0 6 0 0 0 0 0 0 3 0 0 0 2 0 0 0 0 0 0 6 3 7 5 0 0 0 0 0 0 0 4 2 0 0 0 0 0 0 2 0 0 1 0 0 4 0 0 4 0 5 0 0 0 0 0 0 0 0 0 0 0 0 0 0 0 3 0 0 3 0 0 0 0 0 0 0 0 1 0 0 3 0 0 5 0 0 3 0 0 3 0 0 0 7 0 0 0 0 3 2 7 0 0 0 5 0 0 0 0 0 7 0 0 0 0 5 7 0 0 0 1 6 0 0 0 0 0 0 0 7 7 0 3 0 3 4 3 0 0 0 3 0 0 0 1 0 3 0 0 7 0 0 0 0 0 0 0 0 0 0 0 0 0 0 0 0 0 0 0 3 5 0 1 5 0 2 0 0 6 4 1 7 0 0 6 0 3 0 0 6 4 0 1 4 2 0 0 0 0 4 7 0 0 0 7 0 0 0 3 6 0 0 5 0 0 0 0 4 0 0 6 1 6 6 0 6 7 0 0 7 2 0 0 0 0 0 0 0 0 0 0 0 0 0 0 0 0 0 7 1 1 3 0 0 0 7 0 0 7 0 0 6 0 4 0 0 1 0 0 0 0 0 0 0 7 3 0 0 3 0 0 0 0 0 0 0 0 0 0 0 0 1 3 0 0 5 1 1 0 0 0 0 0 0 4 6 6 5 0 0 7 0 0 0 1 6 0 5 0 0 0 0 0 1 0 0 0 0 1 0 3 0 7 5 1 0 3 1 0 0 0 6 7 1 0 0 0 0 0 0 0 0 0 0 7 0 0 0 0 0 0 6 0 0 0 0 0 4 0 7 0 0 6 0 3 4 0 0 0 0 1 0 0 0 7 0 0 5 0 0 7 0 3 0 5 7 6 0 0 7 6 4 3 5 0 0 0 0 0 0 3 0 0 0 0 7 0 0 0 0 0 2 0 0 0 0 4 4 0 7 0 5 0 0 0 0 0 5 1 0 1 3 0 0 0 3 5 0 0 0 0 0 0 5 0 7 0 0 0 0 6 0 0 0 0 0 0 3 0 0 0 2 6 0 0 0 0 0 0 0 3 0 0 0 4 0 0 0 0 0 7 0 5 0 3 0 0 0 6 0 3 0 0 0 0 4 0 7 0 0 6 0 0 7 1 0 6 0 0 0 0 0 3 7 0 0 0 0 0 7 2 3 2 0 3 0 0 0 0 0 0 2 6 5 4 6 0 0 0 0 0 0 4 0 0 0 0 0 1 0 2 0 0 0 0 5 0 0 0 6 0 0 0 0 0 0 0 0 0 0 0 0 6 7 0 6 0 0 0 1 0 1 0 0 0 0 0 0 0 1 0 0 2 0 0 3 4 7 0 0 0 0 0 0 0 4 0 0 6 0 0 0 0 1 0 0 0 4 0 0 7 1 7 2 0 0 0 1 0 1 0 4 0 6 0 1 3 0 0 7 2 0 1 4 3 0 2 0 0 1 0 0 0 0 0 0 3 0 1 2 1 0 0 6 0 4 1 0 2 5 6 0 0 2 4 0 0 2 0 4 0 2 0 0 0 0 0 0 7 1 6 0 0 0 0 1 3 3 0 0 6 0 0 2 0 0 0 0 0 7 0 0 0 0 0 0 0 0 0 0 0 0 0 0 0 0 0 0 0 4 0 3 0 0 3 0 2 0 0 6 2 7 0 0 0 0 0 3 0 7 3 5 0 0 0 0 0 0 0 1 0 0 0 0 0 1 1 1 5 0 0 0 0 0 0 0 0 0 0 0 0 3 0 0 0 4 0 0 4 0 0 0 0 2 0 0 0 0 1 0 0 0 0 0 0 0 0 0 2 0 0 0 0 4 0 0 0 0 0 0 0 0 2 0 0 0 0 5 0 0 0 0 0 0 4 4 1 0 0 5 0 0 5 3 0 0 0 4 6 0 0 0 0 0 6 1 0 4 0 0 0 0 0 0 0 6 5 0 0 0 2 0 0 4 0 0 6 7 0 0 7 3 0 0 0 4 0 0 4 0 0 0 6 0 3 0 0 0 0 0 0 0 0 0 0 4 0 3 0 0 5 0 3 5 0 0 0 7 0 0 5 0 1 0 0 0 0 6 0 4 0 0 0 0 0 0 2 0 0 1 0 0 0 0 0 0 0 5 2 0 0 1 0 0 0 6 3 0 0 3 3 0 0 0 7 0 0 2 3 0 0 4 0 0 0 5 4 0 0 0 0 0 0 0 5 3 0 1 0 0 0 0 0 0 0 0 2 0 0 2 0 2 0 0 0 0 0 0 0 0 2 3 2 0 0 0 0 6 0 0 0 3 0 0 0 0 0 0 0 0 0 7 0 0 0 0 6 0 0 7 0 0 0 6 0 0 0 7 0 0 3 4 0 0 0 0 0 0 1 0 0 0 0 0 0 0 0 0 0 0 4 0 6 0 0 0 0 0 5 0 0 3 0 0 0 0 0 0 0 0 0 0 1 6 0 0 0 0 3 0 0 0 0 1 0 0 4 5 0 2 0 0 6 0 2 0 3 0 0 0 5 0 0 0 0 0 0 1 0 0 0 0 0 0 0 6 0 0 7 4 1 0 0 0 0 0 0 0 6 0 0 0 0 0 0 2 0 0 0 0 0 0 0 0 0 1 0 0 0 0 3 0 6 0 7 0 0 0 2 0 0 0 2 0 0 0 0 0 0 0 2 0 0 0 0 4 1 0 0 0 3 0 0 0 0 0 0 7 0 6 0 0 0 6 0 0 4 1 5 0 0 1 0 0 0 0 3 5 0 0 0 0 6 0 4 6 1 5 6 0 6 2 2 5 0 0 3 0 0 0 0 0 0 0 0 0 0 0 0 0 0 0 0 0 0 0 0 3 1 0 0 5 0 0 6 1 0 0 0 0 0 0 0 0 0 0 0 0 6 4 0 0 0 0 0 4 0 0 0 0 0 1 5 6 1 0 0 0 0 5 0 2 0 0 0 0 5 0 0 2 0 0 0 2 5 3 0 0 0 2 0 0 0 7 0 0 0 6 0 4 0 0 6 0 0 0 7 0 1 0 0 0 0 7 0 0 0 0 0 0 5 0 5 0 0 0 0 0 0 0 2 0 3 4 4 0 0 0 0 6 0 0 7 0 6 0 0 0 0 7 0 0 0 1 0 0 2 0 0 4 0 0 6 0 0 0 0 0 0 0 1 0 0 0 1 0 0 0 0 0 0 0 4 0 0 3 5 0 0 0 0 0 4 0 0 6 0 7 0 4 0 0 5 6 0 0 7 2 0 0 0 0 0 2 0 0 5 0 0 0 5 0 0 0 3 0 7 0 0 0 0 0 0 0 0 0 6 0 0 0 0 0 6 6 0 0 6 0 0 0 0 0 0 6 0 0 2 0 6 1 0 7 0 0 0 3 0 0 0 0 0 0 4 6 0 1 0 0 0 0 0 7 0 0 0 0 0 5 0 0 0 0 5 0 5 0 0 0 0 0 0 0 0 0 0 2 0 0 0 0 0 0 0 0 0 2 2 0 4 0 2 0 1 1 2 0 0 7 0 0 0 0 0 6 0 0 0 0 0 5 0 0 0 0 0 0 0 4 5 0 0 5 0 0 0 4 0 0 6 0 0 0 3 0 0 4 0 5 0 0 0 0 0 0 0 0 1 1 0 2 3 0 0 0 0 7 0 0 0 0 0 0 0 0 0 0 0 2 0 4 5 0 0 5 2 0 0 0 6 6 4 0 5 0 0 0 5 1 0 1 3 0 0 6 0 0 0 0 4 5 3 0 5 0 5 0 0 2 0 0 2 0 0 0 0 5 0 0 0 4 0 0 0 0 0 0 7 0 0 5 7 2 0 0 0 4 0 0 4 1 0 0 0 0 4 4 0 7 0 0 0 0 0 4 4 0 1 0 5 7 0 0 0 0 0 7 5 0 0 0 0 0 0 0 0 4 4 0 0 0 0 0 0 0 6 0 0 0 0 0 0 0 0 0 0 0 0 0 6 3 3 0 0 0 0 4 0 0 1 0 0 0 0 0 0 1 0 0 0 2 2 2 0 0 0 0 0 7 0 0 0 0 0 0 0 0 0 0 0 0 0 0 0 7 7 0 0 0 0 0 0 0 2 0 0 0 0 1 0 0 0 0 0 6 0 0 0 0 0 0 0 6 0 0 0 0 0 0 0 4 0 0 6 0 0 4 0 7 5 0 0 0 0 0 0 3 0 0 7 0 0 4 0 0 1 0 0 0 4 0 1 0 4 0 0 1 0 0 0 2 1 0 4 0 0 0 6 1 0 4 0 0 0 1 0 7 0 0 0 0 0 0 2 1 0 6 0 0 0 0 1 0 0 6 0 1 0 0 0 0 0 0 0 0 0 0 0 0 4 0 0 0 0 7 0 0 0 0 2 4 0 0 0 0 2 0 0 0 0 7 0 0 0 0 5 2 0 0 0 0 2 5 0 0 6 0 0 0 0 0 0 0 0 0 5 0 0 5 2 0 0 0 0 0 0 0 0 1 0 0 0 0 0 0 2 5 1 0 0 0 0 0 7 0 0 0 3 0 0 7 0 0 4 0 0 6 0 0 0 0 0 0 1 0 0 0 5 0 0 1 0 0 0 2 0 0 7 0 0 5 4 0 0 5 6 4 4 0 0 0 0 0 0 0 3 2 5 0 5 0 0 0 0 0 0 3 0 0 0 0 0 0 0 0 6 0 0 0 3 7 7 3 3 0 1 0 0 3 0 0 0 0 0 0 0 0 1 0 7 6 0 2 0 0 0 0 3 0 0 4 0 4 0 0 0 0 6 0 0 0 0 0 0 0 0 1 2 0 0 0 0 1 0 0 4 0 0 6 7 0 0 0 0 4 0 3 0 0 0 0 0 0 0 0 3 0 5 4 6 0 0 1 1 0 0 4 0 2 1 0 0 0 2 2 1 0 7 0 0 7 0 0 0 4 0 0 7 0 0 0 0 0 4 0 0 7 0 0 0 1 0 0 1 0 0 3 0 2 2 0 0 0 1 0 4 0 0 0 4 0 0 0 4 4 0 0 0 0 0 5 0 0 0 1 0 0 0 0 0 0 0 0 7 0 0 0 0 0 2 0 7 0 6 0 2 0 0 0 0 0 0 2 5 0 0 0 0 0 1 0 0 0 4 0 6 6 6 0 0 2 0 1 0 0 0 0 0 0 6 7 0 0 7 0 1 0 0 7 0 1 0 0 0 0 0 3 0 0 0 0 0 6 0 1 0 0 0 5 5 0 0 0 1 0 0 0 0 0 5 0 6 6 0 0 0 0 0 0 0 3 0 0 1 0 0 0 0 4 0 0 7 0 0 0 7 0 0 0 0 0 0 0 2 0 0 0 0 0 0 0 0 0 0 0 0 0 0 0 0 0 0 0 0 0 0 0 0 2 5 0 0 0 1 7 5 0 0 5 0 0 0 5 0 0 7 0 0 4 0 0 0 0 0 0 0 0 0 4 0 0 0 2 0 0 0 0 2 3 0 3 2 7 0 0 2 0 0 0 0 0 3 0 5 2 0 0 2 0 7 0 0 3 7 0 0 0 0 6 0 2 0 0 0 5 0 6 0 0 0 0 5 0 0 0 0 0 0 0 0 0 0 0 0 0 0 7 0 0 0 0 3 0 3 0 0 3 0 1 7 0 0 0 0 0 0 0 0 7 2 6 0 0 6 0 4 3 0 0 0 0 0 0 7 4 0 7 4 7 0 0 0 0 0 4 0 6 1 0 7 2 0 0 0 0 5 0 0 0 0 6 2 0 0 0 0 1 0 0 7 0 0 0 0 0 3 0 0 0 0 0 0 0 0 0 0 0 0 1 1 0 0 0 0 4 0 1 0 7 2 7 0 0 5 0 0 0 1 0 0 0 0 0 0
198
661 912 479 516 305 159 504 270 441 413 105 339 4 640 26 924 177 939 119 358 751 588 848 361 552 566 631 235 298 505 245 330 10 1 3 1 5 962070411 974 332 843 716 541 931 533 559 201 796 472 191 382 33 88 531 794 710 112 349 163 717 318 380 312 343 114 906 27 610 51 325 85 294 401 962 786 23 964 822 809 822 268 259 93 744 278 290 159 461 910 491 305 818 127 214 868 824 268 997 411 402 435 943 774 387 253 799 784 902 808 676 34 596 37 623 774 778 722 63 820 712 136 64 72 571 430 183 498 187 92 960 780 198 721 905 648 307 566 148 216 680 761 449 924 909 947 873 383 831 874 636 194 54 520 804 176 727 482 8 360 490 545 802 79 197 124 713 275 847 989 936 289 950 296 189 359 554 383 987 851 751 352 456 146 455 701 920 762 486 3 104 984 372 860 971 899 511 813 601
1 2 0 0 0 0 0 0 0 0 0 0 0 2 0 2 0 0 0 0 0 3 1 0 0 0 0 0 0 0 0 1 0 0 2 0 3 4 0 0 0 0 0 0 0 0 0 0 3 2 0 1 0 0 0 0 0 0 3 0 0 0 0 0 0 0 0 0 0 0 1 0 3 0 3 2 0 3 0 1 1 0 0 3 0 0 0 0 0 0 0 0 0 0 0 0 0 0 0 0 0 0 0 0 0 1 2 0 0 0 0 0 0 0 0 0 0 0 0 0 0 0 3 0 2 0 0 0 0 0 0 0 0 0 0 0 0 0 2 0 0 0 0 2 0 0 0 3 0 0 0 2 0 3 0 0 0 0 0 0 0 0 3 0 0 0 0 0 0 0 0 0 0 0 0 0 0 0 0 0 0 0 0 0 0 0 0 0 3 0 0 0 0 0 1 0 3 0
5
2 4 1 7 3
0 0 0 0 0
30
1 2 3 4 5 6 7 8 9 10 11 12 13 14 15 16 17 18 19 20 21 22 23 24 25 26 27 28 29 30
0 1 1 2 2 3 3 4 4 5 5 6 6 7 7 8 8 9 9 10 10 11 11 12 12 13 13 14 14 15
59
630 724 835 859 805 69 813 520 297 310 385 99 684 989 91 876 275 109 586203360 956902538 942985174 878856493 667591653 814817141 787083586 970558261 966717319 707186333 720878690 588598920 842397948 583816336 726328755 599130518 844182378 722189010 508982896 720781064 556871399 671959271 901 950 17 824 172 335 19 36 121 89 124 421 94 445 264 813 378 213 758
1 0 3 0 0 3 0 0 0 0 0 0 1 0 1 3 0 0 0 0 0 0 0 0 0 0 0 0 1 0 0 0 0 0 0 0 26 2 0 0 2 0 0 0 0 3 0 0 0 3 0 0 0 0 0 0 1 0 1
171
368 716 401 556 537 816 37 919 496 320 989 442 946 740 454 399 732 489 985 564 483 31 155 11 69 257 758 251 14 89 63 557 829 97 422 384 572 674 873 861 971 473 41 195 829 381 882 708 433 187 480 207 602 362 37 748 947166580 592463801 859089363 897820166 978646708 533526369 775813293 961599708 683001098 765824236 664296005 955693571 825151320 911382207 692462259 848456277 670122847 841094232 916688045 771117714 847607795 740243220 604047015 526206831 638934970 962898745 542226796 832628301 822881879 998525890 856408241 903891016 883219063 891988225 716145786 935770564 831870943 561286296 503832202 587108453 655470691 883103677 946111522 644383336 789087886 954677436 813509870 593674192 934421730 594043983 737730753 918974842 503063203 948086390 788956242 551729749 955318371 980071082 474 334 841 112 325 744 342 650 156 389 668 485 716 448 971 692 565 71 950 999 733 203 548 58 837 763 423 101 50 545 984 885 21 387 953 890 292 387 241 591 559 544 788 774 227 531 89 577 594 659 2 682 849 849 367 716 137
0 0 0 1 1 0 0 0 0 0 11 2 0 0 3 1 0 0 0 0 0 0 2 0 2 0 0 0 0 0 3 0 0 1 0 0 0 0 0 0 0 0 0 2 0 0 0 0 3 0 3 3 0 0 0 0 2 0 0 2 1 0 0 0 0 0 0 0 2 1 0 0 0 0 0 0 3 0 0 0 1 0 0 0 2 0 0 1 0 0 0 0 0 0 0 0 0 0 0 0 0 0 0 0 0 2 0 0 0 0 0 0 0 0 0 3 0 0 0 0 0 0 0 0 0 0 1 0 0 47 0 0 0 0 0 0 0 0 3 0 0 0 0 0 0 0 2 0 0 0 2 0 0 0 0 0 0 0 0 0 0 0 0 1 2 0 0 0 0 0 0
80
401526848 21777995 476820438 982086940 930559515 490778024 931 921 150 104 781 281 256 486 214 402 484 613 14 246 453 341 304 23 662 766 211 544 898 879 642 42 132 315 837 865 563023649 828639493 33076201 990675985 495499582 969973720 109146071 850250836 706230770 790194472 140476551 782158528 604833860 592988333 39638786 862042144 348428474 255920790 531314771 600149120 848462941 762232256 704024466 864102604 470862727 827707010 121220871 292960022 149034661 312855536 642626434 735236180 649727208 200804281 63546978 345176318 988086097 550028023 950564572 318824147 209612964 358214969 395844311 596800751
0 1 3 3 1 2 2 1 3 1 2 1 0 2 3 16 2 1 3 3 0 0 2 2 3 2 1 1 1 2 2 3 3 1 3 3 1 0 3 0 3 0 3 1 0 3 2 1 3 0 1 1 1 3 1 1 0 3 0 2 3 2 3 3 0 0 3 3 0 0 3 1 3 1 3 1 1 3 0 0
6
5 2 6 1 4 3
0 2 0 3 1 4
15
3 8 2 7 1 9 4 6 5 10 2 8 3 7 1
0 1 2 3 4 5 6 7 8 9 10 10 10 10 10
26
8 9 10 9 6 10 786675816 852118636 504021045 849000292 946857661 893110125 757003126 545422402 633898038 833558873 801787781 955008816 881542864 946817576 3 9 8 7 9 9
0 2 0 3 1 0 0 0 1 0 2 0 0 0 0 0 0 1 0 0 4 0 0 2 3 0
84
854 766 210 787 971 221 316 997 653 887 121 184 285 684 106 989 998 706 534 724 495 648 334 280 324 123 127 588810815 783709592 807946444 554020759 530087779 664754907 535575110 676123306 614531163 863747576 877746823 581213658 545661116 821754918 801697831 908417119 994248298 559159020 716422476 977581905 645355117 536336619 550910390 852063121 911541992 719801570 799932782 826684244 820198947 72 752 111 722 705 446 30 826 864 627 411 210 274 984 399 71 948 250 609 622 893 121 960 3 689 674 397 971
0 1 0 0 0 0 0 0 0 0 2 0 2 3 0 0 17 0 0 0 0 0 0 0 0 0 0 0 0 1 0 3 0 1 0 0 0 0 0 0 0 0 1 0 0 0 0 0 0 0 0 0 0 3 0 0 3 0 3 0 0 0 0 3 0 0 0 0 0 0 0 2 0 27 0 0 3 0 0 0 0 0 0 0
20
1 1 1 1 1 50 50 50 50 50 1 1 1 1 1 50 50 50 50 50
0 0 0 0 3 0 0 0 0 0 0 0 0 0 3 0 0 0 0 0
193
881007661 466088977 485914689 563171171 762553354 831482834 657936042 312945534 328622004 918911248 414579186 692390430 857621602 174200276 96693634 76764623 712530125 613230924 814465156 552892033 282199473 796022858 983790696 198623752 469362768 705854918 15821665 36501148 564569838 87315800 729209062 768439642 703457110 472473534 952059441 245438144 466666835 686398812 867790531 3880757 236861240 672285367 697054942 305178495 555063897 40649465 850401802 618150730 925895056 612045937 341172624 667472808 100300729 787394832 559880962 891143052 106153526 473036012 333150385 120021070 88323947 370603712 775448117 214378538 145061699 921825386 326926058 356812480 897805737 501043052 469993581 977778582 504981264 283904877 817556258 531720337 424989932 748143285 997613745 201684096 509336631 525233332 34065541 142894481 787445741 992359547 320649292 359170010 281925008 246344513 754472058 944688081 969543588 596626143 392341701 253963988 253723188 788217429 220998314 43979683 110498635 690053699 863057383 375186657 276552572 165893488 398329087 832706454 342541915 968099143 848649657 449616815 808092418 553004629 970720161 400975485 356407437 126085325 105496198 997157170 141593758 203408132 870084346 801777511 639352794 71484405 755090646 649367961 293371497 237856701 354282419 197283751 511687290 501540384 102796145 845711702 470481085 273784067 565974708 913425613 286964455 922086639 678308194 835814169 153154097 617470357 86649126 934956202 781229018 768211013 790180336 32032212 42855840 469729397 414943347 209975120 89422411 202799680 510809254 552648888 98208291 249108708 359332420 86739214 133353844 854091075 561089356 751714613 15701777 266836579 415004801 920271479 489275598 763646958 576616426 169421053 201201157 864419507 274666323 560299610 691213842 699543331 482929867 925591041 392112343 762743764 590141220 742354378 395195705 251680770 36193911 819339889 830371745
1 0 2 0 3 0 4 0 5 0 6 0 7 0 8 0 9 0 10 0 11 0 12 0 13 0 14 0 15 0 16 0 17 0 18 0 19 0 20 0 21 0 22 0 23 0 24 0 25 0 26 0 27 0 28 0 29 0 30 0 31 0 32 0 33 0 34 0 35 0 36 0 37 0 38 0 39 0 40 0 41 0 42 0 43 0 44 0 45 0 46 0 47 0 48 0 49 0 50 0 51 0 52 0 53 0 54 0 55 0 56 0 57 0 58 0 59 0 60 0 61 0 62 0 63 0 64 0 65 0 66 0 67 0 68 0 69 0 70 0 71 0 72 0 73 0 74 0 75 0 76 0 77 0 78 0 79 0 80 0 81 0 82 0 83 0 84 0 85 0 86 0 87 0 88 0 89 0 90 0 91 0 92 0 93 0 94 0 95 0 96 0 97
113
654799887 653285686 165076293 477193287 613402393 707043484 59432600 826559808 406122419 769804022 190391859 179610184 127415274 396266208 398485547 817300501 897275003 954808520 241507975 968236657 857385305 855333748 687652294 938141369 227325483 960770171 381132632 50155615 490408651 513985735 140179488 549799272 834646472 865270553 159966457 580680942 246398693 278851205 792828205 165385119 843423640 722879217 199496959 748065852 622583180 160503707 49446947 457735707 927315743 258768784 103698497 163855270 714489828 183354422 468659061 480723162 819633443 185132483 57411282 182190537 579528788 235165635 159947994 254654232 370982312 724130710 637342216 95849089 344800384 71000815 183168838 556728659 142144499 814145622 491791479 879910125 721943373 205565863 547472110 217918278 162897034 50726033 844076021 719770984 197723871 124159256 856361288 257754608 29197618 696171028 669179799 13718928 670127773 586855856 322018567 439178126 337056495 533130219 731810738 281983554 710672170 558302490 740365858 385142684 628806150 892888164 459530202 715270043 191066221 63800901 714322893 922862295 946222589
1 0 2 0 3 0 4 0 5 0 6 0 7 0 8 0 9 0 10 0 11 0 12 0 13 0 14 0 15 0 16 0 17 0 18 0 19 0 20 0 21 0 22 0 23 0 24 0 25 0 26 0 27 0 28 0 29 0 30 0 31 0 32 0 33 0 34 0 35 0 36 0 37 0 38 0 39 0 40 0 41 0 42 0 43 0 44 0 45 0 46 0 47 0 48 0 49 0 50 0 51 0 52 0 53 0 54 0 55 0 56 0 57
178
8 7 4 1 8 1 4 9 1 2 8 5 2 3 6 1 4 6 10 6 9 6 7 5 3 7 7 8 4 7 8 5 10 9 6 6 8 1 1 1 6 3 3 10 546847069 818281577 614112810 737887089 930453106 607461059 538002671 702731349 972954884 591299566 524152728 816800938 641649465 610516634 557553345 930391151 758657375 904761844 914863296 501548096 615771489 640967475 606163255 720760446 828865984 820826481 924461690 842050740 809497676 647293994 960005711 671113333 505058340 997066983 872950277 841413655 592602734 537014842 925989052 754278409 735020270 685459901 669452148 875265439 699690504 659557509 591355250 954867081 956623794 583032837 994014745 620565478 991384281 772163236 679478419 930211134 906294132 934119103 909767357 942844341 607439332 517148932 752659010 773733037 509415066 542228408 675775806 709267153 840140724 703050008 982835068 882550268 759085927 552490762 663220878 867214284 679188006 717105565 509563026 717895516 591764210 581024351 636111375 500685195 504722066 652957089 730114949 828131137 863209368 817987961 2 2 5 9 8 3 10 3 6 3 5 6 8 10 6 6 5 2 3 9 9 9 4 7 1 2 3 8 8 2 9 1 9 2 6 1 10 6 9 5 7 4 2 10
0 0 3 0 1 0 1 0 0 0 0 0 0 0 0 0 0 0 2 0 0 0 2 0 3 0 0 0 0 0 0 2 0 0 0 0 0 0 0 0 2 0 2 0 0 2 0 2 3 0 0 0 0 2 0 0 0 0 0 0 0 0 0 2 0 0 0 0 3 0 0 0 0 0 0 0 0 2 1 0 0 0 0 0 0 0 0 0 3 0 0 0 0 1 0 0 0 0 0 0 3 0 0 2 0 0 0 0 0 1 0 0 0 0 0 0 0 0 0 0 0 0 1 0 0 1 0 0 0 0 0 0 0 1 0 0 0 0 0 0 0 0 0 0 0 1 0 2 0 0 0 0 0 0 0 0 1 5 0 0 0 0 0 0 0 0 1 0 0 0 0 0 0 0 1 0 0 0
3
3 1 2
0 1 2
14
9 1 8 2 7 3 6 4 5 10 2 9 4 7
0 0 1 2 1 3 2 4 1 5 3 4 2 5
110
530035870 43613160 628813339 722543171 728338358 607896168 437759891 46494365 8686497 940908551 998681358 671261499 843837181 89764372 940124278 112040646 426435998 96129075 915190823 778181501 36920585 388000476 797049201 545876400 432283386 892490713 260696858 519250502 253226462 537187020 239507417 81028920 340686169 628020647 572416220 86711316 746194626 893346097 331313731 450132091 694953890 959583112 70291874 142545059 947866681 463574682 789715587 33787349 244277753 793005738 919494370 125123312 171308553 561084113 302696879 209768676 5362115 355654523 350308688 391468344 274641718 823118566 364243484 172491397 90704292 899482534 137114337 431980281 639870469 339397924 409316702 193741013 107662211 242724378 945966282 262554351 522063356 507413784 177898571 512566065 727509636 71591683 373327232 586785560 86543840 567349649 590298872 720777270 350629131 972413902 408742585 946775728 133296052 55139993 742513338 887421888 293198527 332219175 569137000 264826932 666840768 162322304 893757477 750842605 690881155 676284669 739403716 706481505 601854855 400245968
0 0 0 0 0 0 0 0 0 0 0 0 0 0 0 0 0 0 0 0 0 0 0 0 0 0 0 0 0 0 0 0 0 0 0 0 0 0 0 0 0 0 0 0 0 0 0 0 0 0 0 0 0 0 0 0 0 0 0 0 0 0 0 0 0 0 0 0 0 0 0 0 0 0 0 0 0 0 0 0 0 0 0 0 0 0 0 0 0 0 0 0 0 0 0 0 0 0 0 0 0 0 0 0 0 0 0 0 0 0
8
7 1 8 2 9 3 10 4
0 1 2 2 3 1 4 5
76
187748181 573182816 195083438 336415787 400734410 130721633 293991121 596591721 260451979 125201808 501508840 839203974 590349946 376961758 899223030 185147027 573825207 509327486 274664763 970585825 870707620 641483743 394325559 843298817 447827424 115503282 319810221 359382212 973224527 446429930 330973340 646622779 68001295 584626870 602825798 142812600 513382019 680792199 551026732 332038859 583113036 535356687 272383247 471271749 66690634 224545599 486579184 435140919 845645726 617514568 179877904 478416626 72514985 155449754 815287536 385748743 729487117 113779430 379842640 374900808 522963115 868749343 332054579 573464516 12410787 547402612 770779864 870345422 214794582 343869782 389621441 849919734 103605605 96142968 916545199 933471757
0 0 1 1 1 1 2 2 3 3 3 4 4 5 5 6 7 7 8 9 10 11 11 11 11 11 11 11 11 12 13 13 13 14 14 15 15 16 16 16 16 16 17 17 18 18 19 19 20 21 21 21 21 21 21 22 23 24 24 24 25 25 26 27 28 28 29 29 29 29 30 30 31 31 31 31
164
771 179 910 395 499 689 332 115 570 283 396 143 152 580 255 232 807 158 708 333 15 35 290 406 466 813 718 77 377 838 803 336 741 265 13 177 94 728 421 438 840 875 752 169 337 319 352 832 37 556 105 126 570 784648152 922997098 715952786 725816102 680626946 676630615 820176875 781409717 974443654 754399383 517869889 679015046 978326883 545582591 706063032 995773064 986907656 929816491 810824098 556878900 652935316 533431866 674789805 848479483 747150816 520744849 901183185 527151308 833245822 683828276 604223996 740492414 682834808 760762849 680355640 992648599 817545528 552208622 912279533 844626609 625848372 662951036 950611440 541423617 696950970 744481914 508669406 630779573 500991602 860343703 596520447 516591414 551107891 744533033 935019048 820848839 977642497 718 724 465 560 849 659 426 412 889 736 241 783 795 118 358 901 280 834 884 671 677 328 570 856 147 997 923 385 551 10 607 429 363 704 464 78 51 918 94 806 761 173 35 407 578 365 552 716 871 533 982 517 541 999
0 0 0 0 0 6 2 1 0 0 0 0 0 0 1 0 0 2 0 0 0 0 0 3 0 0 0 3 0 0 1 0 0 0 2 1 0 0 0 3 0 0 2 0 0 2 0 0 0 0 0 0 0 0 0 3 0 0 0 0 0 0 0 0 0 0 0 0 0 0 0 0 0 0 0 0 0 0 0 0 1 0 0 0 1 25 0 0 1 2 0 0 0 0 0 0 3 0 3 0 0 2 0 0 0 0 1 2 0 0 0 0 0 0 0 0 0 0 0 0 0 0 0 0 0 0 0 2 0 2 0 1 0 0 1 0 0 0 0 0 0 1 0 0 0 0 0 0 0 0 2 1 3 0 0 0 0 0 0 0 0 2 0 0
10
5 1 9 2 8 3 7 4 6 10
0 0 0 0 0 0 0 0 0 0
6000
24 866961389 30 740044044 6 544043220 7 426407387 19 740911909 8 583907446 5 639653289 7 471968165 15 530605545 2 686943532 5 640007128 29 497749863 27 981929428 13 784891731 21 985728978 21 791888834 17 695011193 28 407409121 5 625965284 17 610730072 8 622698889 28 616200160 12 909881024 22 926086923 19 986359768 14 918062746 27 905226168 4 633799310 2 655926131 5 905769279 6 458644360 10 472461056 21 491930907 3 760831465 7 635131800 24 917473518 16 555407438 19 927393873 18 924675988 3 865273509 24 449755256 16 975207680 29 981992513 2 829044585 24 746183694 9 749515929 19 606477289 17 662587576 25 563870285 1 556659386 11 587042786 13 442071463 14 592161619 27 780160171 27 837596370 20 785763263 14 679441586 18 831938918 5 516426663 5 490720597 28 765802708 16 784956146 24 804518632 20 927730171 16 603857880 16 857736447 20 739300747 11 891778721 21 645170129 23 520990700 17 420040480 25 601047689 13 762048241 20 703655585 23 915719243 30 743164406 15 485423319 16 488866863 27 632351561 7 619546079 18 648547179 27 798762791 24 999536834 12 971017077 26 520225191 24 890527711 1 466881986 14 939645857 20 500922041 8 832502450 3 503626280 13 727706841 7 597400635 2 403048394 11 494207041 3 725607016 17 999632194 13 886162347 6 815517371 9 425976253 11 542476612 20 967844208 10 438369554 25 734260186 20 834817409 10 489337316 26 669936161 5 524384628 16 851266301 26 918662920 15 695747220 13 961036863 22 599278205 6 794257898 19 631918246 19 490937162 11 639876864 27 789666193 2 857110236 27 785765100 21 445765437 10 459844510 7 626931443 5 935734691 17 449306555 24 919893335 22 570452814 29 847013381 22 730439984 12 961486484 11 758887020 14 489199222 2 660063442 24 658184804 29 619013494 22 481352690 8 561045270 23 510274099 20 570334804 18 489581804 8 798295671 28 974073799 8 507939996 5 586134048 19 660889883 16 773097098 10 805339831 8 693295365 6 547357673 10 659104827 10 926055724 1 544596963 1 714966770 3 917229018 23 874618977 21 516833651 17 555953272 14 561871205 7 621368819 16 594591522 11 667286041 8 985767068 10 791131839 21 429538493 20 736344114 25 675903119 27 936279588 27 539740410 2 914853569 2 982285176 5 795006383 1 612767756 26 646929300 8 471274715 29 957042821 11 921452960 23 595712182 22 581691581 18 691625931 8 729584637 9 894846768 23 743865444 18 760330369 20 713313587 13 526161343 15 712897700 9 536583669 15 991109206 27 460347781 25 441189293 11 913383600 7 566911074 4 406636012 18 819570007 15 436211254 28 751076732 11 898791205 25 480649412 9 737410865 8 721964484 4 969798208 19 895760161 11 645062198 7 711742015 20 981856473 3 414436862 14 938778931 17 962955184 18 866851661 12 632161875 29 981414777 3 408077748 4 758876264 2 784202146 10 805862178 23 410273615 17 441330894 8 811733407 26 999642561 25 573362479 6 594996954 15 565045320 26 834492667 18 827850434 7 990851596 12 876274003 15 628344284 16 972997185 11 729251584 2 496898777 15 465466703 30 597529701 5 789140832 18 797518614 26 617634172 26 864973174 21 922145971 3 604956109 8 969057216 1 692829935 28 888648388 5 843968386 24 407071744 17 975654208 1 873037423 29 587395453 5 436310086 6 549163788 24 467620279 14 757174170 17 650731737 7 862362634 30 739537435 9 710106850 22 489562791 2 845781880 18 546201934 11 988831990 4 852608232 12 856497798 16 677001438 22 540897918 13 547661333 9 497275023 1 564067405 27 589973312 22 831342751 8 690838510 16 669530073 1 718279863 30 584996091 4 568766440 19 432045653 11 973412814 19 553298969 14 492039819 7 496188313 22 632155479 15 848161068 28 575836612 20 915414407 1 783029203 6 422330539 5 597782721 27 741683174 21 821609250 5 941170532 5 860572854 17 808604013 16 731685198 7 807873790 30 671585312 8 936986704 7 924828478 19 553233576 26 442493281 29 816645164 13 663077087 17 964548137 17 706939949 17 616426879 25 618135816 24 610271363 17 688128075 7 502863053 2 955301347 7 800179452 27 516666312 23 588074294 5 712839760 26 749035974 11 640071856 5 653620678 1 527740301 27 968082046 22 999384801 29 947551505 22 990422399 8 749753892 1 520118472 22 976459691 11 809828356 18 992490937 7 651325862 29 812550980 3 663622979 8 891403740 15 946954242 15 530388537 29 891073338 21 778230897 13 936887343 15 661582623 10 960935124 8 828084105 24 519866552 4 989840650 18 542304309 23 863775743 14 530378218 25 412284956 16 633551163 6 548200966 29 999979720 12 668018414 22 866121498 18 853304489 17 618890435 1 922130988 1 539495929 1 834614356 30 844930051 3 543841567 24 728430917 22 862191337 18 531062744 15 776372253 18 851998867 29 524635833 19 673567969 30 830912338 13 441692072 2 879101606 22 704668882 11 490310492 10 489902969 30 544335603 25 476381372 12 927541417 7 419217576 13 809152318 6 997368787 3 844276445 1 755455357 13 417089852 29 948707772 29 419161254 9 821207701 3 800622659 6 936731204 5 760130867 2 493480461 15 661535856 12 759667555 21 491004408 21 466804128 25 805708812 9 653026789 9 823125386 6 600816492 30 486692652 21 608591732 15 733736076 28 533085767 6 452612176 20 901379872 13 530394631 19 447101741 1 683138839 4 442574216 13 519504353 10 562278533 18 575701599 21 809397814 27 664502827 2 793051634 9 937348251 25 563724151 29 975290523 4 653527089 26 837804874 29 993788344 22 988763486 6 635390958 24 411199629 23 980031886 17 709885703 3 515413227 23 425432535 21 985150783 15 897842475 29 854374848 9 787830955 13 816153101 14 962611544 7 548058118 7 803521898 25 769495064 14 972383460 16 797550676 20 974949799 27 552948297 5 858679667 15 656047435 2 590613361 19 447520369 6 646274915 3 733674223 8 751290514 12 888644475 14 560651893 30 642993328 21 633568803 6 900828644 2 838299397 19 658302685 18 716955760 17 724580869 27 747117107 21 672595303 5 862700397 7 693343311 28 656195344 19 609258649 16 825825451 14 717456911 6 869990662 22 498412716 5 581430648 19 497206410 15 860275620 23 823530957 29 529295507 20 840619064 4 830658224 27 564961706 6 741635413 1 409033575 1 606664214 6 596840903 22 437760046 12 562591381 23 758452340 29 990656148 20 935560203 29 447700482 21 920340448 18 884819863 19 473052688 30 696621482 17 904841140 17 626451520 5 616093925 19 720455873 8 882823133 4 701437812 16 433631240 19 997394008 13 692275263 19 624116322 10 661432078 26 495249920 8 554487746 27 681521568 5 520732427 15 636891846 3 566508578 12 780413571 10 555106837 1 511639937 20 441654526 19 451069054 8 724704649 1 686955967 18 681208053 21 525277424 27 553179025 16 602736944 7 495547750 17 981337076 23 510017844 24 708264182 29 733362860 20 673868741 2 994307981 20 990718713 7 816593000 6 782887113 28 485167903 22 849173459 14 633362735 22 947789308 16 939417902 12 828645307 18 787518624 24 426286286 17 404248931 6 572837899 16 708571871 26 502402429 29 771611124 2 687785096 27 991904194 12 815484348 28 490200389 20 812050225 22 694104741 6 725485105 28 680939712 9 594342894 17 937023822 3 684746204 27 970310779 1 892511399 11 601977480 7 625162540 4 441858489 9 531622236 29 606329609 27 676076638 20 805754576 16 613333138 19 427308624 12 838847142 15 797872800 7 811033743 2 519264295 15 608038567 1 818047726 18 643610414 8 688255224 23 506263640 3 981509492 8 449006503 26 430844761 27 531789426 3 890157738 15 621619213 3 537878232 28 658925661 9 646275509 26 735561650 9 445540526 6 691741472 5 941476384 27 657300942 29 996927264 4 590729643 18 509495686 8 700416753 18 853826575 17 988026000 8 690165034 12 719719328 15 724045192 4 747859988 3 448885864 5 743862975 20 800367537 8 413592392 20 914526146 2 952934856 21 806717585 25 849724298 25 567984993 9 917705726 9 600039763 18 691003496 5 943974803 7 624526206 7 474206027 5 911416450 20 962855185 22 908107469 10 595377667 13 603244462 24 841383754 14 654920044 7 569413022 3 897722095 2 489737427 8 923744635 6 766923334 2 569794829 22 725748144 20 889095412 13 772447363 16 485824978 10 504498522 11 563464952 9 625087549 28 678897801 15 873091341 20 784630606 7 847859444 8 489304905 17 780043044 13 833899064 30 524859699 29 875267396 4 442592311 12 869014105 25 749122100 2 646468858 1 788245579 14 659323246 18 967094478 22 733632814 30 964130090 30 906266878 1 936203626 10 724614048 27 602587753 12 626760005 21 872352987 2 833189610 13 442884783 29 847785001 21 450626147 1 663525867 30 997444884 29 692479283 2 829224188 13 622920789 20 750617193 28 827177637 22 431465013 17 512538709 14 545533791 5 434522490 8 909993519 10 967072294 4 651657741 12 462174083 23 435788498 11 639440720 6 447271895 8 406583697 9 860759184 8 662403526 15 945323252 11 477742726 5 845158393 22 892712373 11 623450202 28 687412001 9 841657226 9 497568796 4 480542898 9 746519026 2 926930679 30 748261699 19 851706846 4 721952648 19 613478266 26 834361061 18 407184722 24 867814425 8 626191951 26 692015108 23 726881598 13 832813143 8 787525429 23 761282867 29 919307798 16 489032523 8 927626716 7 919374033 11 737561951 6 711262418 7 614036743 5 998728821 19 680202154 21 525404503 29 658325701 10 798103495 28 403595651 13 663391545 26 561359730 1 431680538 17 736941610 7 407513358 27 472523544 3 575662801 1 970405570 4 575447634 9 548788602 25 646273317 24 626549929 16 869364801 7 884962799 10 657173795 28 973922063 10 629983437 26 567391822 20 956647920 3 471952386 8 629399718 24 811318222 22 855854589 22 727328532 2 643320399 11 927482211 12 545597629 16 556789985 25 524356948 3 872378178 28 946045648 21 618446330 22 593674729 4 433750195 24 872924151 18 552409981 29 461241169 12 924762931 14 451474008 2 716454670 29 865978588 19 874321576 1 502588840 6 424166105 8 654717478 23 733270834 19 816218835 16 512033340 30 859613433 4 845578124 9 820149051 18 569731597 27 807360254 7 464968545 8 465620716 7 761153485 22 592914837 9 762912011 27 568989787 25 873742096 27 920623120 7 696678587 21 835001361 12 857847388 11 810578654 8 509830362 12 836578802 7 812583808 22 800716183 4 880094148 13 428381520 22 675702505 5 530164025 9 490777030 20 585094938 23 692815243 4 733325791 26 699713337 5 622880094 17 930202148 13 901944896 20 539510239 4 904089207 10 427016197 19 557794603 2 558444269 29 919586412 22 708031877 14 564944072 12 458631882 5 657399191 14 658640930 20 757611485 2 908976661 30 418606024 6 689449041 29 808935618 24 702369041 25 857815780 27 456395279 9 685688658 29 932061025 15 840372500 27 502149200 6 995195259 16 555725215 5 457620111 30 937966817 22 950698089 8 796230401 2 975543864 22 678980656 22 998077396 9 978773161 19 522472503 18 423049901 4 453325909 13 434266070 21 622048294 18 626752519 7 440569120 8 805297200 24 658638809 4 723278470 26 978378836 23 590767879 5 602592940 15 623814592 18 887898196 21 419055333 29 948187314 17 699193430 2 474592231 8 714524548 27 799278396 7 448926952 12 942977880 27 616552819 10 555339098 21 943572687 13 987735536 29 686487126 18 874395901 9 643694209 5 431860530 30 452915285 21 633103641 18 844928168 5 501070493 15 802673161 26 972446996 20 701638473 22 641562355 1 971173685 11 643949512 3 929418478 21 969575617 6 712979375 5 826238511 14 867944332 15 922733378 19 605302890 26 535258723 5 628048426 6 716261715 15 847087072 1 649472576 10 883527967 9 669447724 14 683910524 14 674077919 15 847447728 8 937351788 27 691275987 11 837855761 1 689865533 3 841709919 1 902199683 19 671707657 3 878142270 28 641975666 2 707658029 15 489661326 16 837916657 3 519819734 23 427910460 14 539772376 27 781720683 3 438305440 5 811383224 3 954494421 17 842916251 14 971638509 10 890121157 14 864151807 21 982644601 28 981672745 29 433049215 15 751728278 10 978523072 13 699039472 4 736842879 11 702293362 27 564390285 1 613908875 28 846593760 22 562099946 2 758758870 10 924803185 30 448137362 27 648920283 23 957243415 12 945157480 17 759672630 4 428856986 6 412349296 14 476415072 2 505997031 18 499957208 30 733317677 10 459202711 30 924782366 29 972118203 21 494735488 26 989970044 20 806376025 17 639349901 7 443139268 12 820877639 11 512693919 9 937916240 21 434442326 12 776164600 2 720985031 28 649952838 25 589139121 6 844902347 22 849131045 27 952834207 9 630522272 22 476472266 13 926433298 15 834320431 6 853701552 1 926987661 26 756336066 4 660758832 2 671430666 7 613503193 1 657698386 7 411924258 9 446369916 16 845747087 9 422956584 1 942956541 30 467095022 22 549744849 9 434008477 21 709210065 18 763108755 29 924701465 19 776134287 26 679971708 19 512960888 18 472474354 14 721770450 11 525808276 13 537004756 27 765538874 27 524381957 13 711945980 6 577057285 11 646899430 9 932650483 17 593442398 14 839080331 5 738160419 4 742956938 21 993532298 16 576571453 2 693603235 26 912784477 18 594068958 18 567653543 17 854906491 28 604793929 7 519413815 30 424735956 30 868552720 9 617915134 2 900082828 15 447821478 20 766579768 14 831455934 19 854450303 2 802454070 17 633010653 19 817267948 7 943765020 7 709424531 6 437550672 15 464688183 22 446940275 26 967835693 10 663031339 13 475046963 1 747059172 7 780548571 16 892844803 9 650512081 11 891837662 14 455002716 3 913838212 10 598998062 9 717196296 28 956506361 23 488920343 29 903693083 20 708973693 16 801251843 27 414373921 6 548808630 4 695584461 18 959607662 23 621820033 16 995261066 18 909082263 4 843497898 17 611285216 2 446182158 28 977612115 16 906984975 9 633914875 4 617304981 2 970310139 4 455138380 1 577829596 15 592903415 17 785269306 5 483924374 21 500424348 25 953788801 30 488885892 2 630101958 23 507892776 27 695131581 17 763869443 13 765481016 8 929419312 28 800825582 11 841167755 4 984774580 30 631871759 24 750869245 15 933522033 15 478588864 17 914472121 4 438060031 10 414882782 27 496836923 4 790266911 21 753692119 29 497347638 29 454955013 16 978038643 30 934858104 3 808525500 2 544882953 11 794564915 3 456827490 1 524574656 4 999252019 20 679965672 7 909330961 6 878156441 12 712111742 23 440143782 13 411473150 2 832780268 17 725791060 14 411872062 19 783005549 14 666978610 19 923376774 13 447002932 27 545127036 29 497611205 4 592982217 26 851448019 14 400186151 14 670075498 3 659059203 11 442384598 5 481755510 22 966376240 6 993764743 29 955367974 13 515975143 1 529187150 1 626949805 30 971013111 3 717070478 5 402010945 12 506280674 6 864381803 29 858668432 17 417560579 28 628465766 13 659943533 2 587970650 1 523054324 30 712898657 1 762357621 8 828201066 28 947872442 27 603312176 15 406202658 26 939733425 22 901748565 22 942319060 21 457153942 11 886860154 10 982191901 14 723118646 12 573297924 25 934631050 18 640639765 30 887267584 9 737921717 29 995764299 5 530091934 21 890824446 4 621445511 11 606244412 7 881963698 24 712628482 17 417313543 18 601077770 9 894029915 30 832018370 19 736219229 17 929797700 10 565957842 6 989733223 27 489283172 13 973883707 12 845343890 7 759418096 29 695678794 23 860734300 2 634436645 10 665521757 30 697337470 12 506648606 22 479712794 6 863781063 14 859116714 9 422162447 9 860335056 24 442968286 29 781042092 18 568934823 1 421124976 21 678707027 22 820792288 27 617595150 19 685495125 20 459152269 15 409749134 26 986920786 15 702516168 22 901621378 5 771254684 4 437679735 22 876800875 16 771799449 14 870243688 4 472136450 30 957481226 23 970659540 9 438336875 13 579983339 27 760359958 16 806240756 10 733817836 13 429333655 24 526471583 15 835820908 5 760215346 27 642571850 28 616882574 30 727905091 7 715079832 22 732808477 24 466032091 1 523491082 16 988914786 20 625470220 7 679649169 29 575677023 25 512123782 21 818014193 29 532883449 2 912472023 3 750420553 20 496232517 25 494122418 16 908310178 16 913783304 17 918188569 2 755945892 8 940782398 6 837823424 26 785729771 21 424962706 10 686127611 4 868496568 3 743815419 23 735741145 29 459467337 9 783615700 17 810645664 1 469567921 19 823964834 3 739731935 7 875418186 14 744181170 22 586742264 3 727617726 21 790928375 17 626702041 23 766441947 23 598341110 18 683195587 22 469278728 20 764266103 29 786359513 3 431831866 10 866582690 17 919685453 3 738842131 14 877914556 26 617744810 26 583792152 27 778070934 12 900706118 14 598492080 2 435335597 14 522804295 12 449070442 24 662333356 10 493404731 12 431790666 4 600713341 1 727434056 10 953558034 17 968499345 25 538443148 15 707465378 23 551829717 1 987170799 24 657251073 9 578499979 24 645699097 20 665209159 23 923878505 24 844415080 18 769296649 8 975714929 1 535734115 27 897180962 27 543456419 5 811288768 10 768934360 15 529393708 1 636976256 30 717428446 17 580052432 20 692846954 15 572965709 11 954342266 11 691683403 19 511620600 11 853067624 8 582143606 21 897344156 20 713597316 19 685053910 3 665219456 6 535263915 13 824520989 16 494513844 4 505733624 9 825388418 21 530742494 16 635637615 14 911712657 9 737249215 21 601300415 30 560443580 25 948348736 20 879511241 25 607604234 6 879656879 11 663454264 30 885666898 6 501385722 2 978991864 10 928086503 25 519545803 1 996177338 28 515088976 30 401340013 30 424403730 27 751558949 28 408357755 11 443878900 20 628086032 9 986954303 15 765900951 9 401001982 4 419170056 20 907434315 18 650914123 10 828617220 24 432166931 3 772232916 17 539624107 29 945796301 24 691494661 25 677509807 2 539250523 24 986875411 25 958302159 28 580064960 10 756411003 1 598295451 16 695321224 9 412409220 1 582942710 18 915305960 22 933426407 23 494111557 25 640508709 9 524460437 22 656155489 25 961764169 10 604351757 3 417143380 12 471902249 14 466476048 9 913170986 5 951186650 2 581284395 30 596253888 19 808020528 18 760187144 14 553279164 1 784248855 23 875116009 26 581115275 6 659195527 18 562088694 30 688947183 15 470847142 6 403627906 1 941540721 21 435510228 22 708656406 4 438026345 29 806098321 7 661803316 24 734124814 30 490170667 8 642030101 4 953695604 3 408343174 6 815659366 29 645534902 25 424443446 20 859994953 6 949443010 20 575665696 13 836646982 7 419190344 24 911085354 18 710621105 16 499412196 18 585505067 6 593795110 7 504890878 30 441662063 21 911449343 14 847652313 22 632325243 26 434971688 18 415971604 12 709132044 16 737981132 6 685413788 24 854335154 12 787767936 15 740490620 26 711670287 25 753881405 19 790317316 6 901805317 3 537657424 4 581345756 26 526573457 9 783928732 21 643213514 22 475055033 10 966089552 29 536656409 10 444192751 20 723879078 5 409461980 18 609118845 5 460572528 21 449840891 10 981260928 3 810734890 12 691697272 15 837409782 14 456994913 2 715511721 18 845547433 25 408471557 15 788450391 8 878765523 9 406781920 5 855974387 30 992605311 3 697016049 17 637023022 14 412323141 23 607305917 29 580779339 7 817288489 29 706781721 13 645504664 19 872774383 8 967028207 25 773889883 21 947727310 22 657103645 23 660080541 7 735860660 5 961921668 13 583576566 5 869695068 21 880074474 8 863688487 17 923615410 10 633292660 28 990766222 13 893237655 14 460705995 10 512336268 14 976878994 9 700984083 27 495986237 21 525574586 9 869682751 10 962944614 22 695205310 18 909105795 23 479922513 14 697639450 4 546472539 9 567184791 24 505281714 5 628010780 28 536693285 2 504659751 19 578761169 2 403473836 11 854511994 26 492686344 18 937073161 2 911350833 5 573331717 14 955465968 16 874480359 14 545088696 3 942605067 20 545830248 10 671218993 27 946279868 23 733069279 23 748155552 20 631460097 16 554616677 26 403590072 26 983562894 26 668687225 20 476941187 19 604058837 2 773677575 29 959280219 21 641755492 27 535539716 25 849829936 4 796151530 19 436143118 29 501308101 3 710265154 22 924409197 9 846593679 13 935442135 24 792871983 13 757524610 12 898886109 20 829578410 29 855206234 19 646705760 15 496113763 27 995677900 11 733079932 2 405715097 3 895548107 27 840812918 28 458012946 14 560693264 19 719216213 25 946836004 12 573927725 30 625192691 2 426130975 16 714287976 21 611774211 14 446821225 24 589417781 19 743314982 1 996041133 10 569406097 9 686730521 24 402057042 27 736495720 25 827434291 29 474704528 26 729903092 16 726952984 14 832021674 27 649120555 20 497226989 8 868155785 22 525141030 22 814612198 29 611503508 11 818743608 22 660296851 7 747942230 2 904132736 23 704214442 4 513401168 16 676645100 9 421556649 25 896716721 9 449567055 4 851029149 21 487151150 7 945078148 5 809621634 14 495314844 14 622942386 19 450600598 2 899998236 10 524379880 27 791391529 22 484953979 12 635547340 29 918061236 25 440602779 6 549491915 3 404540165 1 953409449 1 993903806 6 655603262 4 699757437 9 758542182 7 581382961 30 549412126 25 766808825 20 425966712 8 817384801 20 657061124 12 810326909 22 809305814 24 613376047 16 606921090 27 487298946 16 923956219 22 784195121 3 656626110 6 662268192 13 484615055 4 782333612 20 975245163 9 497069196 9 514607515 6 847797697 30 654237851 26 801776703 27 879947301 12 674687641 4 476713292 30 749931934 8 400403555 9 937137844 26 964213670 9 666357650 12 664059313 9 408292152 18 580283850 11 694691986 22 498231263 11 850628798 29 448133230 20 676113499 9 550357972 7 919591066 19 577617913 30 775693732 2 449822063 16 791167441 9 771255103 26 660923542 9 773434475 5 715700440 9 601743138 6 543373622 18 729285226 28 870341341 19 513148353 9 463915019 22 569828098 30 813156696 20 779220569 9 905871692 16 771386072 13 745871446 22 993996190 19 985859050 25 768637048 19 518937636 7 492979886 30 645321453 13 982473084 5 581607527 6 560354545 4 520956252 25 429382390 24 403454658 3 667937949 14 475613165 12 999104615 16 405083269 28 926157527 2 865534642 20 867000940 3 483241399 2 692416667 13 904475596 16 997129871 30 447602265 1 990993840 23 828791537 29 848807736 19 455046715 3 527834731 8 836998509 15 763567608 7 537450667 11 691435555 12 641229584 12 494100000 11 782810902 1 876229938 15 513942413 16 816111974 24 694877517 7 899027196 24 454831531 6 825457957 4 743459062 26 903478985 9 661020272 21 733317759 20 505844984 30 889001565 8 416179925 12 660023714 26 797554355 25 623207669 17 735564570 15 499422032 16 992513573 12 835906774 14 688913626 30 710249595 29 879400788 24 681485768 22 874340769 27 597901315 22 821723189 23 859894472 15 674052940 17 684635334 25 639342343 6 466470984 4 528648046 3 784403502 17 681179494 28 437048674 27 699552582 21 405140365 30 795031860 8 587187945 1 805391940 8 913066305 3 675710838 16 783399091 9 450190515 5 852543002 18 545583239 24 581841926 15 818227729 14 832973780 13 400990745 4 775158880 30 436935378 2 527853140 21 659289883 9 407680510 26 477012245 10 482432370 12 703028728 25 620135962 16 456529877 3 844771505 21 906682922 4 715815108 16 649957180 27 573308682 16 644254312 9 730554162 4 777867391 6 945582571 8 637613615 13 687012520 10 403872833 5 633819155 16 718349227 30 831949767 16 628857150 3 550092413 7 825597593 12 602948025 7 402255056 21 493161964 18 511934492 9 595814333 5 519940857 20 683567243 3 968835983 23 703210328 20 486528003 14 634971391 1 664471371 1 558607371 14 630663349 25 887629605 17 621543508 30 724995511 7 639988491 4 930223507 18 917691663 24 952102400 25 895285597 30 655002629 3 731146690 27 401870600 24 772406014 28 883571852 25 445970820 21 521796104 29 654071701 28 714570262 3 751148711 8 659255659 18 410075164 19 676917820 25 765892486 7 770230319 15 591107404 26 635765179 6 437495323 9 467151652 6 531174924 11 733998392 15 956984766 10 437842787 23 715074437 27 660249387 29 703096527 26 484205058 21 599232856 26 621881344 25 746582447 15 593425446 26 816938001 11 633206045 9 965532978 23 669258212 7 949516163 7 596195949 4 905795650 11 577831179 21 620437512 28 874674648 16 993114556 16 604127387 24 708276944 25 750901973 6 599811495 20 936742871 30 936652414 3 899690637 30 901721710 17 621333819 12 777707662 23 538923439 22 563920646 18 989387230 13 499340104 9 836687986 11 744933598 1 575846030 8 405978320 6 622451599 11 939389276 26 528810823 5 556848959 25 632347959 27 914917155 19 476066318 21 595647390 22 794417813 21 477043470 21 995437467 3 701714639 18 401284085 20 906406688 30 899744452 30 532176237 9 736983151 7 721037104 28 822514823 22 955040301 12 693089108 14 774347891 20 813535868 24 688219186 28 533305291 25 457744844 10 767080702 3 415754687 11 856238493 3 774348848 23 455183318 19 785451637 10 786540236 28 499718763 21 657873116 8 672066943 14 772128436 13 446915378 12 894179454 23 482500933 27 757786428 5 867651615 5 741270881 1 457842982 14 805861436 7 524308026 10 920270917 24 507490063 8 947804162 27 991793231 9 714156236 3 716331119 21 421686608 18 451401501 23 797932538 30 581902170 26 622808288 4 939189754 24 717438776 29 828667593 8 493810539 13 694176635 14 555953974 26 854275945 9 619984740 2 945790190 8 596305241 23 837285822 7 495761787 8 479518490 6 710801799 27 524742146 24 858272041 19 988689093 28 613783113 8 959269111 27 575572844 7 720201570 3 992245168 7 977043555 2 744684286 15 553476302 5 808388502 27 641387525 27 407342829 25 861355605 26 768040298 1 911875842 3 473420941 8 931864579 21 815218567 16 573635761 27 910354561 25 634454851 2 445856849 22 462068644 27 504940293 9 854446132 1 481248157 18 833942722 22 535051938 6 802766237 7 484154008 8 741761881 5 678321235 13 943454442 16 483613136 27 928511492 19 786789809 10 929451808 22 557754861 2 520271261 28 988523234 1 933264003 8 442370423 30 751365163 15 831029941 19 999488285 12 704968692 26 801925692 15 941749352 21 843711566 30 849137289 8 664479445 14 798765700 29 789404469 15 544607672 19 758410025 7 513349175 26 570588359 28 449531294 23 451968592 30 888905355 24 940715845 13 863973703 16 844775957 8 801368357 16 984378935 3 419327603 16 824672662 30 410219042 20 618611578 15 929893904 7 634869538 4 582365562 22 926182030 26 889449541 8 929234204 23 785734921 11 562067711 20 662931712 11 783341138 16 720681265 29 428974568 7 937067544 19 659803805 29 531688118 25 924038289 17 669395917 15 789593781 19 494832243 13 601515578 23 785509521 5 414115033 3 985993649 22 435474502 10 897092374 3 678183196 29 997521418 11 787440670 16 737877766 6 980211587 18 506686452 9 537259898 12 963382872 21 423656164 5 789935445 1 796647476 17 549673546 10 494367970 22 752287232 17 443277192 14 809606639 20 481775155 10 809973840 22 875091330 19 411963065 13 524934820 2 669537316 7 436096852 2 640668896 15 717888470 6 657102268 15 916261248 18 741770839 29 577944715 1 915559345 21 551809726 21 925392277 11 736686627 2 808800954 18 818718823 23 440165458 2 400074282 27 862703114 23 522437800 15 729949646 17 746266304 10 858277434 10 515481031 25 780116366 30 971542606 3 439750311 8 756922047 9 526918072 11 828853073 23 589254174 16 921747753 30 617163009 11 741387831 7 711164241 7 787788090 18 502425063 15 628353452 22 959335158 8 769713213 15 637060619 25 689874783 4 430372830 15 431225422 2 616579541 28 834435025 3 930033065 28 876405902 27 991489091 10 973782303 15 925824065 8 502571814 23 689157023 11 456132052 1 693616782 27 524048469 20 698282145 5 560525645 30 600856713 16 900778283 16 746429382 4 476673831 21 581161600 23 462868320 11 444610533 29 878181996 30 756790398 11 560103230 26 720345450 28 560578539 9 839843426 28 436973310 3 429521973 11 459623607 30 702221989 5 698777824 30 774346752 26 616871559 5 509186413 12 642503710 6 999784083 7 584388940 20 800399624 8 822247830 17 471228819 28 482134814 1 751631021 24 528565743 20 767344109 23 512663031 26 755368394 10 693364958 3 924930525 13 744615107 8 859130156 10 613377528 2 895135301 10 609168684 26 458704609 7 904654633 12 474957684 20 863207087 14 729371062 21 992804169 23 864500072 3 794363198 6 710010860 23 772478721 21 494342265 7 920049757 19 828025410 22 747139360 9 728470696 24 885545925 8 922988681 19 598667271 21 855083111 3 542834061 22 890766677 14 774545740 13 616884910 14 595260446 20 902859249 26 758216505 13 997547575 16 800778498 6 440759802 29 708330504 2 779270166 24 727053040 6 954176391 21 415295403 21 759527583 27 550392165 19 571528725 23 818237962 25 720206198 5 448176930 20 510347406 6 895067764 11 806941819 19 459938546 5 495034401 28 885239445 14 867216341 25 640688548 3 815435568 17 858452104 25 504138054 22 638632164 25 639967241 20 433450714 3 880842715 22 638421087 16 665759208 23 918220490 17 850710591 15 914307058 11 833207977 11 807556025 12 612762653 27 552590022 24 758619980 7 740142576 21 628168614 18 431363294 27 550979558 2 804946923 5 675892752 7 606331875 1 593033147 26 555686684 18 747836296 30 854096479 27 983603594 12 603629507 8 764707066 5 872286200 26 965523247 16 864766155 7 941485333 10 450457979 30 989631632 30 609508227 14 975544435 29 629143578 3 907616518 25 824944492 13 982708624 19 436797822 26 566168279 2 559558163 2 551933748 22 474249214 16 548420438 11 463229490 24 891320729 19 592078817 30 721319845 11 632070208 19 427081199 24 694507499 13 576607291 26 541749793 3 638717570 26 908564010 23 589931447 13 540011973 25 844529724 18 853767361 17 574810284 20 631162140 10 603206871 25 764747904 14 991711340 8 616538001 22 990456998 17 720997700 20 800891018 17 945321199 6 656766583 9 994226811 7 860045476 26 966072148 15 766918265 27 612083809 18 966750398 7 473887180 22 454001590 29 517107317 8 935644939 30 610464376 25 501444234 23 868068049 16 926401820 10 895879835 10 610126458 15 634744858 25 546286898 4 624956560 1 627812737 21 956150199 23 954382173 5 718713898 5 791451707 6 542173033 30 445668835 20 784735203 25 778426272 30 442873397 23 575172835 27 446127927 5 594143953 29 776254056 21 463934237 23 541412983 5 692089115 3 734851812 3 406428819 27 563494886 21 523556400 22 581345420 2 772289659 30 759497598 21 419120935 4 911433012 26 835227331 7 504973183 20 692203981 17 648536625 9 971259084 1 583650849 17 464239047 18 472576579 24 460210118 13 800190536 26 637131254 7 419836771 12 881271017 9 737529956 25 966351983 6 688940043 3 412759178 10 515453655 26 829449897 27 472995974 24 796250485 23 871344379 11 884199547 30 481690265 28 453139638 9 432263335 7 497996395 10 949388261 22 777599894 19 436409190 19 983435378 7 939860347 20 913611962 19 574613942 9 892484762 18 879766680 9 533106832 5 487596242 21 662132354 12 489866378 8 546467756 20 536850630 21 535964968 17 702785440 11 974056997 22 648250699 26 468417275 25 732253626 1 548958674 12 792472942 29 749036369 3 409417608 2 677644760 22 580494410 13 765394594 14 463865818 23 950779622 11 896050678 6 513835823 28 722367257 21 911596662 3 768049272 29 441179131 8 581306050 16 503096260 7 940922590 3 706746479 30 828888173 21 705041103 1 779109330 12 914437357 14 775442408 3 468248259 20 597736343 6 713588368 19 788509643 21 418785664 11 997060045 30 931305742 5 837226961 21 737918931 10 608836623 26 851313274 5 921919648 15 531611726 25 516180814 24 943678921 13 766590608 26 777078851 25 893178425 2 539190662 16 527015311 17 721183824 20 425085661 7 638580583 11 423022089 23 724277347 27 892230205 28 504281393 17 833741473 29 948498126 21 412919764 26 463795117 16 714070128 27 537326469 17 736500287 30 888902519 29 883618437 17 447043739 13 957607214 15 470007234 2 753313221 18 445485402 14 720618642 12 712303516 25 467774311 11 820056146 8 562879587 24 963613588 30 810925513 23 736732093 9 573703830 26 526888141 29 952711671 3 785365105 28 739092435 27 526434805 20 921024950 13 669700441 28 598438005 2 653604085 22 459066396 7 601030876 11 815518885 24 878643236 5 807260759 8 897746719 29 928177875 22 999400055 10 420688029 3 788007953 17 964029318 25 753263927 18 567323463 5 554843607 25 445121064 28 773741668 23 557104838 30 761347963 28 908986417 26 521751185 25 657976146 23 421921147 9 613681302 28 557478198 23 958232546 23 706169897 3 999060586 25 473365770 16 629422517 8 872066523 26 505322450 28 440539197 29 520589194 25 439451364 29 944650212 26 763171228 28 837380114 20 441050776 14 646014185 30 419427450 29 465077722 18 916489214 25 687538371 26 559092604 12 582219213 4 627008809 25 972690075 18 496150838 1 666667211 14 533311910 23 438741679 2 654734495 9 980686998 19 405206368 21 794609210 25 982244922 12 540957966 4 966348464 17 445735784 15 586326851 6 999544696 30 697123860 10 836318462 22 581036618 13 691838487 27 482787591 2 435765504 5 638420758 17 727204411 25 994823539 16 540703579 6 768000150 24 559147736 1 608422240 13 840824467 8 867883374 22 686940884 14 758968264 15 575944664 27 971897698 16 997233042 9 883869772 17 428741107 1 472242516 6 858179188 21 847788829 1 732549581 1 646327008 21 448687776 2 537568785 15 676021548 23 533688615 4 549357453 24 856930226 22 809400783 1 649531829 6 578559362 30 430294936 15 731558841 15 402360940 11 601409146 17 842746500 19 609771083 26 962086626 20 939140571 24 433996932 21 879839002 25 780487407 5 645265788 18 586638161 29 956614422 14 988094933 5 417567563 27 523931915 6 567644282 30 777698156 18 992599171 7 844901878 21 989976749 28 974163811 26 514033880 3 478613306 5 967273421 7 700728459 4 667833339 10 652657158 27 686094675 3 676662959 12 855485733 5 464860144 20 666238941 26 838357697 9 668668515 4 820523606 3 454268408 23 741901746 8 414387968 22 987984450 26 515610664 18 571086625 27 920342151 10 792885949 6 804855488 17 907287088 20 638636533 2 440659506 30 834999882 1 741268754 18 558162085 13 848931586 9 800071526 10 662659373 10 816116316 10 695661426 24 591560374 17 792620209 14 888951203 13 420221360 11 486184360 24 790109312 5 560470900 26 705423977 4 452214262 23 815270908 11 528231496 25 916076377 28 860633514 8 536701675 24 829279482 27 728162981 5 700930532 25 717934150 8 493950577 27 470672619 28 513511968 1 597983833 29 848205679 30 952746953 6 733399702 3 785312144 16 903382016 29 952482698 21 881189804 1 579074006 19 559835527 21 657964483 4 897284542 29 795163661 28 501339266 29 516003257 21 649201902 8 572493764 27 626434391 29 968157774 8 504594362 18 911021895 10 999248746 22 423002497 18 960006576 9 750229929 9 687349463 6 573034800 22 949853376 27 988865672 18 760634617 30 738487851 22 972421033 27 650095094 20 712384073 25 681216859 6 720250961 18 749964357 13 744930053 9 903813764 17 475840479 17 416786428 27 912851917 3 455955336 5 673769728 13 932686971 10 477394827 8 534662232 23 838830376 12 839383348 22 510721498 26 414093241 28 760276832 12 687559680 7 405284763 8 410781868 21 694991421 26 836130662 15 520658447 27 477446736 16 819317385 26 951669219 5 407354757 17 691046766 12 895152500 15 853204140 29 412636342 9 929866029 1 564232464 13 596303765 11 474690076 2 950088439 21 822686797 26 535652602 27 899683746 12 571628939 27 983001066 13 551112604 13 820122036 10 722191656 24 924763445 10 732453276 28 629255689 19 627362877 12 672252387 7 594472153 18 825741357 1 662929873 5 886416961 17 928721780 13 871652723 5 843232445 22 738503710 22 472489080 19 444813699 13 862225045 25 608521072 26 556850080 18 802238834 16 653233278 23 645112108 26 624231630 12 484052928 9 622614341 25 455916804 30 937626220 11 701110258 4 721760984 14 936244675 26 563588738 28 924893272 28 959224681 12 546846841 23 414998425 9 998343675 4 890580602 16 859095259 8 511583148 18 550587927 3 782639591 24 837740370 29 435886466 29 619871267 11 767256567 30 875597898 25 588379303 30 637230269 27 483135844 1 949097008 9 901300975 25 731053475 20 759763577 20 597517672 14 505625319 16 940503428 30 647692514 15 984243134 16 632346406 30 698356857 26 485853871 6 533439980 23 445826204 7 833699748 20 863751345 10 624481599 17 687401119 15 861622189 21 838191137 23 551593782 25 777312792 4 781697656 18 998151505 20 956721310 7 462193634 20 906272575 13 811795308 16 469736727 7 965860311 2 706295564 27 992597541 25 677674709 28 670423520 24 769374923 29 832341203 4 423232502 7 944860651 2 952241545 11 952019789 7 595546017 10 900040174 12 440096380 30 424191790 12 950091985 12 992002498 6 894707316 13 539402579 26 753407222 6 782849796 20 996634085 14 714099891 28 844620893 15 971503605 28 957588720 24 405972144 17 642314205 21 951909374 25 715094231 12 930244181 6 845062430 26 711114130 5 935576127 30 420374202 23 711012380 8 667303526 2 972519076 7 516323092 17 992499043 30 609377814 20 829638626 4 673298399 29 433460303 23 477208323 19 406557933 7 643395780 12 913890944 19 867424275 9 978690787 23 568374390 27 927550442 18 422654110 18 941775108 21 550185896 25 436319238 10 571149986 25 499847685 1 976276452 17 846396977 3 454552007 6 565538056 10 940151189 27 635224051 6 943192113 21 622384436 27 582512545 22 881180637 28 667322784 24 502497304 4 502430253 19 958727282 15 532638322 5 487260464 14 613105660 17 461724130 23 509734966 17 416375483 27 819544176 23 999257302 4 829235041 8 573578879 4 729482942 21 515677543 25 894452704 21 953197104 26 648888061 5 465113387 20 733224313 20 952729016 19 431148205 22 950597891 9 912990754 4 811140570 26 406250123 16 877508017 19 961982753 26 676942182 30 432006032 2 777334925 18 888746840 10 789745171 4 895129966 25 545147186 21 594778198 23 803183260 16 420199764 27 860929440 16 935713637 27 878425690 12 626085923 5 596276050 17 414688343 3 523639336 14 996328641 29 688308491 4 535311812 17 621242341 27 846587313 5 476264072 22 935515479 23 879698386 16 477318864 12 665666029 28 421348118 22 954034400 16 458308453 7 402350361 11 543755814 12 966805288 12 789360807 30 427400558 17 788061933 16 450210982 17 505320115 9 638939266 5 903053976 8 903026110 26 710954974 11 420446967 30 626045972 21 871067527 17 979471984 28 637883347 8 603701156 29 951392991 16 485133105 15 694543782 7 997040474 30 985119299 30 601498072 19 998869587 6 831911331 23 477901284 10 914604256 7 725569196 29 690762141 2 779307875 7 442063938 14 952391005 6 809337341 9 538538128 6 815563554 12 885139528 8 678237272 6 949290081 27 596200440 16 860823145 7 705104916 21 499583158 8 544807558 23 772578656 17 507802017 24 806523613 16 557243070 2 401377247 9 594856079 21 656744390 8 660555914 16 991184150 29 439529090 26 722000516 17 991799675 4 594941785 19 955562817 4 657369980 28 953545287 21 652082433 30 692190654 17 481711968 24 702018079 27 584464163 18 957055685 6 444692972 14 755125614 9 834139299 27 461703713 18 556282635 16 738554974 20 931611813 4 869159162 22 786954162 10 527419937 3 739395428 7 541773764 8 875065389 28 933388434 3 582864450 18 553270963 27 438895864 5 840857124 20 597253656 12 918433714 7 941327693 12 638549638 15 718929243 15 601982585 19 457904872 20 653833713 20 993733302 21 817173473 22 837487095 27 656882060 29 621261655 17 653252923 25 980309838 1 651725302 15 567259625 18 655854322 18 713840334 30 903850763 15 416636642 6 489850485 6 929816874 9 751312024 13 667129444 18 915846378 17 426905336
1 0 0 0 0 0 0 0 0 0 5 0 0 7 0 0 0 0 0 6 2 0 0 0 0 0 0 0 0 0 0 0 0 0 0 0 3 0 0 0 0 7 0 0 7 0 0 7 0 1 0 1 0 0 5 2 0 6 4 0 0 0 0 0 4 0 0 0 0 0 0 4 0 0 0 7 0 0 1 0 0 0 2 1 0 0 0 0 0 0 0 3 0 0 0 0 3 0 0 5 1 0 0 0 0 2 0 0 0 0 0 0 7 0 0 0 0 3 0 0 3 0 3 7 0 0 0 0 0 0 7 0 0 0 0 0 0 0 7 1 0 5 7 0 0 3 6 6 0 0 0 3 0 0 0 0 0 0 0 0 3 2 0 0 4 0 0 0 2 0 6 3 0 3 0 6 0 0 0 5 0 7 0 6 7 0 0 0 0 6 0 0 3 0 0 5 0 7 0 0 2 0 0 4 0 3 4 4 0 0 0 0 0 0 1 0 0 0 3 1 4 0 0 3 4 0 2 3 5 0 0 2 0 2 0 0 4 0 1 0 0 2 0 0 0 1 0 0 0 0 0 0 0 3 0 0 0 0 0 0 1 3 4 0 0 0 0 1 1 0 5 0 0 4 0 0 0 6 0 0 4 3 6 0 0 7 0 0 0 0 7 0 0 0 0 0 2 0 0 7 6 0 0 0 0 3 3 4 0 0 0 0 0 0 0 6 0 0 0 0 0 0 0 0 0 0 0 0 6 0 5 0 0 0 2 0 0 0 0 7 0 2 0 0 0 7 0 0 0 0 0 0 0 2 0 0 0 0 0 0 0 0 0 0 3 4 0 0 0 0 0 0 4 0 0 0 0 0 0 0 7 5 0 4 0 0 0 0 7 0 0 0 1 0 0 2 0 0 0 0 0 0 6 0 0 0 0 2 0 0 0 0 0 0 0 0 5 0 7 0 0 0 1 0 1 0 3 0 6 0 0 4 0 3 0 4 0 1 3 0 0 0 2 2 0 0 0 0 6 4 0 0 0 0 1 0 0 6 6 0 1 1 0 0 0 0 5 0 0 0 0 0 1 0 0 4 3 0 0 1 7 0 0 1 7 0 0 0 7 3 0 0 0 0 0 0 0 0 1 0 0 0 6 0 1 0 5 3 0 0 5 0 0 0 7 3 0 0 0 3 0 0 0 0 0 0 0 0 0 0 0 0 1 3 0 0 0 0 0 0 6 3 0 1 0 0 0 5 0 0 0 4 1 0 2 0 0 0 0 0 0 3 0 0 0 2 0 0 0 4 0 6 7 0 0 0 0 0 0 0 0 0 0 0 0 5 0 7 0 0 0 0 2 0 0 0 7 4 0 6 0 7 0 0 6 0 6 0 0 4 5 2 0 0 0 5 2 0 0 2 0 0 0 0 0 1 0 6 7 0 0 0 0 0 3 7 6 0 3 0 3 0 0 2 0 5 3 0 1 0 0 0 0 0 0 0 0 0 0 0 0 2 5 4 0 0 2 0 0 0 0 3 0 0 0 0 0 0 0 0 0 0 0 6 6 7 0 0 0 0 7 0 7 0 7 4 0 0 0 6 0 4 2 0 0 0 1 0 0 0 2 0 0 4 1 0 1 1 2 0 0 5 0 0 0 0 0 0 0 0 3 0 0 0 0 4 3 2 0 0 0 7 0 4 3 0 0 0 0 0 0 0 6 1 6 0 0 6 2 0 0 0 0 7 7 0 0 0 0 0 0 0 1 0 3 0 0 0 0 1 0 0 0 0 0 0 0 0 0 3 0 2 0 0 1 0 0 1 0 0 0 7 7 0 0 0 6 0 0 0 1 5 0 1 0 0 0 7 0 0 0 0 0 0 0 0 5 5 0 0 0 3 0 1 2 2 6 2 3 0 0 0 0 0 0 7 0 5 3 1 0 0 0 0 0 7 0 3 0 5 0 0 0 0 0 7 3 0 0 0 0 2 0 0 1 0 0 2 2 0 0 0 0 0 0 0 1 0 0 0 0 0 5 0 1 0 0 0 0 0 1 0 0 0 0 0 0 0 2 0 4 0 2 0 3 3 4 0 3 0 0 0 2 0 0 0 0 0 0 0 1 1 0 0 0 1 7 4 0 0 0 0 0 0 4 0 4 1 0 0 0 5 0 1 6 2 0 3 0 0 0 0 0 0 0 3 3 0 0 0 0 3 0 1 0 0 0 0 5 0 0 3 7 0 0 0 7 2 1 1 0 0 0 0 0 0 5 0 0 0 0 0 0 1 0 3 2 0 0 0 0 0 3 0 0 0 2 0 0 0 0 4 0 0 0 0 0 0 0 5 2 0 0 0 5 0 0 0 4 0 0 0 6 0 3 0 3 7 5 1 0 0 0 0 0 0 0 0 6 0 0 0 0 0 0 0 0 0 0 0 0 4 4 0 2 6 0 0 0 0 0 0 0 0 2 0 0 0 0 0 4 0 0 0 0 1 0 0 0 0 0 4 0 6 0 0 0 0 0 0 7 7 3 0 1 0 0 0 0 0 3 1 4 0 6 0 0 6 7 0 3 2 0 0 0 0 0 0 0 2 5 4 0 0 0 0 5 0 0 0 2 5 0 0 0 2 5 3 0 0 1 0 5 0 0 0 1 0 0 0 0 0 0 7 0 0 0 0 0 0 7 0 0 2 0 6 1 0 0 0 1 5 0 0 4 0 0 4 0 0 3 0 0 2 0 0 7 1 0 0 0 6 0 0 6 0 3 0 1 3 0 0 7 0 2 0 4 0 2 5 0 0 3 0 5 0 4 0 0 0 6 2 6 0 0 0 0 0 0 0 3 3 0 4 7 0 1 0 0 1 0 4 5 3 0 0 0 3 0 0 6 2 0 0 0 0 4 0 0 0 0 0 0 0 0 0 0 0 0 5 0 0 0 0 0 7 7 0 0 7 0 0 0 0 0 7 6 0 0 0 0 0 0 0 6 0 0 5 0 6 0 0 0 0 0 0 0 0 0 3 0 0 0 0 2 0 0 0 0 0 0 0 0 0 0 2 0 0 0 0 3 0 0 5 4 0 2 6 0 0 0 0 0 0 7 0 0 2 0 0 0 3 0 5 1 0 0 0 7 6 0 0 4 2 0 4 0 0 0 1 0 0 0 0 0 0 0 5 0 0 0 0 0 0 0 0 0 0 0 0 0 0 5 6 0 0 0 0 0 0 0 0 0 0 0 0 0 0 0 0 0 0 0 0 7 0 1 0 5 0 0 3 5 0 0 0 0 4 6 7 6 4 0 0 0 0 6 0 0 0 0 0 0 0 0 0 1 3 0 2 0 0 0 6 3 4 5 0 6 0 1 6 0 0 0 3 0 0 0 5 0 0 0 6 0 0 6 0 3 0 0 5 0 7 0 0 0 0 0 0 0 0 0 3 3 0 0 0 5 1 6 2 0 0 0 0 0 6 7 0 0 0 0 0 0 0 0 0 0 4 0 1 0 7 0 0 0 0 0 0 0 0 0 0 0 4 0 0 0 0 0 0 5 0 0 0 5 3 0 0 0 0 0 0 0 0 0 0 0 4 5 5 0 7 4 0 0 0 0 5 0 2 0 3 0 0 0 6 0 0 0 0 0 0 0 0 0 0 0 0 0 0 4 0 5 0 3 0 0 0 0 0 6 6 5 5 7 0 1 0 0 0 0 0 0 1 0 2 0 0 0 0 0 0 0 0 0 0 0 0 0 0 0 0 0 0 0 0 0 2 6 0 0 0 0 0 0 0 0 1 0 4 1 0 0 0 1 6 0 0 0 0 0 0 1 6 0 2 6 7 4 7 0 0 0 0 0 0 0 1 0 0 0 0 0 0 0 2 0 1 0 0 0 5 4 0 6 0 0 5 0 0 2 6 4 0 0 0 0 1 1 1 0 5 0 0 0 0 0 4 0 0 5 0 5 0 0 2 3 0 2 0 0 0 0 0 0 0 4 0 0 0 0 0 0 0 0 3 0 0 6 6 0 0 0 1 2 0 0 0 3 0 0 0 1 0 0 1 5 7 4 0 0 7 0 0 7 3 0 0 0 0 1 0 0 0 7 1 0 4 0 0 3 6 4 0 0 1 0 6 0 4 0 6 0 2 0 0 0 3 6 0 7 5 0 2 0 0 2 0 6 0 0 0 0 0 0 0 0 0 2 0 0 0 0 2 0 0 0 3 0 5 0 0 7 0 2 0 2 0 0 7 0 1 0 0 6 0 0 0 0 0 0 0 0 0 3 0 6 0 0 0 0 7 0 0 0 0 5 0 0 5 0 0 6 4 0 6 0 1 0 0 0 0 7 0 1 2 0 0 0 5 0 0 0 0 0 0 0 4 0 0 6 5 0 0 7 1 6 0 7 0 0 7 0 0 7 0 0 0 6 0 0 2 0 0 7 0 0 0 3 0 5 6 0 0 0 6 0 7 4 4 0 2 0 0 0 6 6 0 0 1 2 0 0 5 3 0 0 0 0 0 2 0 0 0 0 4 6 0 1 0 0 0 0 0 0 0 6 0 0 0 0 4 0 0 2 0 0 0 0 2 0 0 0 0 0 0 0 3 0 1 7 0 2 0 4 0 0 0 7 0 0 4 0 0 0 0 0 0 1 0 0 0 5 0 0 0 0 0 0 0 0 0 0 7 5 0 3 6 0 0 0 0 6 0 0 6 0 5 0 0 0 0 2 0 5 0 0 0 0 0 0 0 1 0 2 5 7 3 2 7 0 0 1 5 6 0 0 3 0 0 6 0 3 0 0 0 6 0 0 6 0 0 0 0 0 0 0 0 6 7 0 1 0 0 7 0 0 5 0 3 0 0 0 0 5 0 0 7 0 2 0 3 4 0 0 4 1 3 0 0 0 0 0 3 0 0 0 0 0 3 5 4 0 0 0 0 0 2 2 0 4 0 0 0 7 0 7 0 0 7 0 0 0 0 6 0 0 0 0 0 0 0 0 0 3 0 0 0 1 0 0 0 0 0 0 6 0 0 0 0 2 0 0 3 0 0 0 0 0 0 7 0 0 4 0 3 0 0 3 0 0 0 0 0 0 7 0 1 0 0 0 0 0 0 0 7 0 3 0 0 0 0 0 0 0 0 0 0 0 4 0 0 0 0 0 7 0 0 0 0 0 0 4 0 0 0 0 0 6 4 0 5 4 0 1 0 0 3 0 0 0 6 2 0 0 5 0 0 0 0 0 0 0 7 4 0 0 5 1 0 3 7 3 0 0 0 4 4 0 0 0 0 6 0 3 0 1 0 3 0 0 0 0 7 7 4 2 0 0 0 2 0 0 0 0 0 0 0 0 0 0 3 0 0 0 0 0 0 1 6 0 0 0 0 6 5 0 0 0 0 4 0 7 0 7 5 0 0 0 6 0 1 0 0 0 0 0 0 0 0 3 0 4 0 0 0 0 0 0 4 7 0 6 0 7 0 0 0 0 0 3 0 2 0 0 1 5 0 7 3 0 0 0 0 0 1 0 0 4 0 0 0 0 0 0 0 0 4 0 4 0 0 0 0 0 1 0 4 0 0 0 5 0 0 0 0 7 3 6 4 0 0 6 0 3 0 0 0 4 0 0 0 6 0 0 0 0 0 0 5 4 0 0 0 7 0 0 0 0 0 6 0 7 0 0 1 0 0 3 0 0 0 0 0 0 5 4 0 0 0 0 0 4 2 7 3 7 0 2 5 0 0 6 0 0 6 0 2 0 0 0 1 4 4 3 0 0 0 3 0 0 0 0 7 0 0 0 5 0 0 0 6 0 6 0 0 0 3 0 7 0 0 0 0 0 0 0 0 0 5 0 1 3 4 0 0 0 0 0 4 0 0 5 0 0 0 0 0 0 5 0 0 0 0 0 6 3 0 0 2 0 0 0 0 0 5 0 4 0 0 2 0 0 2 2 7 0 0 0 0 0 0 1 0 0 0 0 0 0 0 0 0 0 0 0 7 6 0 0 0 0 0 0 0 6 5 6 1 2 0 3 0 1 0 0 0 0 5 2 0 0 2 0 0 4 0 0 0 0 0 0 0 0 0 0 0 0 2 0 0 0 5 0 0 0 0 0 0 0 0 0 0 0 0 5 6 0 0 1 2 0 5 1 0 0 3 0 3 0 5 0 0 0 0 4 0 0 0 0 0 6 0 0 0 0 0 1 0 0 5 3 6 0 4 0 0 0 0 0 3 0 0 4 4 0 0 0 0 0 0 0 5 0 0 0 0 6 0 0 0 0 0 0 0 5 0 0 0 4 4 0 3 0 4 2 0 0 0 0 0 0 0 3 2 0 2 0 0 0 0 3 0 0 0 0 0 5 7 7 0 0 0 5 0 0 0 4 0 4 0 0 0 0 0 0 0 0 0 0 3 0 5 0 2 4 0 2 0 0 0 0 0 0 3 7 6 1 6 0 0 0 0 0 0 0 4 0 6 0 3 0 0 3 0 6 0 6 0 0 7 5 0 0 0 3 3 0 0 6 0 0 5 0 0 0 2 2 1 0 0 1 1 0 0 0 6 6 0 0 0 0 0 0 0 0 0 0 5 0 0 0 5 0 7 7 0 4 5 0 0 2 0 2 3 5 6 0 0 6 0 0 0 0 0 0 1 0 0 0 0 0 6 0 0 0 3 0 0 0 0 0 0 0 3 0 2 0 0 0 5 0 0 0 7 0 0 0 0 0 0 0 0 0 3 0 0 0 3 3 0 0 5 0 0 3 0 0 0 0 2 0 0 6 0 0 0 5 0 5 0 0 7 0 4 0 0 0 7 0 0 0 0 1 0 1 0 0 0 0 2 0 0 3 6 0 0 0 0 2 0 5 0 5 4 0 0 6 3 0 1 0 7 0 0 0 0 0 0 0 3 0 0 0 2 0 5 1 4 0 0 0 2 0 0 0 0 6 6 4 0 0 0 0 0 6 2 0 6 0 0 0 6 6 0 0 0 0 0 0 1 0 5 0 0 1 0 0 0 4 3 0 0 0 0 4 0 2 0 0 0 0 1 0 6 0 0 1 0 0 1 0 0 0 1 6 0 0 1 0 0 5 2 5 2 0 4 0 0 0 0 0 0 0 7 0 0 0 3 4 0 0 0 3 0 0 2 0 0 0 0 0 4 0 0 0 0 0 0 0 0 0 6 5 0 0 0 0 0 0 0 0 0 0 0 0 0 0 0 6 4 0 0 0 0 0 0 0 0 0 0 0 0 1 0 0 0 0 0 0 2 1 0 6 1 0 0 0 0 0 0 0 0 0 0 0 0 6 0 0 0 0 0 6 0 0 0 0 3 0 1 0 0 1 0 0 5 0 7 7 5 0 0 0 2 0 0 0 6 0 0 0 4 0 0 0 0 0 0 0 0 0 0 3 2 0 0 0 0 7 6 0 0 2 0 0 0 0 4 0 0 0 0 0 0 1 6 0 0 4 5 0 1 0 0 1 7 0 0 0 2 0 0 3 0 0 0 1 0 2 3 0 0 0 2 3 0 0 0 5 0 6 0 0 0 3 0 1 5 1 0 0 0 0 1 0 0 0 5 0 0 5 0 0 0 0 0 0 0 0 0 0 0 0 1 0 0 0 5 0 0 4 0 0 0 0 0 0 1 0 4 0 0 0 2 1 0 0 0 0 7 0 0 0 7 0 0 0 0 5 0 0 0 0 7 0 2 0 4 3 0 3 0 7 4 0 0 5 0 0 0 0 0 0 7 0 0 7 7 0 7 0 0 0 0 0 7 0 2 4 6 0 0 6 0 0 0 0 0 0 0 4 2 0 0 0 0 0 0 0 5 0 0 0 0 5 3 0 0 5 1 0 0 0 0 0 0 0 0 0 0 0 3 0 0 0 0 0 7 0 0 0 0 0 0 0 4 0 0 5 0 0 0 0 0 0 0 0 0 0 0 1 5 1 0 0 3 0 0 3 0 0 0 3 0 0 0 4 0 0 0 0 0 0 7 0 0 0 1 0 0 0 0 0 3 0 0 0 0 0 0 4 0 0 0 0 0 0 7 0 4 2 0 0 0 0 0 4 0 6 0 0 0 0 0 4 0 0 0 0 0 0 1 0 0 0 0 0 0 0 3 0 5 0 0 2 1 1 0 0 7 7 5 2 0 0 0 3 4 2 0 0 0 0 0 5 1 0 0 0 6 0 0 2 6 0 0 0 0 0 5 0 0 0 0 0 5 0 4 0 4 0 3 0 0 0 0 0 0 0 0 0 3 5 5 0 3 2 0 0 0 0 4 0 0 0 0 0 4 0 3 0 0 0 0 2 0 4 6 0 2 0 0 0 0 0 0 0 4 0 0 7 6 0 0 0 0 0 0 0 0 3 0 0 0 0 7 0 5 0 0 0 0 0 0 0 0 0 2 0 4 4 6 0 0 0 7 5 2 0 0 1 0 0 0 2 0 0 1 0 0 6 0 7 6 0 0 7 0 0 3 0 0 7 0 0 3 0 0 0 0 0 0 1 0 0 0 0 0 5 0 0 0 0 0 0 0 0 4 0 0 0 0 0 5 0 3 0 0 0 0 7 3 0 0 0 0 0 0 0 0 0 0 0 0 0 7 0 0 0 3 0 0 0 0 0 0 0 0 2 0 0 1 0 0 0 0 0 0 0 2 0 0 4 0 0 0 0 0 0 0 0 0 0 6 0 0 0 4 0 5 0 0 4 0 0 0 0 0 0 0 0 0 6 0 0 0 0 0 0 0 0 1 6 0 0 0 0 2 0 0 7 0 0 0 0 3 4 0 0 5 0 0 0 0 4 0 5 1 0 0 2 1 0 0 1 1 7 0 0 0 6 0 0 0 3 4 0 3 0 0 0 0 0 2 0 2 4 4 0 0 0 0 3 0 0 0 0 0 0 0 0 0 0 0 7 0 2 0 0 0 0 2 0 0 4 0 0 0 1 0 6 7 2 7 0 0 5 0 0 0 0 0 0 0 0 0 0 0 6 0 0 2 0 0 0 6 4 0 0 0 0 0 0 0 0 0 0 0 6 6 0 0 0 0 0 4 0 3 0 0 0 7 0 0 0 0 6 0 0 6 6 0 0 0 0 0 0 0 0 0 0 0 0 3 0 0 0 0 6 0 0 2 5 3 0 0 7 0 5 0 5 0 0 0 0 0 0 5 0 5 0 0 0 0 0 0 0 0 4 0 0 0 0 3 0 3 2 5 0 0 0 6 4 0 0 0 0 0 0 0 0 0 1 0 0 0 0 0 2 0 0 0 4 0 0 3 6 6 0 0 0 5 3 6 0 0 0 4 0 0 0 0 2 0 0 0 4 0 2 7 0 0 2 1 0 0 0 0 0 5 3 0 4 0 0 3 7 2 5 0 0 0 6 0 0 0 4 2 6 4 0 0 0 7 0 6 0 0 0 7 5 1 1 4 0 5 0 6 0 0 0 0 4 1 0 0 0 3 0 7 0 0 0 0 5 0 0 1 6 0 0 0 0 0 0 6 0 0 0 1 0 0 0 0 0 0 2 7 5 6 0 0 0 0 7 7 7 0 3 0 0 0 0 0 0 0 0 0 0 5 0 3 0 6 0 0 6 0 7 5 0 4 2 0 0 0 0 0 0 7 0 0 4 2 0 0 0 0 0 0 0 7 0 0 4 0 0 5 0 0 0 0 0 5 7 0 0 0 0 0 0 0 0 0 0 3 0 0 0 0 0 2 0 3 0 0 0 0 4 1 0 4 0 0 0 0 0 0 0 0 1 0 0 0 1 0 0 0 0 4 0 0 0 4 0 0 0 1 0 0 6 0 0 0 0 5 0 4 0 0 4 5 0 0 0 4 0 0 0 0 0 0 1 0 7 0 0 0 5 0 5 0 0 2 0 0 0 0 0 7 4 0 3 2 0 2 4 0 0 0 0 5 0 0 0 0 0 1 1 0 1 0 0 0 1 0 4 0 0 0 0 0 0 0 7 0 2 0 0 0 0 0 0 0 7 0 0 5 0 0 0 2 0 5 0 0 0 5 0 0 0 0 3 0 0 0 5 0 3 0 0 0 0 0 6 0 0 0 6 4 0 2 0 0 0 5 1 3 0 0 0 4 1 0 0 2 0 0 4 0 0 0 0 0 7 0 0 0 0 0 4 0 0 0 0 4 0 0 0 4 0 0 0 2 0 0 0 0 0 0 0 2 3 0 7 0 3 2 6 0 4 0 0 7 0 0 0 2 0 0 0 0 0 0 0 0 0 0 0 6 0 0 0 0 0 5 0 0 2 0 0 3 0 0 0 0 3 5 2 0 0 5 2 0 0 0 0 0 0 0 0 0 6 0 0 0 0 0 5 7 0 7 0 7 0 0 0 0 5 4 0 0 4 7 0 0 0 0 0 6 0 7 0 7 2 0 0 0 5 1 5 0 0 0 1 0 0 0 1 5 0 0 1 4 0 3 0 0 4 5 0 1 4 3 0 5 7 0 0 0 0 4 0 4 0 5 3 0 7 0 0 5 0 7 5 6 0 5 0 0 0 6 0 6 0 0 0 5 5 0 0 0 0 0 0 0 0 0 0 0 4 0 1 0 1 0 4 1 0 0 3 0 1 3 0 0 6 0 0 2 0 5 0 0 0 0 0 0 0 7 1 0 2 0 0 0 0 7 0 0 0 0 0 3 0 0 0 0 2 3 0 0 0 6 2 0 0 0 0 0 0 5 0 0 0 0 0 5 0 0 0 7 0 0 0 0 3 0 0 0 3 0 7 0 2 0 2 0 0 2 0 0 4 0 0 0 0 0 0 1 0 6 1 0 0 2 4 1 0 0 0 4 0 0 0 0 5 7 0 2 0 6 0 0 0 0 0 6 0 7 3 0 4 0 1 0 0 0 6 0 0 1 5 0 0 7 0 0 0 0 1 0 0 0 0 0 0 0 0 0 0 0 0 0 0 4 0 0 5 3 0 3 0 1 7 0 5 3 6 2 1 0 0 0 0 0 6 0 0 0 0 0 1 0 0 0 0 0 0 3 0 0 0 0 0 1 1 0 0 1 2 6 0 0 0 0 0 0 0 0 5 3 0 0 3 0 0 0 0 0 4 0 0 0 0 0 0 0 3 6 0 7 4 0 0 0 0 0 6 0 0 0 2 0 0 0 0 0 1 0 0 0 2 0 0 0 4 0 0 0 0 0 0 6 0 1 5 7 1 4 0 0 0 0 0 0 0 5 5 0 3 6 2 1 0 2 0 4 0 1 0 0 0 0 6 0 0 0 0 0 0 0 0 1 0 3 1 0 0 7 0 0 0 7 6 0 0 0 0 1 0 0 0 0 0 0 0 0 0 0 0 0 6 0 0 7 0 2 0 0 0 0 0 3 4 0 0 0 0 0 0 0 0 3 7 0 0 0 0 0 5 0 0 0 0 3 0 0 0 0 0 0 0 4 0 0 0 0 0 0 0 0 0 0 0 0 0 5 0 0 0 0 6 3 0 0 1 3 1 0 7 5 2 0 6 0 1 0 1 0 0 0 3 0 0 5 3 0 0 3 4 0 0 5 7 2 0 3 0 0 3 3 3 0 0 0 4 0 0 0 0 0 5 0 0 6 1 0 0 0 6 0 7 0 0 0 6 0 0 0 7 0 0 0 0 0 0 0 0 0 0 7 2 0 0 0 0 0 0 0 0 0 0 0 0 0 0 0 6 0 0 0 0 0 0 2 0 0 0 7 6 0 0 0 6 0 0 7 0 5 0 7 0 0 0 0 0 0 0 0 6 0 0 0 0 0 3 5 0 1 6 0 0 0 6 0 0 0 0 0 0 0 7 0 0 0 5 0 7 7 0 0 4 0 5 0 0 0 0 0 0 0 0 0 0 5 0 0 0 3 0 6 0 0 0 3 0 0 0 0 0 0 0 2 3 0 0 2 0 0 0 1 0 0 0 0 0 7 7 0 0 0 1 0 0 0 0 0 4 0 0 0 3 0 0 0 0 0 5 0 0 0 0 2 5 6 0 6 1 5 0 0 0 0 0 0 0 3 2 0 0 0 1 0 7 1 0 0 0 0 0 0 0 0 0 0 0 0 1 0 0 0 0 5 0 0 6 0 4 0 4 0 5 0 1 1 3 0 0 7 0 4 0 0 0 2 0 0 1 4 0 0 0 6 0 1 7 0 0 3 3 0 4 0 0 0 0 0 0 7 6 0 7 1 0 0 0 1 0 0 0 5 0 0 0 1 0 4 0 5 4 0 0 0 0 0 4 5 4 0 0 0 0 0 6 3 0 0 0 4 0 5 0 0 0 0 0 0 0 0 0 0 0 2 0 6 0 0 0 0 0 0 2 0 7 1 0 0 0 0 7 3 7 0 0 0 0 4 2 0 0 0 0 0 0 3 0 0 0 0 0 7 6 0 0 0 0 0 5 6 5 0 0 0 0 6 0 0 0 0 0 0 5 6 1 0 7 0 6 0 0 0 0 1 0 0 0 6 5 7 0 0 0 1 3 0 0 0 0 2 0 0 0 0 0 0 0 3 0 0 6 0 0 0 0 0 0 4 0 4 0 0 5 0 0 0 7 0 2 0 0 0 7 0 0 0 5 1 4 0 0 0 0 0 0 0 0 0 0 0 0 0 0 0 0 0 7 0 0 2 4 0 0 6 0 0 0 0 0 0 0 0 0 1 0 0 0 0 1 0 0 0 0 0 0 0 0 0 0 5 2 0 5 0 0 0 6 7 6 3 0 0 0 0 6 7 0 1 3 0 0 0 1 6 0 0 4 2 0 5 0 0 0 0 0 2 0 2 6 0 0 0 0 0 0 0 0 0 0 6 0 0 0 0 0 0 2 7 0 0 0 0 0 0 2 3 0 0 0 0 0 0 0 0 0 0 0 1 0 0 0 0 6 4 5 2 0 0 0 0 6 0 0 0 0 7 0 0 3 0 0 0 0 0 3 0 6 5 0 0 0 5 1 0 0 5 0 6 4 0 0 0 0 0 0 3 3 0 0 0 0 6 0 0 0 7 2 0 0 3 1 0 0 7 0 0 0 0 0 0 0 0 0 0 0 0 5 0 2 0 0 0 0 0 0 0 0 0 0 0 0 0 7 0 0 0 0 4 0 3 0 0 0 0 0 3 0 7 0 0 0 0 0 0 0 0 0 3 0 0 0 0 3 0 0 0 0 0 0 0 0 0 7 0 0 0 0 0 0 0 0 0 1 0 0 0 0 0 0 0 4 0 0 0 0 0 0 0 0 0 0 0 1 5 0 0 0 0 0 7 0 2 0 0 7 0 0 0 0 0 0 4 0 0 3 0 0 0 0 2 0 7 0 0 0 3 0 0 0 0 2 0 6 0 0 0 0 4 0 0 0 6 2 0 0 6 0 6 0 0 7 0 3 1 0 1 0 0 1 0 0 0 0 7 0 0 0 2 2 0 5 0 0 1 0 0 0 7 0 0 0 0 5 7 6 0 0 0 0 6 0 5 0 1 7 0 0 5 0 0 0 0 0 0 0 6 0 0 0 0 3 0 0 0 6 0 6 2
8
693034225 476633952 649704452 867593317 696240409 988000325 182419043 170735429
0 2 1 0 5 3 6 7
79
733 719 251 540 6 343 722 609 894 250 842 587 299 420 653 239 673 564 255 535 510 920 290 962 950 543392665 506748897 646332362 645840284 966765328 879765636 570042931 644182285 576173239 655789805 904921839 706200267 879335128 942163472 809165536 937832519 568227371 902893552 946141015 958134173 678668346 824617983 978883551 733233051 865788784 697498424 703415482 529933708 305 114 574 288 470 841 288 57 91 369 822 608 664 502 34 213 698 993 497 418 376 7 783 206 447 378
0 1 3 0 0 0 0 0 0 0 0 0 0 1 15 0 0 0 0 0 0 0 0 0 0 0 1 0 0 0 0 0 0 0 0 0 0 0 1 0 1 3 0 3 0 0 0 0 3 0 0 3 0 0 0 0 2 0 0 0 0 0 1 0 0 0 3 0 0 0 0 0 0 11 0 2 0 2 3
94
928 937 878 42 22 816 984 271 242 359 872 101 278 120 613 517 690 886 478 407 553 458 105 771 99 534 863 529 978 605 540175867 733156640 542572636 947671135 877866464 771686902 797259693 899238605 791634120 837261580 679400791 997027510 862482325 702156368 987149455 644847107 819653629 983504215 883298241 789822807 686139610 877195899 832983553 855126363 876111755 529255232 604888703 765812788 630819300 956784792 972176898 905442372 989119990 50 681 948 866 572 536 106 182 777 551 955 578 146 33 719 900 839 468 811 534 407 228 134 227 484 137 964 461 372 756 983
0 0 0 0 0 0 0 0 1 0 0 0 0 3 1 0 0 0 0 0 0 0 0 0 0 0 0 0 0 0 0 0 1 10 0 3 0 0 1 0 2 0 0 0 0 0 0 0 0 0 0 2 0 3 5 0 0 0 0 0 0 0 3 0 0 0 0 0 0 1 0 1 0 0 0 0 0 0 0 0 0 0 0 0 0 0 3 0 0 2 0 0 1 0
6000
760030000 21272068 92428320 100403713 556226484 760083380 400358334 656795609 669508373 914292950 545643177 763614700 474810327 665866665 837676542 638140833 983529298 967777629 619578608 557964946 796309553 852785301 168582466 708808974 749634292 409170923 125160400 314788504 308570222 358748268 988988678 367281254 270047815 167201304 297741671 174312930 692749690 70277219 310388743 258201389 703828696 633479351 493611282 524110231 871391108 904047344 600398403 103058984 44096374 420462558 754240365 50866203 619362296 207237575 473592054 777317213 367452204 486579938 677187159 995537170 777849219 773493212 547272349 988981777 740139591 721180247 504053483 849849187 55673362 73499494 189901046 496409288 842601045 9665043 318780295 910189361 874727635 805365210 221574397 489677127 569827363 552402219 973214664 99182051 787658289 625911787 487078127 739450004 795067581 771443187 145729675 539402268 941425114 405794704 784878154 34968307 652555376 845874178 826242541 161483203 957324475 707759101 918856650 763014634 305043147 371618346 535502666 431817211 246740226 970155431 722263916 362842173 479496857 940991619 957340481 47672618 294381595 54346819 278075502 329320434 739755495 248057440 41351597 383314165 508901554 757131975 680799052 479700045 336304131 192734295 246020012 159529026 244957366 434321254 858351043 285525971 678785914 229343805 402139035 685092660 596875091 150695319 870112464 890472010 155416600 388251430 147325206 484239153 102531830 450650638 383284401 979614903 62897387 69557096 246409468 382665950 546314059 447678145 6987491 909687645 25427007 752177304 710224232 508524576 573131073 820510435 514332193 700615620 101462434 337336715 164644280 907013148 593409285 451741419 71208042 919442095 69801953 157106261 543306377 638987575 233666562 313323149 149461242 445923875 419084040 746057804 913210296 318629654 817730278 366376126 446642255 706193254 404776548 860420612 378858593 634876573 478760862 531072435 228432421 89268988 564307588 434250580 865100003 347357683 335042904 562698978 108294521 525421226 310215986 508655439 658675417 203014268 728607871 416061695 182757001 978830710 500216190 742865482 670693153 450661596 139519682 574248958 29169872 565693349 678834099 143052764 72580568 114626810 104231180 891395351 845586702 341546171 603847518 265481432 549149275 838514682 817388428 200405692 922667837 718475645 670228302 204798804 360309574 412920384 256210350 90324643 784498844 288398833 779161485 777692836 481916536 69007731 787343903 290556866 836899751 266488155 341660011 44019550 970587916 981384310 780422348 815606861 760703004 955509825 184889714 994729303 16670560 613581679 635681506 342807481 252354295 222482023 920562034 774641060 970632465 209754052 609775310 145143996 803062389 386029267 124137590 878641817 100518140 151762968 635293245 319764809 441551891 375058889 466250443 194322892 423871293 435285073 365984284 767191191 930068623 976858319 633840128 875262994 437771571 250107285 580544153 832029466 283845605 810449065 759666399 442246015 613427577 193363527 680695071 225004167 773179731 703828828 937371512 182482794 989960685 201799693 997043293 393538003 10473300 633356846 53878038 63636581 672682412 539282380 836388414 68532020 194293160 244070308 416251974 471068232 353241362 678604201 895366129 341704222 860629833 855240578 519917270 368940070 117334974 286920969 958767074 454269254 22108790 387203277 134358995 936284757 607654027 525394065 441404350 562445473 57654955 58037707 909483401 976179306 139761047 318589990 541241969 486728036 804334245 86410240 73155462 474842937 591536703 996130028 698224170 366007301 820377186 218680370 808159382 464462040 35065120 869638474 382321237 164457016 170186014 524185701 691970247 421336732 475450391 332489444 507835808 52574962 410769239 4163550 870779750 537272089 77894208 142423199 504397814 282194536 588672201 220765987 21201151 667316774 844105721 139162783 762920581 902562319 201964657 927917561 106465632 370450646 907252960 613629515 682765754 745648797 597353100 981887844 769033621 135266174 884376016 106319942 656675651 253196294 105904792 765499817 472142828 532606900 852599014 347986551 746658827 235289471 216000849 213432910 577861617 270954061 606475137 433846785 196086849 354998141 538359988 849398295 663344754 196279134 156916796 110156107 609515857 461748149 532137983 921138954 523182460 600243259 668652790 603638776 845455847 272383773 471208366 330580587 665740379 536179579 155515594 772577006 494890482 744623081 215671678 236865216 326521245 954462448 558641686 297487955 949481118 16402830 59746413 674374093 788989198 812573106 653417590 936067466 545406040 897850561 879426231 424448151 31987644 140171796 536515785 688634169 362527437 345289079 865851354 924259685 309452788 178953644 122283818 51859269 109722858 278812390 71059601 247924153 71768898 431755087 977983224 298900179 115646173 832681858 45152475 244566618 141485171 252294929 36565198 396651592 105532945 760439040 468841973 714169676 389708693 139629128 743312522 278930761 780302644 999280213 817898586 995478485 462874101 942687625 164490568 683157691 86174260 49662391 845004745 503001721 929102368 455915176 532728167 460379331 890942524 205080217 395859263 971842302 323053026 873213115 915701378 235348166 348627387 524204978 192549623 5523560 643489352 699933719 963434359 899601256 103429213 232637174 59748464 865764605 55720864 832639057 328286819 877514896 9973006 453376410 723913831 746812993 666185591 207543869 414962339 248140642 31493629 438991380 846943959 452819194 754685593 790619121 734032596 767970883 810063510 878530584 209332991 725379884 285111060 318694593 478035155 362820311 600909190 819777178 565079388 503991836 853601844 45749572 982617020 283714565 872730298 129701842 986989993 362643536 872387207 935011661 699932141 324141040 160007007 711285554 205936869 239861132 833703386 423635953 397360387 696974335 578550755 522546544 336694092 69693142 2181433 235848583 301259739 173639381 639724017 794574466 249539676 749750386 966139634 195625890 501423250 439931480 110221431 543226780 330682065 771756006 908667025 622710552 463988356 595262382 287996835 358831411 929241256 676223990 362176228 792367614 713285711 615071546 189944032 387443452 854523679 463026856 175025656 598590376 883469265 494063778 373235421 65615853 257472178 966983488 322840857 833994412 531265060 393200331 390888838 736127033 143425822 642383427 848424660 390565086 163471272 667153883 441673224 706625367 995914081 80127863 295919351 271190357 585773049 335007541 372817103 637624827 438313911 930093537 567003791 766739556 567700979 807643519 273817994 684387355 382699933 533705157 397238249 315324833 729875893 756063390 79251749 975740138 464329680 974586536 737416337 707029984 357652122 207964599 770199502 345769183 648891982 256316240 21665620 354713399 853876032 78627631 987461872 806540206 392476244 480851393 853034560 432481531 667694979 654860458 734781753 371657804 805986397 404639553 946095778 524380097 703551618 200397071 705341078 441922286 473936424 584632404 83867910 679528285 302751385 105712258 585546805 126405386 419134129 909705408 116605754 895563493 575173476 765980776 491557505 342583636 363014710 172013961 773317706 612072622 694776769 397754213 1019689 848930241 34959411 926651124 559706756 866482252 695998925 254356320 632079128 699891078 972047205 174788743 654099317 627806357 689943268 358685564 716010621 1528600 246168521 192207623 46170089 500950430 57033637 694287392 414877380 336367661 941126301 446957687 847752174 669177532 524755947 269858543 889041050 455822776 105863773 220895775 305582800 387939459 673960661 51385552 320744428 122122224 503606983 632695426 392284957 142669513 724754622 731750374 226997223 458606153 252456663 610798949 186903713 306159266 177707844 657717656 554091768 470662009 326166218 682612173 934585962 761828965 425357635 95638153 442233548 671933299 375248413 683701761 818978501 942281125 602986202 842739871 727485008 21035886 346629006 560044931 5463870 635236152 944016228 297557759 102646194 599610846 954937113 114568986 590525603 844446002 428138879 876137486 317313629 348146296 799087100 963534027 633916672 461724905 493987592 500712306 122720512 993036338 36268211 2957274 252091811 231738098 932578076 914933774 203906950 16666431 473274107 158875852 854680345 286600482 925866520 112432136 518893854 327382294 33364945 778617703 72193838 971779213 909467544 609305285 330473012 101192299 520084339 574570159 873454831 605228425 774035579 680999658 140023413 18781491 993836893 349848298 482699435 117195690 71413468 263436891 43949773 839117475 532637261 259190684 764165100 855902663 467060249 102254655 528108395 625110833 531311166 970051979 593119106 626775539 587848911 771068666 494427067 513521297 307546736 234705083 589803384 307667332 283194074 554196017 183145579 788663736 818107741 469674098 496017179 609965838 198203225 985578184 379337062 740533467 81806020 719868724 521992441 55119975 897969831 653998310 192954330 303126383 280714145 422365894 324729055 839794340 352830050 784301551 473223732 596847658 980447281 604787246 579681241 69518362 654306151 826899079 149643298 555172608 268306930 593680816 66665525 376672349 150878675 482417813 971711119 663318310 498738080 581926098 575669632 342073923 578962179 666417468 97183658 128020241 697951544 960626777 746858630 273221089 163093395 293010658 31115999 637220982 156875768 356570184 542447444 966676107 699391841 297335597 468263130 408704587 730707548 130355687 509925177 976282327 853611402 533470464 302128522 311950532 232901666 514617784 531287743 626339994 575757419 456132225 547283995 135267670 2296389 897048962 480211894 94994664 843005857 654521622 459067130 604738230 487356676 114605130 105168681 464682520 185176073 642581858 561665492 61256410 919319516 386847316 125974885 820245949 810997695 607650123 528888214 75942645 783543176 697831205 909982200 210491564 636667425 344025590 879299694 212716926 582341639 946593155 436385711 175102715 204261324 641041352 734289351 311971369 642907798 386083187 195374742 145590783 275991709 5714022 829792847 67297259 47516080 160224824 154229755 843694157 268730801 302869685 282678772 641882874 615577365 888867930 872141930 697586106 152377701 55746266 961472481 117625545 865262015 599945627 444236209 63662938 288646485 285557306 149831813 893588495 927678445 897730307 321310429 151912323 156551775 203638137 327726476 365834432 598632731 743321300 472763450 176636361 93749920 22749310 388185058 51074578 242408966 119830165 108549973 281603330 942772597 228271725 94009782 146627704 622367403 886361867 764778749 626103619 287219579 114588586 924854900 733078953 763551816 20067898 14599996 467263969 733668494 573056476 148575945 632333977 13100378 42662759 83835234 599137648 420293069 221283815 614933666 672822653 92114844 44306712 703791610 114704838 851840915 671212015 328843564 706553802 788656653 82283282 348159185 202620408 584512382 273989467 434696917 418717237 511272170 644534360 980337910 7489115 757962859 799864526 762066760 190181556 999270830 53122866 747034803 762668163 899441270 373012014 963846003 729996923 674618648 824285474 404321688 953510726 480274174 381348001 282920324 174811135 193499429 716427504 298845808 603714232 623482014 776763530 464422630 585935093 405782800 583644830 845264712 164639791 757286196 49540495 176890440 718441555 210005848 704985459 980316014 736277568 655201757 694026901 322567574 603437133 953454521 107444212 685842799 285618880 799954166 590927297 408251901 125528151 989706545 425135589 451668759 33426627 97949724 63033464 675998697 316489513 237266940 886797899 2346356 968006815 968016427 755872096 149131017 312442037 128374167 830624108 233368274 601858537 698858305 622245468 352499785 103219249 113420480 549186764 15347391 396491126 350843579 62106769 371039190 658746387 774695283 968006449 817430023 505487194 563255606 783562854 760919838 461696527 426572013 990657183 968466617 284313835 682444943 466922879 539547340 226797850 314593195 126043740 142947359 665571005 271018979 412776641 744607950 177100649 546377579 428689132 590389961 49755815 96213902 228639313 675436114 803421298 884879657 517410325 438847105 46453180 429246254 105428883 431928771 872274153 956028707 715889883 840648279 968203345 791714721 123658542 903445200 536474307 152527061 25675652 482075798 3397629 434329345 633254150 745208420 581307701 799391484 872955795 364907723 730950547 159762606 221575231 248768686 305500340 690679702 368611792 616510916 211892009 60828996 498556736 966125850 685424886 249943006 526621246 217453966 726793235 157308063 411494828 145939541 433593582 804673620 541289506 814894965 477635815 267283421 329557098 857993292 30678739 495141554 351742466 888527879 701738874 60161371 56138141 384367148 854954521 832165879 265434530 949836561 809546465 439840950 893155499 146980962 155157366 445571679 637133320 610018207 460576112 473052875 477609018 352566939 800513757 845070696 635725688 396157438 542156477 6201271 241238573 834109892 782973317 965513165 370423672 663506877 178262941 688913622 156363690 657903627 131166178 863262606 184812236 472023974 660776485 121885382 156222230 156637403 980039081 848485861 32704377 539417545 548585385 603471716 758830614 395727075 299652560 455023441 776496837 756170097 773515455 408365005 341160335 918930958 559437962 67452814 931776820 952405291 890941755 363527262 162655142 474334603 703360846 442203545 451839116 107099333 693119539 537843379 726826944 83757510 212464848 748292016 284352978 126952780 289329660 704604074 773380738 293471339 252077829 803219791 590311753 598780172 476761131 164862817 257904081 728542313 54687522 520086836 623852153 965702035 277886868 867130675 202125010 94198764 416151453 567176027 786149412 409873325 486599245 289979325 900697066 800763489 716570666 854413569 50539089 77039976 283868587 782894814 2989758 761717366 613739454 84183203 371487813 203436561 176762947 953694642 523451442 994563094 825638542 926671871 285726852 330200116 354730985 430849173 19737709 425818735 650327567 915013137 94887123 12438431 487409075 899669285 763482322 435531758 182943479 746935574 43157560 996626270 479351285 475860031 831367176 353385537 386754874 37587084 105870072 872440255 293928006 197291520 531302898 832004179 88826381 187028783 785344663 351068750 187947897 297965508 903975863 292339283 968102885 902994173 440138714 169194969 723546019 337602602 485883322 904845741 771542136 976748849 771485895 264489069 871160347 455207181 770107298 295036685 217207993 856546378 934941858 412839766 364663156 105077131 89669202 408773218 462608095 843080197 635561968 439578914 283819395 211877889 969232368 462544088 404649566 786796382 47036024 658602909 823562079 657031180 271979489 486125276 145989099 231971474 325295932 459724757 895644507 128554120 361895115 161716251 576857468 136579358 399395971 98300950 22603021 777787796 518789265 53245826 44383812 428019648 727685586 916259311 128032586 379781771 144741465 683797823 816872122 967554676 30448621 967850538 606555686 283230731 789037704 280083133 422002834 752642167 699079385 695340246 218740983 962715121 497409219 442725546 873429697 213546567 332892636 871098176 780386898 788135258 99567599 174436084 518563197 630473632 462138234 513059829 439966731 907288226 812809265 168117446 156247097 395324799 554336121 110253248 291336504 472906088 916389101 182862991 631336876 622784034 568247005 718635697 392043054 389389959 13016266 521977339 325309386 74955013 876940780 600457747 458609794 230899741 236282284 118902262 943957449 159177445 296101930 161444468 624924936 974226311 513321656 98444463 857379868 451014592 266485852 654153888 732703702 982972769 524431954 888922514 950116474 179072722 939953800 867869349 557956672 523452298 202606113 783993676 35681239 590330520 427995635 172463567 613886173 403627805 959449352 520564682 976224872 32779472 239947041 390000812 675595136 886309496 226136366 341899833 570617762 608663158 685048791 465893641 663749439 429039928 109916662 792375047 442681914 163701191 688557851 554085874 210322030 250014266 955512839 588236255 481255974 287841856 458295089 104239029 312476323 671718299 368435012 258533807 789942938 677725855 530517919 396956126 754442931 795683511 735434451 424867493 125478411 533392609 397055785 903518523 942681267 421496877 188096794 86276140 565310510 878750785 716546005 387106264 158386167 51787736 697997244 736348915 857278457 876627774 118281959 794139908 863861525 544122582 845377951 581869798 71476640 130080149 536121060 133237577 798698978 592305540 477946088 376410417 72849560 334240833 494661522 304565878 480576370 666686334 699324156 332846659 506019734 396914561 411045878 792036248 118986779 55478691 101520512 930981320 841639055 671214289 906190931 801186043 959246706 873180686 496295257 347314861 751524536 682672367 670551089 544313389 527880267 259615773 896757932 508421919 744820871 635887063 274723411 515408379 798234301 14119021 446388958 257247884 251110320 397687494 452544702 996057201 835405850 400262363 449355156 377711519 954944808 329862202 631715511 254654173 314138362 330730115 216767923 612864070 427634468 781407214 548744389 769857483 610092336 695120324 488990048 928810415 875830554 512416482 374053034 882496777 793643986 958055481 849421823 54469701 640546238 597741904 743225197 339423139 138364725 323960512 809151031 84469687 323124485 268440247 129896787 632446951 192811757 302430582 127021548 582036720 260668452 12569555 99368928 828794722 869001681 97695160 571174978 421685791 202723728 488249506 244824025 93859552 587778547 178251810 529964448 912239280 991293695 286125152 350364484 302921839 660837547 726448787 349838249 297767248 453590372 899835274 449848677 573219675 245821068 754356262 952161092 592449516 109263606 354971101 461661890 9378866 379341676 962012985 815946900 906317233 430574378 22058071 544120607 819026112 614143072 923430761 290929919 307365132 300937907 406328116 868836226 787239443 183469500 100065683 225251115 903042986 8387463 312047602 809387055 828593272 694310166 142383571 992959227 238450808 394664668 251608909 707536044 879950203 419587907 125690760 576610197 401672612 988512038 123855682 294796221 95271914 278675031 405296973 228849502 94479513 326276634 405144846 186146663 551993297 885097896 804077824 984421883 739768838 574330030 697127215 487281392 188872830 362454987 977790910 961345617 951134678 851345685 235726177 218391773 908590718 142335637 214452195 655531141 149738808 219714758 722309282 949309682 383632285 453332250 452874510 620442108 347127960 177420405 979990829 27818548 984996072 438392240 719703578 485949787 62667170 1984535 300135554 989385449 551865006 521617900 948148005 675809927 891397957 951032034 255261531 927249045 573916793 392295074 118922636 382559909 145894829 887457609 617466807 722034174 9374489 202270696 396421612 59849242 496219719 565711107 53404882 283741992 500618393 818677523 359772194 613806218 21622720 230033156 958041897 130414936 509327430 788110007 236769098 680870620 623345158 163422593 371212410 500627220 564124846 921414314 454854595 403891508 187804228 341004784 203907521 237002785 847729054 115145217 231868712 244282102 741469928 254104324 69631804 418878339 734181410 370954513 838296663 695160009 732416416 989132980 123113062 404048255 768611976 923043694 868660588 914745488 397828951 501335092 233333758 591221147 69159517 196330478 584668102 715298674 454608956 345245177 896799745 235018907 980382317 283065510 604768256 792188370 815048635 568422841 103804331 758940805 625770181 694038250 229911033 562983254 467695232 7725159 57134457 801369245 304947891 428215120 706387148 232416996 92202618 819085882 813765416 933302633 203930308 278742445 648028887 345551519 750754005 812418214 386239926 551633069 780729029 236894486 533922231 852930029 97436670 118605408 454999391 365390702 434138049 791044063 165529160 438168947 956395938 134378334 550175648 669980146 999105544 592103326 243742377 392370966 962671790 235005651 271088951 912071102 324580645 774186279 43162165 405600764 941463376 436817206 993401376 745306518 119629286 762917009 746651530 695372936 626333939 380756539 74488216 912558975 565335639 920387375 116466821 721270368 645511237 493889751 308856349 317311167 163593670 391264150 453378114 166583912 983568180 359022912 91007851 863025114 748178111 245990301 442367776 516812999 600604907 775709418 858595967 338722966 76747024 851682391 806463674 353715937 807587801 686249097 968379287 367710199 327799237 685398554 784005103 961097051 99548586 820242964 125847599 580791363 130615085 845472378 949870298 286591514 165535050 624182464 644892932 101086462 643855058 153506381 954265816 144577090 346131176 564971264 704475668 12785902 806150532 378993064 903576712 774382650 713930736 146055819 521314459 901302807 554884429 178783712 769477062 995648422 691943695 837767253 873135382 364880830 153065341 759715721 392018862 637828970 234957362 220767891 769147715 481800297 301763231 792734841 352319646 551083949 882946694 520104122 152130078 118796764 861686400 18595781 882551859 592011730 631102585 433756544 589081572 273592093 694704687 935165890 653800778 170487936 720096182 442845912 921299987 21715568 592967158 598475268 526915584 941477274 876832043 831860217 149909863 112897371 744310117 553623905 614008241 180766278 489598214 945330519 339682781 879983778 333446470 404031981 393174779 902434538 832043698 849068711 652985523 24794699 699012521 934221567 7722428 195253545 300753118 616264415 703132260 953529754 567284697 498585897 91181327 33156585 168938870 202584115 682764464 917000468 305143908 550664259 989061969 641698127 619444134 381854232 710212753 136269951 123433750 141364065 377861665 258317504 951566813 507907395 821463622 881273568 646620413 807518935 315581018 266515681 665532871 214435241 126887755 572691067 860972645 312841786 130419227 820157847 690030673 646089343 971037278 568244949 216288988 920858721 161708223 665906183 257183656 219969083 112718715 824818868 756316974 405192031 951674084 171273366 556580154 434535569 999519711 635672092 608181097 761820298 230810727 104775913 242203058 571715702 60956168 829695059 122942170 598755959 970360932 985264613 904296190 102696480 62434738 94768093 326329869 153324282 11889466 246537646 102429260 763409666 411677658 219221120 720486608 697082665 271170692 28556715 411686407 975795155 660762301 559124288 719456816 886842713 945922336 482252416 594365918 622751367 107472857 243109474 924953209 421425438 786985259 484211217 508165308 490110035 720153578 869556588 266937144 777745230 630778370 698206597 78991568 331359660 282497774 630579491 272784187 832069630 908840513 784701247 547455878 980622920 387121185 874336138 635415183 618786946 661013447 334306534 662136203 267685147 384968192 41604073 191676544 297101681 831961519 568572765 11829452 183173721 900704841 629026499 912235420 559295134 71451735 412716235 438617718 72137082 836140023 352347101 546349488 16150814 232055132 667601043 742045942 972653872 600215370 989432892 104561096 606400328 979976090 117903195 212814329 150712690 854256060 545214503 513883185 856856751 782228784 298286345 374988908 79660403 786408460 183966496 59948665 681508392 695524217 920911552 661646973 576190378 984923702 890476014 464422765 377533898 651859732 806883046 754280343 409571275 380973943 571519126 942170906 825311464 163873756 917899552 656435817 326283980 185436237 7266908 990078156 219801112 946744558 61084755 792343262 894132960 784749172 291387333 500284688 626652974 433922729 153983140 789439013 119431038 796281578 812739223 307965364 165257025 47114409 853510008 135499946 861735258 796963819 903155670 705546693 870108835 542212042 340325748 160806937 770423913 167248628 44462536 734622095 706457836 245781546 33184381 441424225 773885921 633792706 362452465 707624608 133543663 302845222 282655160 630540974 205433397 834464595 380525847 994338244 360268483 954539355 738314121 832924525 435451676 570761187 688065854 750716169 557687738 840743589 848250775 943396939 798043018 356548848 784313772 473218492 17048172 966940707 934940358 236453686 337621940 746217013 58942181 299890793 192393900 534373936 821214522 637861209 614722320 533878961 256838830 980560094 692671888 991349866 831826522 670384930 407742545 998720161 982483981 349384743 913817452 928376238 545990346 619582527 860806510 86015873 886669638 896154258 335349207 709184025 775957614 727425947 32577435 547937294 409743327 793501099 952920996 948716296 755640941 685188965 602297677 115662405 408956573 702273088 454382312 265840919 602775850 282803465 548692538 668164964 409420675 145156702 552317178 869592612 324559435 825658675 826752341 858443239 633912280 609625425 621458541 335905101 775552182 942837714 201818837 734152587 289202721 88962983 810195223 497896172 496386702 429748754 800191534 381630798 446148130 850915116 71042060 164898465 18658105 521610848 441670165 371020652 796550369 478976238 21980578 946743624 925784412 22337641 584115328 735892322 903661730 768881977 520719726 216941821 383247580 619001626 96692898 836660718 497465578 61908891 876453445 754599198 849232094 202311840 886816498 249612 641332863 562907361 874006587 124941385 232854983 623322729 360344868 202450937 974386022 68013335 534945958 782377048 807851324 611290912 561685550 147948851 59521250 758687115 277166619 931868779 479140386 313642676 14919235 75864694 578985339 171320009 76605038 830665438 1203870 605972048 303628506 415059647 735213299 822468767 507454133 709262157 846004757 551691875 4111526 378085452 459355730 368762394 823721285 330785942 849060652 880859800 287443359 675878553 892149722 832487302 761446835 752750294 109973448 988924894 571856631 832571491 878761234 256657009 211486419 914755434 745727757 866030689 524953892 512094120 562932415 815609767 531046587 483522799 313216354 459745678 775516124 143131556 898264293 261953334 500159168 241077569 244120682 515474450 993270803 605699284 691382473 522005098 689777526 952430463 978443532 276297178 814494718 399076086 8641265 331978193 167846067 932026884 495660396 773447699 913851154 42923782 66695458 762594104 201840524 119321710 865283822 632417067 509655045 784533825 49349727 771488683 906456661 538691482 847544888 747459789 533944010 988609317 237011696 371925368 511782564 836550564 749627184 18849767 952493720 243358574 311499863 741302315 140998990 426476011 207449337 395083943 237197283 55852569 798910300 482546834 420736104 987660042 705286137 624994936 777826913 395480676 553344513 556816057 274679110 33657567 469466582 521779209 271748869 752361675 210176397 804742638 184118910 947285127 845799795 50779462 21440518 468213515 415525509 568887486 150323173 110654047 533363958 151832411 438083800 470212130 604577965 199689973 691244687 344467972 166023108 397674679 911280176 117141067 138703114 704786849 323462866 76542034 524547714 536642310 75307523 492951302 925326818 584580878 879950915 600940903 707672341 580346165 470170503 180001037 173853881 950362314 747294646 7711905 486839458 864498033 123789615 672363615 823440469 903980450 534748994 293466267 486005646 381706024 529035954 67977272 622240442 170195362 732088378 42020658 817693054 699315973 410289412 465753366 201387822 542841880 709856051 710247301 203245910 329695478 873731675 415081141 833778229 255821200 759673859 361474031 254551357 385712169 353240106 724228626 208592789 838277592 194086335 530882063 845768343 403329289 823464232 796095851 311416914 12966908 850774716 479827136 603643401 536127301 102016329 720998459 357058225 856130634 377959567 477723680 155395959 497205704 309204930 476932418 716679224 192466511 330659340 878518155 915986440 621711553 796873992 294928506 772792236 816185559 470305608 484279712 696136735 158482332 787114193 698459938 752186129 794395120 176258970 587782202 350982499 258678534 940792849 771323830 519153068 68377318 553645973 603934327 740182711 296831724 800814333 27392500 42560003 182636103 493749007 757247157 235935298 619507323 108011786 730116312 178007002 756535263 924300573 812017294 793033575 654368800 437419245 437088927 748327991 363594428 922891795 103925986 98203852 833693576 950980252 242755270 726975838 132541227 5542791 599410125 359110742 811379104 459525962 579545099 644002004 165452984 334523470 571736747 364481323 723344022 876627310 277077098 700723552 16289841 654820988 292299290 655907246 461500373 420454076 975318817 3855108 468870562 91164007 623778807 142402437 54370828 66235946 515144875 700434183 797609049 879841188 763326303 213408661 841878310 852842987 958355656 381253613 206555362 182555400 999814831 239009795 241259090 167647606 694286450 541661052 368230668 54776487 636295043 92437556 976902139 84390271 637276136 526185145 688778209 834832087 186962106 34984141 909096912 21660667 49565862 544890855 571351984 358824237 600865391 859614131 839805629 620747296 9578857 281314446 388618246 348064381 320944640 564101131 286992623 678694497 627760175 96590192 100654000 984250077 939393546 12802617 871087059 807868021 69710388 120310420 184815802 724376994 745708649 626195940 469917718 995899216 39294454 474090303 331495025 958769504 761224764 15556080 378024358 724371239 434308401 267573237 85445987 952581614 106646494 749247617 42506670 588414832 839167202 140405371 78522717 446967902 312946413 538294014 139759772 929733854 691951430 575949783 276644715 689001224 515262022 124100106 784909342 932935016 360277979 499946574 743728603 39353215 315780614 660685196 201116447 982105154 688297821 869244772 118841402 146466457 491197321 318394023 47617998 929355233 343564233 39197662 959767380 257731179 114983278 741155778 402554262 546223611 91908189 61683138 774174518 550954057 383640976 285834880 816357158 823833475 599043477 910210644 302525230 836092617 775042317 200288199 138021482 248360112 771321134 876579865 522597833 574694848 512858178 906400189 275116687 221159158 286189094 322685144 605632211 19878467 383390924 378398149 94823938 907117834 76504761 912582035 353331034 671055014 700724104 986689157 458769008 738707170 441850981 968802449 725050283 749210751 463219858 233193442 141824198 665252273 991813605 628805463 368249682 749256866 510216008 635442945 449018673 823859694 795772216 957157033 256305949 21407526 56084551 946185799 844438815 896250189 872746907 278641292 928811800 758404446 843782508 329403737 791603515 548031684 443786121 493513286 961233553 206753760 648770004 299894556 636559732 590700166 216005825 705485915 99417108 744522368 437184987 771322293 553850613 500280330 961365056 492775569 417610607 543556180 803708192 753808009 380039725 408080900 787674689 328500204 639370670 22375857 136725630 180107325 708925127 600897641 347117123 400569522 972757279 63415851 719512595 459842741 298185138 584648814 467758339 619390567 98740559 580182681 285574460 633445656 380086042 865731208 700714620 501326288 115579146 887085326 525191318 312817098 593286252 324748909 945136621 776750835 859328606 715091679 730183165 707265135 749397589 590044433 934740435 797841685 293279384 58729123 973907599 995268590 740653762 803584681 748048361 517511866 281041476 815693869 864382634 901939818 981596896 98646698 897379118 614447015 233879855 234643090 80414185 186827594 530576668 370494410 735128030 952979170 770780263 379819049 505687849 501524273 927515428 364792316 315399031 889765551 532036153 530437765 584669833 763416070 107360739 685767287 457947829 773897876 820544049 910004860 126848357 768375532 607054216 715994031 117853077 745357653 672877853 277526562 915925593 519853641 701442430 714796890 765698389 860262135 574555914 373863630 500502851 701584322 103823988 942806635 630397553 470072513 994936644 477685523 280973120 774722109 776799318 310480153 745667238 855476533 464131673 639144134 420681389 626718685 261933648 55220952 15030514 176797210 462001173 498655486 637320998 161493512 554761425 37411933 173090705 871800949 551440261 820491790 103759242 52284259 900503941 496873885 904654336 786927753 977551096 725125516 728155636 876169171 954625369 964264398 423064828 741044190 68155385 961529420 480363970 208991869 834848378 382289251 64912003 788778807 139341653 643565668 650023313 69624774 387631189 99876883 311820242 311569049 189668634 552433961 108875582 956045139 431948696 176252626 473512292 934738249 785726613 795694384 777264102 818477064 793279022 259429334 998141176 76031950 542295122 501831757 936197093 328058892 375131461 45516434 694682506 661146090 968575007 269730198 976920281 941170371 986388299 56694205 61801304 585111716 834574089 339192160 270052767 216407761 124832748 309470027 118214110 45890625 325049180 149150015 431681108 874065437 79565332 450507889 261317081 756300357 816015525 274073609 987533909 230813131 178498546 252490660 704869190 791227765 858788274 725528019 978979391 685590079 759652594 421839514 102335331 250093527 171922064 170699762 536069102 109057312 274845121 975007303 327906988 702141103 794859659 370282234 226830464 161555281 510044236 802545376 952164575 498996355 877943345 726807745 521342546 932402936 960076224 999741402 702930680 91396375 511490895 760436315 427182337 203883387 295880842 39788522 24305460 627072369 478036209 118865439 305782634 520363389 10475607 279411462 540559120 944977877 468129124 703036832 195298217 655721188 257487892 742748769 192929098 275098569 176489526 715993523 770376477 224744661 339586031 574269042 938492894 416753169 4804660 215057007 129749089 248045494 670254931 396700398 384512522 645875890 567425387 431706919 382021971 268182826 715068142 498333384 679462474 428195058 801565478 993466993 427913488 13942807 311660718 859380278 843104859 181266774 114481141 560719905 732729844 43886754 729949631 442545326 618827578 102913442 951018915 19667278 448163742 325712432 452083853 281414372 362615077 155383003 882622270 614547019 801960169 666415462 150894279 353133261 764431768 968481607 769272082 807766701 113297395 391224873 826124633 17255327 818477905 7067242 50262189 955210571 88823833 881056669 897788016 458581965 874249291 752951050 91324635 205439544 678252024 362559529 108095353 487116558 765757382 49804587 417709482 654308553 766904685 864501617 566657313 533364310 318146108 777829394 308491879 466219413 699422612 119918170 333376854 42086874 306502508 246021189 717010334 504521327 900866252 773098248 135562563 636326672 486671954 11405193 271994140 627606637 123003056 949228258 713364310 582296747 359797035 584490210 237805552 291123684 356066846 982330507 695923517 14048418 487448437 208167061 582469733 531513960 957263155 556371946 302269411 466588201 844603884 514593320 388643848 202378959 446372171 219100194 217963895 949172661 446446733 349718623 814944167 325876014 28317445 583115162 180760420 947165436 934804118 201216320 16626511 492407001 47792700 400916981 268666457 880658673 234553987 399858703 171899468 771896934 712706574 450624537 962663490 913824715 965201938 36570450 489551660 316072874 591023832 506470955 464980044 361170686 815598654 346713293 179366331 218975161 930327095 414236049 855272164 974257984 211160390 734920069 932898567 774172906 947951879 955168494 66937783 993195652 558384807 845849536 88008028 100224207 5719911 261867048 493453746 379024385 835328796 832472835 160021576 280384576 12674738 181350500 101438210 606956586 295208612 518330386 736330392 864587088 790594438 842853383 744960789 171129014 254252668 53093106 681249880 185209173 890558912 546642614 929942678 951256218 991289632 845232361 183654614 826055396 162418301 584486230 746300276 367670281 160468557 155112059 701164190 815688146 59590169 385229324 511373530 88283258 47979776 532715886 735926142 588062003 964999218 870338109 800735031 824361633 740929399 8218310 199298179 647976284 472117158 595129997 709675574 622542451 344035630 722717897 70898681 895697892 627631248 552400099 919033542 277346085 544270562 912211195 300628334 298222494 109131342 301259363 197162259 3142444 349972625 955607586 246672814 838312608 597753724 91799410 9612426 528277566 560088438 956040258 218769095 124156479 21191673 961442228 316665816 452605775 559254033 806745760 802965509 539303695 333444832 540486160 135668458 316176532 463185436 522572226 492588022 593768678 146091663 339623593 48953581 298648962 909715094 280413548 662887527 216490713 395357347 801687270 581990478 743505103 183687612 649256100 371904100 739532604 848773625 699987306 309849787 854156910 565504777 748989870 926494267 90303910 722181294 69979675 357537055 848521622 255895868 259749392 287498104 960617193 76191774 218970655 908800425 974006459 954103890 778153102 923998953 871665437 206506216 146709465 995199940 750817683 295952262 736204078 953193114 179114389 92210919 804700911 978467871 916331281 679986519 42695988 217730521 527951591 168280889 278199366 764738726 254671212 386894721 272135461 933073715 760615656 199861819 947814404 794902149 638389272 122386178 562799303 362072180 254114476 529700233 420960140 893340203 315143114 606083606 902207263 455429802 48238729 740514306 398800772 780687172 283898487 934425146 832086641 931831841 371184148 926853569 864615889 177373373 236756309 916777516 331562562 178725991 125914658 519711268 494396824 130985155 759681239 477633000 791301464 700582985 356121287 923827656 174534973 277563075 798802100 137309867 920539063 636955603 496385881 433986186 39020135 320944491 777655776 441632498 645831845 546591827 586929772 411842950 335519226 841031846 471461009 442233467 573484198 51604565 735405527 215817499 504752667 830459298 126841402 739990082 593360256 682290599 201044141 491671268 203148335 895807693 900832658 538531973 98391095 496400213 564104003 709178815 91256538 888604114 221804173 740976832 431512336 257892269 293556528 228043721 956112387 508759968 88271456 53224880 126578065 516035644 646272327 652203103 936421069 601113699 638869376 898629971 507671679 343397326 958471070 349238813 607040415 208025992 174268835 319147748 716196829 896721520 17439625 677399778 19742236 155396540 274956221 320709859 953452787 374232945 769213854 229613513 348891947 706523372 286036483 585133834 351865412 713856860 85492658 162154800 201638639 233243205 56113130 490191960 270377877 275657726 567968986 654014644 275012815 60340788 766971431 466209033 240390635 89210469 402907498 561624882 871765870 314554982 848953008 948374171 662378893 895649502 265241848 822956742 550295730 565393352 10667705 95967177 786863101 920328949 151228505 184861902 136688576 225537671 376156342 669620371 197084162 591395192 625548705 605478888 444398333 165777937 659002463 822963763 327677857 396276851 878908455 514202607 303507983 857200913 558426278 848454952 864560670 154389812 934678653 698636800 456327641 290981750 248113090 287828270 791755774 423225927 174679675 35672186 689839233 827949164 724325158 55325506 306060039 999716730 420492084 523067129 979001196 553366111 406468489 536688034 421633085 552572378 329445118 412583001 63256382 342085374 98945248 271402442 969902566 733100979 70798190 755826872 736993758 881147701 75971166 433970296 321210246 994253459 636607832 378367859 29892208 216845617 693424249 289034152 400151011 541952327 617846994 870790439 434648409 358899295 675368679 777384599 502673153 791816667 555897137 558911409 173009982 486523756 693566108 527565762 300729382 740629404 89844490 938776109 437695491 636102725 797064653 55452391 721797078 722949912 323094577 484433657 915052751 903641624 445745136 575439106 580463062 393371676 331405756 541290418 352193030 438842704 640762808 175070800 275209004 947179956 281663999 940049717 136308812 112106396 315210524 886446671 827382300 885976110 305277072 510454687 464018312 220792807 210706768 119059387 993704492 208200470 798861380 630904909 291377373 864762976 12132041 342972050 847412769 57509690 429273392 635199963 672259761 851064946 724589373 744572431 895911422 544134311 201728680 416182312 185227946 614953676 456802208 409056945 424727818 653174441 745699139 919765071 907739563 574524762 701085734 57745973 922910154 847392718 711264467 498834606 210908634 729738057 639249478 233301399 535464962 28684258 817460336 624074977 49955485 184320774 714929333 556907796 537789624 871411 949642861 487306183 448424599 900882494 910441318 113519657 247396400 40495182 683843680 330371451 41717678 193000414 139135888 928773524 828275695 957134463 474229022 802843996 106535687 862341651 908159910 696715089 168479931 946538835 760513723 801649157 363005703 178182219 4886880 803280541 112431769 450287321 86219405 411040596 721789267 912013617 112412592 492877302 478316236 720261211 743443753 592464997 170444496 954477235 285471436 84960024 717819356 428172905 968133731 193045911 358809507 128076799 407303722 436872960 764289931 272735950 355523409 945703045 716434737 913322369 796206206 663521260 703922401 391135895 375660616 749465101 312905758 270870757 211301821 743957848 168244256 198662162 544823005 986726476 301347409 20356890 167713052 387043841 942419663 976273612 157467620 689663135 640712430 349232716 755560721 11327461 520721331 76104593 98012531 518653347 837110361 900257768 2514767 753919552 297108176 494950511 610331870 181417780 451344953 286962331 948711629 935988623 418466155 80123059 356511420 340696689 48681330 542347858 92938175 675482512 150511626 16791785 801258720 436714933 370881576 73872954 290293146 420881215 169879154 549046494 619278432 130858142 717179329 356110528 578582292 839897305 620074406 101429152 576859536 439816713 118061795 311938450 597216801 544973788 760553966 136121724 825188870 508516883 325300081 502182811 959617525 271758595 661886156 854680062 81275031 768746520 642287762 635890954 595988744 250334286 913947400 987615732 463784792 700535990 53801129 287325514 793846540 780384503 318627492 326348651 190047645 904306122 415018844 245110026 36012279 787114365 939544807 566544815 141920252 652105329 132069264 989133877 326417663 76264349 64154198 650057037 721012297 161573128 365428586 623005690 281175704 32783442 24732853 843632660 46154651 817036076 783510607 401556165 631581303 439943643 933451529 717237006 854865477 737141689 135767268 513804355 788903569 257739700 13794200 737386635 453030877 360540366 969733390 725180769 572888092 314866843 64395238 909207574 94756663 788908998 767359986 832263244 867423116 200843404 188911801 783710332 443625577 5311295 310450165 166280817 911172757 537629380 64046613 594496459 650072264 717464341 154652348 914521726 525083183 14949313 533157184 196845904 541848297 411211367 832298796 661594206 598868620 485543230 801198270 752650135 402924704 932884880 139886954 923039551 452664098 709762107 18701909 581968494 842942211 624896047 107009754 68995471 834017959 449152754 421200649 183418593 285277287 866197791 106467363 322424569 517730575 643672802 662942495 863760190 468267616 789166718 269706537 295615084 380178831 965746887 517947421 783063826 998652868 144787368 178307856 447857172 338367645 515311775 616761032 654515497 672080552 944853308 16486975 652616542 895186924 536602534 286513956 670884241 158922337 615959829 631941209 662655222 618118771 298641497 77670518 237747606 825364867 899000402 426404421 629788875 397159014 863526517 237613892 582932934 834003940 316307278 120088614 670194185 608508730 255650040 360119122 681295853 668707481 391059367 788336994 594298142 388650916 590252062 204513702 420844314 271039990 280191545 957357215 270630837 100178842 95048037 625254020 688563607 530211729 393786659 803027392 605249212 747155536 10856841 351688561 361934579 727810623 260888512 428282347 999341152 686831163 718666887 897737012 485247483 565688340 507559086 732152197 391640591 820007184 907615132 906470863 546526395 756691558 498453962 253632563 242681460 200440260 444979014 706136713 916020865 364912074 146226225 975901402 301792638 131363981 509246273 600485350 614870490 465081365 599082048 474949023 890169433 225848030 340963979 512941484 5468818 319833691 103815571 576499175 811790193 201092974 305605471 128156896 221431735 942443250 891451657 191836247 636057717 461532722 253142333 756098501 749446549 782479726 493671613 113464532 438945873 307470941 747168479 262552547 929341882 476415654 975018509 85376131 896542514 139560038 703821380 645528572 375827186 927568045 824694678 168087497 400791173 892357632 335159976 633695767 642025291 955119321 529542964 338419786 30183159 311909410 584418440 601293177 162272786 257461694 723892742 151025389 842388085 162975489 127045538 128950950 359258067 461067058 861928039 219992022 800661549 555720720 756791538 546153315 412745307 378291274 799664629 797024361 335219338 728151558 598022326 198126774 401997497 129597787 453970829 863490893 806496059 334920918 708338281 601784548 675604279 726939641 814520652 791677541 780212011 611035063 302331594 946962289 205397861 961804538 268512399 515573976 358571657 285733662 174467030 31641890 29447182 5754995 826815986 399439625 255121088 574675134 950822089 51866109 20788032 500959160 215282003 18003615 429797503 8825742 917883936 179540806 694889543 62276447 100188623 470443645 423321010 404970945 223564184 306382722 860742064 818650429 260041667 76234441 262576006 625668302 949469743 629280888 42812746 491132006 480947404 752579304 985485928 603504490 482589217 212463914 998779424 398176561 824205255 490712448 917619205 165390216 832782571 168953311 937589375 42812721 740222160 617018484 217841482 843700831 791538507 452626460 541326837 943192891 743673157 248725226 281744484 101542499 670271805 863318181 588242767 208367462 209600963 468941639 139608257 5308745 669125118 558783359 79473305 860949253 270488615 985397552 491854092 544891910 493692428 924221424 878920993 30077101 482183566 173696394 334975795 490728143 948547875 876545660 19490675 432167477 355311700 354677881 340932196 195023130 552869952 974123753 801758557 604175024 50664472 245597540 685678859 384499099 203786657 19039803 315228140 287619700 83294133 254231791 93313236 244175431 736293058 774425272 335294828 430494997 3919689 463111935 588160174 295665235 415023712 403806692 646682475 66384233 904772145 420718777 984875205 258921013 369412217 194146436 159551669 602133893 987222794 997525633 880377990 206598560 589036105 763977886 279727448 374158014 275163568 913620990 713400990 323489163 633778253 30875511 180925088 608213928 421922114 686585363 628620538 717262890 901899331 490361747 71645467 130848281 867637275 435253991 27561671 573122802 494935335 226334391 850053270 236982054 905900505 902962653 124408946 878341785 846101814 400048617 68327453 120311076 442639705 132895644 528113577 792642323 492513262 977893741 554339838 750346151 319712951 631576071 416313687 705734549 538106891 195220681 671784389 92049797 965100370 998750276 851521451 744579220 744994186 196504769 753126464 495892178 291869637 466829497 526695952 800042437 736245673 908289370 170368891 723397860 900645358 725536521 295104309 723423261 424688867 160066523 956437188 303451216 83867370 69992986 6924037 580526546 405640952 102008518 422598824 688951019 456371990 360867857 191877295 223897688 274162402 702116834 608165619 545712073 757544975 145472083 150401183 730116196 456248032 336438323 39877299 410614593 306761905 712224133 288231042 246300651 167122030 17187327 851997748 598038245 14358810 446066060 832391493 831266851 408753226 281193163 3337988 565087117 683258535 999945101 890888981 44599680 586618480 212364635 167132656 75303244 961762805 894580717 711802719 218893751 493911581 833330612 572872452 972472696 241824993 542225489 488526033 276877245 570444239 642447131 446547341 521269925 445448328 383729566 546654038 577938375 854205250 196579863 491702810 729835690 142029638 876151801 547324444 174907210 856143219 673746026 368681590 747839642 803726009 855689414 140860817 326856956 4478111 586272027 927846830 819274954 263850430 432272556 89096032 603588305 402839108 26892911 314095632 216779985 414332018 850836367 8195704 810512894 549153054 638919146 570423080 974497154 884278834 115527827 260459781 7222009 41259819 920699473 600267717 92410611 557315995 227682335 380130932 598678389 344938919 875017130 748777969 25541240 803179145 367409622 226318705 928704617 213144847 572358969 253832956 870969000 779017754 805740191 354479083 803935241 567294241 815283076 660644720 489332565 497793707 782274717 204135182 540586954 305266392 698769999 472750877 791513495 934876633 843332918 716640072 436782177 366098548 264327328 689133326 126781377 12433025 843911952 580258884 615874500 51126127 721889979 467133329 363113833 846302399 615806990 209551600 873263911 656782984 993731110 348159026 200697188 872292850 129515350 506322297 783686911 476051387 102359461 947824575 288233415 706906805 141732685 698910541 480311041 547363909 517862717 756005956 227185638 570662630 441373080 519830295 665736738 324551332 791740468 249445135 233038935 808716706 440662300 563545798 418372760 195903124 718328591 758417580 710778094 956124998 800345598 473985926 297667542 386291987 257736082 516659433 58672833 215692654 118744483 969898947 753628819 688329309 215868610 289373907 448090661 808688376 160695984 178667308 315225796 914466799 812412133 643636918 949780143 139293698 54742794 691343533 544411548 526555270 42240895 27063328 581388083 71270375 568493526 410892915 220703122 998519328 524563286 448455645 158260167 694894916 750166905 883914731 624677977 952568313 779027566 740402171 310168000 57993720 840412055 880190914 955945192 72944271 709847564 334970823 649678771 491918622 429994775 945597925 780795252 639063453 299547830 699046349 233033076 475107605 575522333 798172034 343510384 285543458 744742961 318280667 850017817 152576376 256736781 849659652 694666131 376336987 305798017 451250941 116499958 372026149 164440974 403893786 594273744 497684932 922296555 819955073 860299938 171412537 384581763 595563439 407316318 336337178 71990261 705623795 354348272 41178640 5212179 83503090 990198450 139498074 398755171 236039713 695616245 662169417 147973281 932083278 860977535 646018242 192226107 517730584 345312264 873584063 279986131 250119026 831497404 979988686 146456257 977730340 322879676 155005584 945043599 241684810 393673372 484511803 911076475 662553299 445327079 75252761 331307256 103923459 754513559 92865543 220265005 333643249 968508829 894183927 281085044 9528074 846502239 895767150 313072348 959593356 22505780 627367174 688690088 485735692 10872554 169327853 598499022 122317809 152534849 851362661 579800697 952407030 639105134 295221314 380144008 157123244 702212761 96126575 212437005 342322165 403902559 993425513 991217614 175352970 20371280 912756418 615872199 797081719 302330482 442778783 336999333 118896026 120414396 946693179 319784525 980297767 284236188 826314082 531522643 348947238 424488818 701447159 271483779 64728819 677822994 942002286 586052700 796567998 931009862 176232530 198749328 339702281 211717450 433325248 496601478 208797997 208855886 307836651 968122072 342991317 147555832 208006806 703728341 448845952 163545567 311237277 772565248 135115267 710248465 92853612 695142031 122899973 414115470 904407942 265944813 336075650 608614602 493372415 637337144 35324745 656546863 924015363 257436611 706415742 496402585 75721293 970349206 784837400 489089240 250552752 894672361 121924708 472518449 701209490 642753453 593095552 723741662 654166892 372353795 385760737 114020233 389275723 479025346 709302734 799325653 342030162 578753013 905140450 615269333 818176566 93940315 568124046 46531731 823034304 784880358 18919060 498444683 453245007 685224508 930657165 411335469 806773331 906580281 1083236 197676382 477819603 41425259 519263705 501375991 863790568 725128085 395432704 751189317 374457664 887105068 892131775 629744775 434783388 814114781 732698707 176086132 969400914 477199365 607094987 95929778 584622027 916156727 21421451 724627808 579067398 542440890 542589387 428070797 691480084 898931208 69240854 252234174 853123994 277770577 958587596 174227308 337040210 507136502 242912928 242863235 643501962 876046350 470284058 869255653 76816547 997969380 68030741 329114597 784007571 244123766 940105538 855643341 812699236 642622456 178852516 165139800 191581363 282228303 794332947 125742904 422042673 365514135 702891961 42600849 954205989 974984350 853993367 433486716 65029353 244586854 720483841 433740421 648078441 784712615 175145246 310949166 891527335 725014858 695691881 427295594 722003257 380846831 812865331 521373474 855370953 451651688 541985566 217217716 500146580 204500284 797077667 297749359 253966828 306479397 924353933 881683992 565173430 563382930 229395324 569297255 17210349 14388518 341397604 803395723 768015645 157127223 947008779 558352290 736909800 347642192 79853966 927359554 156243589 104531119 287371228 643604979 35574844 198962631 180169273 993251507 18200043 732246464 74621373 900811632 857826436 939557874 303108819 902677137 852501389 703777390 49338298 680604782 131416478 547428469 548921607 168633299 762831590 67385086 833061921 655955585 160574887 582734644 432712644 816861101 491406006 164865270 528937599 849817216 717810684 613674326 167574326 8208021 835670775 543771419 875187104 887213181 145938745 777043774 990318794 556137534 36416232 47371632 706851218 155256272 708563261 614764179 884094764 969129887 337743621 107420477 693452193 820663052 996095267 301080632 493952587 936659692 909048588 706256644 529518171 330741767 772884809 750023764 465773395 313890714 82695161 916435085 857154444 542619094 53850444 236978762 388465330 21204574 905624073 346092762 952998466 600833741 442473481 171569856 637977107 526583598 879622329 132528179 934467274 467321986 521552284 58857884 387653220 738185534 330814663 130642970 414318256 197696970 625057636 882906113 644527570 910978307 879950895 532291926 998342850 47447737 856912380 401066581 255773643 972656690 228991535 4000236 40945420 479633573 634090306 732785213 465622778 188145600 369802050 93362976 789472988 630142499 831709779 556815006 23320910 941557731 429839144 667730295 761076415 367479560 931921291 94271901 394083827 167707663 808397531 357538999 154594433 714655336 376894089 294738591 697932629 645329145 670682778 882992100 439489327 679143065 197201448 506517577 548430115 441851030 662654945 920659780 982184216 337421616 527749766 386888832 241736777 167207963 797923181 419180123 981104583 315588865 296796928 128884329 662052084 92713470 720411452 364689391 373097481 176306210 483565619 840000616 40816785 231775730 430530186 377871364 842444780 572148200 242047484 741070884 407565773 35949806 775328213 644668896 632801468 534025447 472398199 61738625 606472341 514164519 172073689 118373383 863628040 821919477 608455938 276302755 70186519 773293072 62795923 159229502 509715098 996158759 962042939 911327473 306699454 298006112 425518912 313049483 107232898 396796882 601071613 622126351 636667448 162121226 390489182 313014834 915256586 651045514 849943141 665847265 445183347 566477382 731839145 989590457 466926018 692353061 742973138 430610061 690017947 598538118 129613854 313434341 38852469 396462264 602798047 733839225 973382940 294739328 424575995 477386169 568890928 686989207 657787243 634834504 370592677 396441898 961055420 650358140 59752770 107671384 213315217 865473505 459749922 182116536 290585118 82646707 827477813 365252048 538571695 457776743 286678464 16667551 54079263 178919202 955208665 376124436 604712033 267301696 350376684 488647828 475314171 10792399 784616505 148984440 122305926 521867025 106993491 136897420 163231792 546606846 639727778 950755986 131646777 219596735 213787106 583750077 388860025 607527988 861647522 348628278 3057881 414788207 23737542 199857051 281929429 407855671 658959110 120833659 461115137 930902406 421493101 48482523 438342273 269301516 696527834 253584820 170235279 840441001 825870978 969478770 20822520 406547958 162822252 867676022 778466207 4862141 907591155 653224085 419393273 49374077 628613448 115578776 38887824 273734631 516613358 474972346 782968449 812837731 406771772 652415277 746679037 672701836 397882334 571389333 899389643 821188784 437079125 545402507 558363332 393700945 526726770 621200667 748751702 127958438 85470175 785227078 880249603 41144859 410395542 11796609 505327839 916192204 383302247 261550133 54642452 904716814 942336375 439134269 684726625 7095783 822188220 299825002 723552663 992389265 114411394 984027138 278488091 942647291 601780969 109401149 688241256 399384903 376737380 105658567 46700426 880884045 851590203 312131393 802665123 317043991 610188810 389932736 656850793 620631651 709157184 551023693 559933094 284429349 153831841 995449699 349323959 919687426 443043269 916732531 873070094 272562645 7827350 229171555 632136112 803433517 133562582 138978827 292220344 846778573 779094423 250918583 418970066 847135276 412757696 83635880 654892993 365598451 751481999 337256083 173083097 852895873 385177874 303469856 398443397 634834794 518816940 683709804 35749314 390522356 234858647 682746247 337967522 530618008 993998172 946293495 47791307 712765063 332157276 729109300 457251830 377945635 20116299 740520490 341589872 807027585 33687215 538770106 266796956 404400366 739937381 227467576 783647086 196169575 849807133 665091566 511272689 266870559 749660121 770347928 618491843 325195773 494101106 472246247 83808660 175157787 84831251 322969086 995298987 380281416 22887868 813820152 474842720 47215751 14001344 155987040 277556131 426635406 559613767 674390710 847027572 76187208 389138637 944196081 766133096 455229011 502136993 675710456 830708779 669415043 312630887 704780072 718631416 530753629 851475607 739962065 229116195 358358941 891600123 247282105 722003600 440958640 239452469 414588567 606039609 231034683 443470646 242885273 524871595 137993362 688192968 793819615 675770505 963756609 427239686 4027901 278080264 687072391 821120223 59648637 58634354 881170646 850706326 629972315 317916067 920234069 710891076 168822663 669583247 956552286 611258197 136639334 629165498 261702912 300206343 461215058 981092542 197038974 935055854 458917397 610217673 86193869 197099379 164484978 897529884 486326810 417135184 13667484 913128333 528911170 6932757 363411133 339760390 701640537 435546279 871919985 399952899 743435044 12013244 827287880 337408536 818036638 49791071 506263623 216336745 591907447 79375986 147785831 653380912 520374928 525454375 674148373 198752315 340706944 290354567 872000689 109322604 309010194 663074283 448291599 213486647 849480133 85122181 185252857 375670055 102794571 103891672 681917610 583867481 780911626 888882492 516205908 174702079 493879966 118630747 214099867 453877982 329375829 588922551 931909401 991102160 22168497 10661154 725122008 481756995 871097578 576147267 718547675 227889593 609456233 427304728 837843605 322489414 241834830 537426031 78764911 532218389 293315564 278864747 626003015 71006179 315927624 473136901 115670764 963172994 410418333 398234505 617736355 166906712 635171290 414562069 255555237 59303645 440141346 418349085 293451422 11119393 879468875 718672874 225190192 678368835 767229280 625185046 445352558 619694331 869593887 561688593 853237857 74699537 72406652 923415455 175977863 942958051 737011996 302851928 613698895 777509603 645246171 714333223 565013662 696756247 525696071 907145420 165857357 52241560 322778914 201232474 286091176 452743955 141055715 755222713 262403312 746887243 744043318 266886949 843710938 490042261 294486648 832840365 210900495 854636890 267951675 724512949 74750890 183572376 926001096
0 2 2 2 2 2 3 5 7 8 8 8 7 7 8 9 11 11 13 15 15 15 17 19 21 21 23 25 27 28 30 30 31 33 33 33 33 35 35 35 37 38 38 38 40 41 42 43 44 44 46 48 49 50 50 50 50 50 50 49 48 50 50 50 50 50 49 50 50 50 50 49 50 50 50 50 50 50 50 50 50 50 50 50 48 50 50 50 50 49 50 50 50 50 50 50 50 50 50 50 50 50 50 50 50 50 50 50 50 50 50 50 50 50 50 50 50 50 50 50 50 50 50 50 50 50 50 50 50 50 50 50 50 50 50 50 50 50 50 48 48 50 50 50 50 50 50 48 48 48 50 50 48 48 49 50 50 50 50 50 50 50 50 50 50 50 50 50 50 50 50 50 50 50 48 48 49 50 50 50 50 50 50 50 50 50 50 50 50 50 50 50 50 50 50 50 50 50 50 50 50 50 50 50 50 50 50 50 50 50 50 50 50 50 50 50 50 50 50 50 50 50 50 50 50 50 50 50 50 50 50 50 50 50 50 50 50 50 50 50 50 50 50 50 50 50 50 49 48 49 49 49 50 50 50 50 50 50 50 50 50 50 50 50 50 50 50 49 50 50 50 50 50 50 50 50 50 50 50 50 50 50 50 49 49 49 50 50 50 50 50 50 50 50 50 50 50 50 48 48 48 50 50 50 50 50 50 50 50 50 50 50 50 49 50 50 48 50 50 50 50 50 50 50 50 50 50 49 50 50 50 50 50 50 48 49 49 50 50 50 50 50 50 50 50 50 50 50 50 50 50 48 47 47 49 50 50 50 50 50 50 50 50 50 50 50 50 50 50 48 50 50 50 50 50 50 50 49 49 50 50 50 50 50 50 50 50 50 50 50 48 48 48 47 48 50 50 50 50 50 50 50 48 48 50 50 50 50 50 50 50 50 50 50 50 50 50 50 50 50 50 50 50 50 50 50 50 50 50 50 50 48 49 50 50 50 50 50 50 50 50 50 50 50 50 50 50 50 49 50 50 50 50 50 50 50 50 50 50 50 50 50 50 50 50 50 50 50 50 50 50 50 50 50 50 50 48 48 50 50 50 50 50 50 50 50 50 50 50 50 50 50 48 50 50 49 49 50 50 50 50 50 50 50 49 50 50 50 50 50 50 50 50 50 48 49 50 50 50 50 50 50 50 50 50 50 50 50 50 50 50 50 50 50 50 50 48 48 49 50 50 50 50 50 50 50 50 50 50 50 50 50 50 50 50 50 50 50 48 49 50 50 50 50 50 50 50 50 50 50 50 50 50 50 50 50 50 49 49 50 50 50 50 50 50 50 49 49 49 50 50 50 50 50 50 50 50 49 49 50 50 50 50 50 50 50 50 50 50 50 50 50 50 50 48 48 48 49 49 50 50 50 50 50 50 50 48 48 50 50 50 50 50 50 50 50 50 48 47 48 48 48 49 50 50 49 48 50 50 50 50 50 50 48 49 49 50 50 48 49 50 50 50 50 49 50 50 50 50 50 50 49 50 50 50 50 50 50 50 50 50 49 49 50 50 50 50 50 48 48 49 49 50 50 50 50 50 50 50 50 50 50 50 50 50 50 50 50 50 50 50 50 50 50 50 50 50 50 50 48 50 50 50 50 50 50 50 50 50 50 50 50 50 50 50 49 49 49 50 50 50 50 50 50 50 50 50 50 50 48 50 50 50 50 50 50 50 50 50 50 50 50 50 50 50 50 50 50 50 50 50 50 50 50 50 50 50 48 50 50 50 50 50 50 50 50 50 50 50 50 50 50 50 50 50 50 50 50 50 50 50 50 50 50 50 50 50 50 50 50 50 50 50 50 50 50 48 48 49 50 50 50 50 50 50 50 50 50 50 50 50 50 50 50 50 50 50 50 50 49 49 47 48 50 50 50 50 50 50 50 50 50 50 50 48 47 47 47 48 49 50 50 50 50 50 50 50 50 50 50 49 49 49 50 50 50 50 50 48 47 49 49 50 50 50 50 50 49 48 49 50 50 50 50 50 50 50 50 50 50 50 50 49 50 50 50 50 50 50 50 50 50 50 50 50 50 50 50 50 50 50 50 50 50 50 50 50 50 50 50 50 50 50 50 50 50 50 50 50 50 50 50 50 50 50 50 50 50 50 50 50 50 50 50 50 50 50 50 50 50 50 50 50 50 50 50 50 50 50 50 50 50 50 50 50 50 50 50 50 50 50 50 50 50 50 50 50 50 50 49 49 50 50 50 50 50 50 50 50 50 50 50 50 50 50 50 50 50 50 50 48 48 50 49 49 50 50 50 50 50 50 50 50 50 50 50 50 50 50 50 50 50 50 50 50 50 50 50 50 50 50 50 50 50 50 50 50 50 50 48 49 47 47 49 50 49 47 45 46 46 46 48 50 50 50 48 49 49 50 50 50 50 50 50 50 50 50 50 50 48 48 49 50 50 50 50 50 50 50 50 49 49 50 50 50 50 50 50 50 49 49 49 50 50 50 48 48 50 49 49 49 50 50 50 50 50 50 49 49 49 49 50 50 50 50 50 50 50 50 50 50 50 50 50 50 50 50 50 50 50 50 50 50 50 50 50 50 50 50 50 50 50 50 50 50 50 50 50 50 50 50 50 50 50 50 50 50 50 50 48 49 50 50 50 50 50 50 50 50 50 50 50 50 50 50 50 50 50 50 50 50 50 50 50 50 50 50 50 50 50 50 50 50 50 50 50 50 50 50 50 50 49 50 50 50 50 50 50 50 50 50 50 50 50 50 50 50 50 50 50 50 50 50 50 50 50 50 50 50 50 50 50 50 50 50 50 50 50 50 50 50 50 50 50 50 50 50 50 50 50 50 50 50 49 50 50 50 50 50 50 50 50 49 50 50 50 50 50 50 50 50 50 50 50 50 50 50 50 50 50 50 50 50 50 50 50 50 50 50 50 50 50 50 50 49 50 50 50 50 50 50 50 50 50 50 50 50 50 50 50 50 50 49 50 50 50 50 50 50 50 50 50 49 50 50 50 50 50 50 50 50 50 50 50 50 50 50 50 50 50 49 50 50 50 50 50 50 50 50 50 50 50 50 50 50 50 50 50 50 50 50 50 50 48 50 50 50 50 50 50 50 50 50 50 50 50 50 50 50 50 50 50 50 50 50 50 50 50 50 50 48 48 50 50 48 49 49 50 50 50 50 50 50 50 49 50 50 50 50 50 50 50 50 50 50 50 50 48 49 49 50 50 50 49 49 50 49 48 50 50 50 50 50 50 50 50 50 48 49 50 50 50 50 50 49 49 50 50 48 48 50 50 50 50 50 50 50 50 50 50 50 50 50 50 50 50 49 49 50 49 49 48 50 50 50 50 50 50 50 50 50 50 50 50 50 50 50 50 50 50 49 50 50 50 50 50 50 50 50 50 50 50 50 50 50 50 50 50 49 49 50 50 50 50 50 50 50 50 50 50 50 50 50 50 50 50 50 50 50 50 50 50 50 50 50 50 50 50 50 50 50 50 50 50 50 50 50 50 50 50 50 50 49 50 50 50 50 50 50 50 48 50 50 48 49 49 50 50 50 50 50 50 50 50 48 49 50 50 50 50 50 50 50 50 50 50 50 50 50 50 50 50 50 50 50 50 50 50 50 50 50 50 50 50 50 50 50 50 50 50 49 50 50 50 50 50 50 50 50 50 50 50 50 50 50 50 48 50 50 48 50 50 50 50 50 50 50 50 50 50 50 49 49 49 49 50 50 50 50 50 50 50 50 50 50 50 50 50 50 49 50 48 49 50 50 50 50 50 50 50 50 50 50 50 50 50 50 50 50 50 50 50 50 50 50 50 50 50 50 50 50 50 50 49 47 49 50 48 48 50 50 50 50 50 50 50 50 50 50 50 50 50 50 50 50 48 48 50 50 50 50 50 50 50 50 50 50 50 50 50 50 50 50 50 50 49 50 50 50 50 50 50 50 50 50 50 50 50 50 50 48 49 50 48 48 49 50 50 50 48 50 50 50 50 50 50 50 50 50 50 50 50 50 50 50 50 50 50 50 50 50 50 50 50 50 50 50 50 50 50 50 50 49 50 50 50 50 50 50 50 50 50 50 50 50 50 50 50 50 50 50 50 50 49 50 50 50 50 50 50 49 49 50 50 50 50 50 50 50 50 50 50 50 50 49 49 50 50 48 49 49 50 50 50 50 50 50 50 50 50 50 50 48 49 50 50 50 50 50 50 50 50 50 50 50 50 50 50 50 50 50 50 50 50 50 50 50 50 50 50 50 50 50 50 48 50 50 50 50 50 50 50 50 48 49 50 50 48 50 50 50 48 49 50 50 50 50 50 50 50 50 50 50 50 50 50 48 48 48 49 50 50 50 50 50 50 50 50 50 50 50 50 50 50 50 50 48 49 49 49 50 50 50 50 50 50 50 50 50 50 50 50 48 49 50 50 50 50 50 50 50 50 50 50 50 50 50 50 50 50 50 50 50 50 50 50 50 49 49 49 50 50 50 50 48 49 50 49 50 50 50 50 50 50 50 50 50 50 50 50 50 50 50 50 50 50 50 49 50 50 50 49 50 50 50 50 50 50 50 50 50 50 50 48 48 48 46 46 46 48 50 50 50 50 50 50 50 50 50 50 50 49 50 50 50 48 49 49 49 50 50 50 50 50 50 48 48 50 48 50 50 49 49 50 50 50 50 50 50 50 50 48 50 50 50 50 50 50 50 50 50 50 50 50 50 50 50 50 50 50 48 48 48 48 49 50 50 50 50 50 50 50 50 50 50 50 50 50 50 49 49 50 50 50 50 50 50 50 50 50 50 50 50 50 50 50 50 50 50 49 49 50 50 50 50 48 50 50 50 50 50 50 49 49 49 50 50 50 50 50 50 50 50 48 46 46 46 47 47 48 50 50 50 50 50 50 50 50 50 50 50 50 50 48 50 50 50 50 48 50 50 50 50 50 50 50 50 50 50 50 50 50 50 50 50 50 50 50 50 50 50 50 50 50 50 50 50 50 50 50 50 50 50 50 50 50 50 50 50 50 50 50 50 50 50 50 50 50 50 50 50 50 50 50 50 50 50 50 50 50 50 50 50 50 50 50 50 50 50 50 50 50 49 48 48 49 49 49 49 50 50 50 50 50 50 49 50 50 50 50 50 50 50 50 50 50 50 50 50 50 50 49 50 50 50 50 48 48 50 50 50 50 50 50 50 50 50 50 50 50 50 50 50 50 48 49 50 50 50 50 50 50 50 50 50 50 50 50 50 50 49 49 50 50 50 50 50 50 50 50 50 50 50 50 50 50 50 50 50 50 50 50 50 50 50 48 49 50 50 50 50 48 49 49 50 50 50 50 50 49 49 50 50 48 50 50 50 50 49 49 50 50 50 49 50 50 50 50 50 50 50 50 50 50 50 50 50 50 50 50 50 50 50 50 50 50 50 48 48 48 49 50 50 50 50 50 50 50 50 50 50 50 50 50 50 50 50 50 50 50 50 50 50 50 50 50 50 50 50 50 50 50 50 49 50 50 50 50 50 50 50 50 50 50 50 50 50 50 48 48 50 50 50 50 50 50 50 50 50 50 50 50 50 50 50 50 50 50 50 50 50 50 50 50 50 50 50 50 49 50 50 50 50 50 50 50 50 50 50 50 50 50 50 50 50 50 50 50 50 50 48 48 48 48 50 49 48 49 50 50 50 50 50 50 50 50 50 50 50 50 50 50 50 50 50 50 50 50 50 50 50 50 50 50 50 50 50 48 48 48 49 50 50 50 50 50 50 50 48 50 50 50 50 50 50 50 50 50 50 50 50 50 50 50 50 49 50 50 50 50 50 50 50 50 50 50 50 50 50 50 50 50 50 48 46 46 48 50 50 50 50 50 50 50 50 49 50 50 50 50 50 50 50 50 50 50 50 50 50 50 50 50 50 50 50 50 50 50 50 50 50 50 50 50 50 50 50 50 48 48 50 50 50 50 50 48 50 50 50 50 50 50 50 50 50 50 50 50 50 50 50 49 49 50 50 50 50 50 50 50 50 48 48 47 47 46 47 46 47 47 47 48 48 47 47 47 48 48 48 48 49 50 50 50 50 50 50 50 49 50 48 49 50 50 50 50 50 50 50 50 50 50 48 49 50 50 50 50 50 50 50 50 48 48 50 50 50 50 50 50 50 50 50 50 48 50 50 50 50 50 50 50 50 50 50 50 50 50 50 50 50 50 50 50 50 50 50 50 49 49 50 50 50 50 50 50 50 49 50 50 50 50 49 50 50 50 50 50 50 50 50 50 50 50 50 50 50 50 50 50 50 50 50 50 50 50 50 50 50 50 50 50 50 50 50 50 50 50 50 50 48 48 49 48 48 48 49 49 49 49 50 50 50 48 46 48 49 49 50 50 50 50 50 50 50 50 50 50 50 50 50 50 50 50 50 50 50 50 50 50 50 50 50 50 50 50 50 48 50 50 50 50 50 50 50 50 50 50 50 50 50 50 50 50 50 50 50 50 50 50 50 50 50 50 50 50 50 50 49 49 50 50 50 50 50 50 50 49 49 49 50 50 50 50 50 50 50 50 50 50 50 50 50 50 50 50 50 50 50 50 50 50 50 50 50 50 50 50 50 50 50 50 50 50 50 50 49 50 50 50 50 50 50 50 50 50 50 50 50 50 50 48 49 49 49 50 50 50 50 50 50 50 50 50 50 50 48 49 49 50 50 50 50 50 50 50 50 50 50 50 50 50 50 50 50 50 50 50 50 50 50 50 50 50 48 48 50 50 50 50 50 50 50 50 50 50 50 50 50 50 50 50 50 49 50 50 50 50 50 50 50 50 50 50 50 50 50 50 50 50 50 50 50 50 50 50 50 50 50 50 50 50 50 50 50 48 50 50 50 50 50 50 50 50 50 50 50 50 50 50 50 50 50 50 50 50 50 50 50 48 50 50 50 50 50 50 50 50 48 50 48 48 50 50 50 49 49 50 50 50 50 50 50 50 50 50 50 50 50 50 50 50 50 50 50 50 50 50 50 50 50 50 48 46 48 48 49 50 50 50 50 48 49 50 50 50 49 49 49 50 50 50 50 50 50 50 50 50 50 50 49 50 50 50 50 50 50 50 50 50 50 50 50 50 50 50 50 50 50 50 50 50 49 50 50 50 50 50 50 50 50 50 50 50 50 50 50 50 48 46 46 48 50 50 50 50 50 50 50 50 50 50 50 50 50 50 50 50 50 50 50 50 50 50 50 50 50 50 48 49 50 50 50 50 50 50 50 50 50 50 50 50 50 50 50 50 50 50 50 50 50 50 50 50 48 49 49 49 49 50 50 50 50 50 50 50 50 49 50 50 50 48 50 50 50 48 47 47 49 50 50 50 50 50 50 49 50 50 49 50 50 50 50 50 50 50 50 50 50 50 50 50 50 50 50 50 50 50 50 50 50 50 50 50 50 50 50 50 50 50 50 48 49 50 50 50 50 50 50 50 50 50 50 50 50 50 50 50 50 50 50 50 50 50 50 50 48 50 50 50 49 50 50 49 50 50 50 50 50 50 50 50 50 50 50 50 50 50 50 50 50 50 50 50 50 50 50 50 50 50 50 50 50 50 50 50 50 50 50 50 50 50 50 50 50 50 50 50 50 50 50 50 50 50 50 50 50 50 50 50 50 49 48 49 49 50 50 50 50 50 50 50 50 50 50 48 50 50 50 50 50 50 50 50 50 50 50 50 50 50 50 50 50 50 50 50 50 50 50 50 50 50 50 50 50 50 50 50 50 50 50 50 50 50 50 50 50 50 50 50 50 50 50 50 49 50 50 50 50 50 50 50 50 50 50 50 50 50 50 50 50 50 50 50 48 48 49 49 50 50 50 50 50 50 50 50 50 50 50 50 50 49 50 50 50 50 50 50 50 50 49 50 50 50 50 50 50 50 50 50 50 50 50 50 48 50 50 50 50 50 50 50 50 50 50 50 50 50 50 50 50 50 50 50 50 50 50 50 50 50 50 50 50 50 50 50 49 50 50 50 50 50 50 50 50 50 50 50 50 50 50 48 50 50 50 50 50 50 50 50 50 50 50 50 50 50 50 50 50 50 50 50 50 50 50 50 49 50 50 50 50 50 50 50 50 50 50 50 50 48 48 48 47 47 47 46 48 48 49 49 49 49 49 49 49 50 50 50 50 50 50 50 50 50 50 50 50 50 50 50 50 50 50 50 50 50 50 50 50 50 50 50 50 50 50 48 49 49 50 50 50 50 50 50 48 49 50 50 50 50 50 50 49 50 50 50 50 50 48 48 50 50 48 48 49 49 50 50 50 50 50 50 49 49 50 50 50 50 50 50 50 50 50 50 50 50 50 50 50 50 50 50 49 50 50 50 50 50 50 50 50 50 50 50 50 50 50 50 50 50 50 50 50 50 50 50 50 50 50 50 50 50 50 50 50 50 50 50 50 50 50 50 50 50 50 50 49 48 49 50 50 50 49 50 50 50 50 50 50 50 50 50 50 48 49 50 50 50 50 50 50 50 50 50 50 50 50 50 50 50 50 50 50 50 48 47 47 48 48 49 50 50 48 49 50 50 50 49 49 50 50 50 50 50 50 50 50 50 50 50 50 50 50 50 50 50 50 50 50 50 50 50 50 50 50 50 50 50 49 50 50 50 50 50 49 49 50 50 50 50 49 50 50 50 50 49 50 50 50 50 50 50 50 50 50 50 50 50 50 50 50 50 50 50 50 50 50 50 50 50 50 50 48 48 50 50 50 50 50 50 50 50 50 50 50 50 50 50 50 50 50 50 50 50 50 50 48 48 50 50 50 50 50 50 50 50 50 50 50 50 50 48 50 50 50 50 50 50 48 48 50 50 50 50 50 50 50 50 50 50 50 50 50 50 50 50 50 50 50 50 50 50 50 50 50 50 50 50 50 50 50 50 50 50 50 50 50 50 50 50 50 50 50 50 50 49 50 50 50 50 50 50 50 50 50 50 50 50 50 50 49 49 49 49 49 50 50 50 50 50 49 50 50 50 50 50 50 50 48 47 48 48 49 49 50 50 50 50 50 50 50 50 50 50 50 48 48 50 50 50 50 50 50 50 50 50 50 49 49 50 50 50 50 50 50 50 50 50 50 50 50 48 47 49 49 50 50 50 50 50 50 50 50 50 50 50 50 50 50 50 50 50 50 50 50 50 50 50 50 50 50 50 50 50 50 50 50 48 48 50 50 50 50 50 50 50 50 50 50 50 50 48 49 49 49 50 50 50 50 50 50 50 50 50 50 50 50 50 50 50 50 50 50 50 50 48 48 48 49 50 50 50 50 50 50 50 50 50 48 48 49 50 50 50 50 50 49 49 50 50 50 50 50 50 50 50 50 50 50 50 50 50 50 50 49 50 50 48 50 50 50 50 50 50 50 50 50 50 50 50 50 50 50 50 50 50 50 50 50 50 50 50 48 48 50 50 50 50 50 50 50 50 50 50 50 50 48 48 48 50 50 50 50 50 50 50 50 50 50 50 50 50 50 50 50 50 50 50 50 50 50 48 50 50 50 50 50 50 49 50 50 50 50 50 50 50 48 50 50 50 50 50 50 48 50 50 50 50 49 49 49 50 50 50 48 48 48 50 50 50 48 48 48 48 49 50 50 50 50 50 50 50 50 50 50 50 50 50 50 50 50 50 50 50 50 50 50 50 50 50 50 50 50 50 50 50 50 50 50 50 49 50 50 50 50 50 50 50 50 50 50 50 50 50 50 50 49 49 50 50 50 50 50 50 50 50 50 50 50 50 49 50 50 50 50 50 50 50 50 50 50 50 50 50 50 50 50 50 50 50 50 48 50 50 50 50 50 50 50 50 50 50 50 50 50 50 50 50 50 50 50 50 50 50 50 50 50 50 48 47 49 49 49 50 48 49 50 50 50 50 50 50 50 50 50 49 50 50 50 50 50 50 50 50 50 50 50 50 50 50 50 50 50 50 50 50 50 50 49 50 50 48 50 50 50 49 48 49 49 50 50 49 50 48 49 49 50 50 50 50 50 50 50 50 50 50 50 50 50 50 50 50 50 50 50 50 48 48 48 49 50 50 50 50 50 50 50 50 50 50 50 50 50 50 50 50 50 50 50 50 50 50 50 50 50 50 50 50 50 50 50 50 50 50 50 50 50 50 50 50 50 50 50 50 50 50 50 50 50 50 48 50 50 50 49 49 49 49 50 50 50 50 50 50 50 50 50 50 50 50 50 50 50 50 50 50 50 50 50 50 50 50 50 50 50 50 50 50 50 50 50 50 50 50 50 50 50 50 50 50 50 50 50 50 50 50 50 48 48 48 50 50 50 50 50 50 48 48 48 49 50 50 50 50 50 50 50 50 50 50 50 50 50 50 50 50 50 50 50 50 50 50 50 50 50 50 50 50 49 50 50 50 50 50 50 50 50 50 50 50 50 50 50 50 50 48 49 50 50 48 48 50 50 50 50 50 50 50 50 50 50 50 50 50 50 50 50 50 50 50 50 50 50 50 50 50 50 50 50 50 50 50 50 50 50 50 50 50 49 49 50 49 50 50 50 50 50 50 50 50 50 50 50 50 50 49 50 50 50 50 50 50 50 50 50 48 50 50 50 50 50 50 50 48 48 50 50 50 50 50 50 50 50 50 50 50 50 50 50 50 50 50 50 50 50 50 48 48 50 50 50 50 50 50 50 50 50 50 50 48 48 48 48 50 50 50 50 50 50 50 50 50 50 50 50 50 50 50 50 50 50 50 50 50 50 50 50 50 50 50 50 50 50 50 50 50 50 50 50 50 50 50 50 50 50 50 50 49 50 50 50 50 50 50 50 50 50 50 50 50 50 50 50 50 50 50 50 50 50 50 48 49 49 50 50 50 50 50 50 50 50 50 50 50 50 50 50 50 50 50 50 50 50 50 50 50 50 50 50 50 50 50 50 50 50 50 50 50 50 50 50 50 50 50 50 50 50 50 50 50 50 50 50 50 50 50 50 50 50 50 50 50 50 50 50 50 50 50 48 50 50 50 50 50 50 50 50 48 50 50 50 50 50 50 50 50 50 50 50 50 50 50 50 50 50 50 50 50 50 50 50 50 50 50 50 50 50 50 50 50 50 50 50 50 50 50 50 50 50 50 50 50 50 50 50 50 50 50 50 50 48 50 50 50 50 50 50 50 50 50 50 50 50 50 50 50 49 49 49 50 50 50 50 50 50 50 50 48 50 49 50 50 50 50 50 50 50 50 50 50 50 50 50 50 48 48 48 49 50 50 50 50 50 50 50 50 50 50 50 50 50 50 50 50 50 50 50 50 50 50 50 50 50 50 50 50 50 50 50 50 48 49 49 50 50 50 50 48 48 48 50 50 50 50 50 50 50 50 50 50 50 50 50 50 50 50 50 50 49 50 50 50 50 50 50 50 50 48 48 49 50 50 50 50 50 50 50 50 50 50 50 50 48 49 49 50 50 50 50 48 50 50 50 50 50 50 50 50 50 50 50 49 50 50 50 50 50 50 48 49 50 50 50 50 50 50 50 50 50 50 50 50 50 48 48 48 49 50 50 50 49 49 50 50 50 50 48 49 50 48 49 50 50 50 48 49 50 50 50 50 50 49 50 50 50 50 50 50 50 50 50 50 50 50 50 50 50 50 50 50 50 50 50 50 50 50 50 50 50 50 50 50 50 50 50 50 50 50 50 50 50 49 50 50 50 49 50 48 50 50 50 50 50 50 50 49 50 50 50 50 50 50 50 49 50 50 49 50 50 50 50 50 50 50 50 50 50 50 50 50 50 48 49 49 50 50 50 50 50 50 50 50 50 50 50 50 50 50 50 50 50 50 50 50 50 50 50 50 50 50 49 50 50 50 50 50 50 50 48 48 48 50 50 50 50 50 50 50 50 50 50 50 50 50 50 50 50 50 50 50 50 50 50 50 50 50 50 50 50 50 50 50 50 50 50 48 48 49 49 50 50 50 50 50 50 50 50 50 50 48 49 50 50 50 50 50 50 50 50 50 50 50 50 50 50 50 50 50 50 48 48 49 50 50 50 50 50 50 50 50 50 50 50 50 50 50 50 50 50 50 50 50 49 50 50 50 50 48 48 49 50 49 47 48 48 48 50 50 50 50 50 50 50 50 49 50 50 50 50 50 50 50 50 50 50 50 48 50 50 50 50 50 50 50 50 50 50 50 50 50 50 50 50 50 50 50 50 48 48 49 49 50 48 50 50 50 50 50 50 50 50 50 50 50 50 50 50 49 50 50 50 50 50 50 50 50 50 50 50 50 50 50 50 50 50 50 50 50 50 50 50 50 49 50 50 50 50 50 50 50 50 50 50 50 50 50 50 50 50 50 50 50 50 50 50 50 50 50 50 49 49 50 50 50 50 50 50 50 50 49 49 50 50 50 50 50 50 50 48 48 50 50 50 50 50 50 50 50 50 50 50 48 48 47 49 49 49 50 50 50 50 50 50 50 50 50 50 50 49 50 50 50 50 50 50 49 49 50 50 50 50 50 48 48 48 49 50 50 50 50 50 50 50 50 50 50 50 50 50 50 50 50 50 50 50 50 50 48 49 49 50 50 50 49 49 49 50 50 50 50 50 50 50 50 50 50 50 50 50 50 50 50 50 50 50 50 50 50 50 50 50 50 50 50 50 49 48 49 50 50 50 50 50 50 50 50 49 50 50 50 50 50 50 50 50 50 50 50 50 50 50 50 50 50 50 50 50 50 48 49 50 50 50 50 48 49 49 50 50 50 50 50 50 50 50 50 50 50 50 50 50 49 49 50 50 50 50 50 50 50 50 50 50 50 50 50 50 50 50 50 50 50 50 50 50 50 50 50 48 50 50 50 50 50 50 50 50 50 50 50 50 50 48 47 49 49 50 50 50 50 50 50 50 50 50 50 50 50 48 48 50 50 50 50 50 50 50 49 50 49 50 50 50 50 50 50 50 50 50 50 49 49 50 50 50 50 50 50 50 49 50 50 50 50 49 50 50 50 50 50 50 50 50 50 50 50 50 50 49 50 50 50 50 50 50 48 48 49 50 50 50 50 50 50 50 50 50 50 50 50 50 50 50 50 50 50 50 50 48 47 48 49 49 49 49 50 50 50 50 50 50 50 50 50 50 50 50 50 50 50 50 50 50 50 50 50 50 50 50 50 50 50 50 50 50 50 50 50 50 50 48 49 50 50 50 50 50 50 50 50 50 49 50 50 50 50 50 50 50 50 50 50 50 50 50 50 50 49 50 50 50 50 50 49 49 50 50 50 48 49 50 50 50 50 50 50 48 50 50 50 50 50 50 48 50 50 50 50 50 50 50 48 48 49 49 50 49 50 50 50 50 50 50 50 50 50 50 50 50 50 50 50 50 50 50 48 50 50 50 50 50 50 50 50 50 50 50 50 50 50 50 50 50 50 48 49 49 50 50 50 50 50 50 50 50 50 49 49 47 49 50 50 50 50 50 50 50 50 50 50 50 50 50 50 50 50 50 49 50 50 50 50 50 50 50 48 49 49 50 50 50 50 50 50 50 50 50 50 50 50
150
327 362 128 736 704 684 90 482 310 146 24 380 267 766 414 290 174 618 893 190 570 616 521 637 597 712 540 746 490 381 217 626 31 824 25 391 192 260 610 16397641 66780575 86075067 231515919 348209780 773865002 919688931 968138175 658260787 3937323 700938309 208657328 824608619 619826494 638062676 606133518 699017641 776101437 563675929 100911011 868551356 214841702 661957307 227250056 675967398 422357158 991496713 61776627 751417152 634034153 582103319 342353534 511632608 552392212 956105366 97186134 58809195 216145154 573195658 215310881 176601307 345537919 289964614 701502651 840306988 417969545 886384553 3983930 886719634 167693391 122200790 12267042 473557360 203680684 885783901 870256821 228838095 579711652 368745848 133436131 345994140 469613715 253843115 571245547 690288593 934087529 919567806 443982664 881802634 554928614 178411781 822438537 56556894 151432111 999809263 259328258 291602253 726271685 765466322 463070362 137010508 266647245 684843644 95706834 928537095 122271194 164041857 78966025 781448565 465423428 812009299 536707835 634274738 274383197 139839623 475567277 396122027 532333595 796562128 301128050 827108595 229842473 582604101 889298107 885346593 404617945 805042825 642483059 206360463 687864270 645214321
1 1 2 1 1 2 3 2 0 0 3 3 2 2 3 3 2 1 3 2 2 0 1 3 2 3 0 2 2 1 2 3 3 2 3 2 3 2 3 0 1 0 0 1 2 0 2 0 3 2 2 1 0 0 3 0 2 0 3 2 2 3 3 3 0 3 3 3 1 3 0 0 1 2 1 3 2 3 1 3 2 3 3 1 1 2 1 2 1 2 2 0 1 3 0 1 3 2 2 2 2 1 3 1 0 0 2 3 0 0 3 3 1 2 0 2 2 0 2 1 0 1 0 2 3 0 69 3 3 1 1 1 2 2 0 1 3 2 0 1 1 2 1 1 1 3 3 1 1 1
188
310768911 978154621 409282369 184017870 308307597 476200467 667796117 151167131 75061491 171892200 351782835 915109426 954618327 347333602 790244306 342335000 659512846 781508390 885104486 448007955 459530668 50670106 30084644 284117800 676434951 493533281 159057154 955339675 630850996 455260385 501169203 404113649 891106952 837317055 945471790 543271152 129434007 233946208 338048167 588952220 236492087 120399721 165416083 191372859 196062972 198059710 320224807 327116113 775804349 995473798 985424345 528179876 152067469 664742949 92187485 376810040 214641602 546235456 304915368 522902867 454294768 715831995 703565039 704931449 377537773 297670589 513138343 387369327 388519630 857250474 585390982 241537339 52087016 300518950 535765376 15063073 51479247 408793112 173090762 709861287 787561817 762359203 303767769 908791954 197911195 267573550 840822882 723181285 748947433 24625756 439636315 96808424 51123161 930657299 678713336 611943453 812906048 187787896 336646574 192264011 205749298 924497649 376854834 945877623 898139142 384072225 150575738 745121765 719096655 700539374 555071673 143713562 485846242 25834365 669226086 645518044 519736534 13559603 604727605 556730672 687624830 786446005 669890587 49159513 766689903 787264744 890708302 819777503 83476096 469465585 864176705 664199812 547833284 66115893 783008683 242577488 227756177 283105624 690510720 978367365 9760379 115760193 448635126 355799978 220200536 558273300 809098368 862016900 900404797 183055925 610186197 230182679 849996671 661912395 170686953 341628328 750988466 481525050 70773489 143845309 139061164 879969318 437083234 710065435 722015618 19900278 219796721 198004933 599070345 999735757 314122900 346889475 343508565 887183121 858223231 480952663 473110972 690984040 842899751 438872713 703536850 999969845 838409281 685394587 20696813 868776990 419058371 803443924
1 2 2 2 3 4 5 6 7 8 9 9 10 11 11 12 12 12 13 14 15 15 16 17 17 17 17 17 17 18 18 19 20 21 22 22 22 22 23 23 23 24 25 26 27 27 27 28 28 28 28 28 28 28 29 29 29 30 31 31 31 31 32 32 33 34 34 34 34 35 36 36 37 37 37 37 38 38 38 38 38 39 39 39 40 41 41 42 43 44 44 45 45 46 47 47 48 48 49 49 50 51 51 52 52 53 54 54 55 56 56 57 58 58 59 60 60 61 62 62 63 63 63 64 65 65 65 66 66 66 66 66 67 68 68 69 70 70 70 70 70 71 72 72 73 74 75 76 76 77 77 78 78 78 79 79 79 80 80 80 80 81 82 82 83 84 85 85 85 86 86 86 86 86 86 86 87 87 87 87 87 88 88 89 89 90 90 91
64
545484764 876030692 158267366 111395965 624474886 120900653 926354494 789409631 268 574 426 160 47 713 239 573352174 420234895 377670511 428060667 499771183 581163520 795221061 175973023 145651562 522597427 535276684 741392333 767591514 244295795 524914509 538390948 369566925 422195080 908388645 767989187 935014930 162399415 206141581 944928391 530846171 789160378 654481605 896069164 789448777 721045569 426468253 948250749 196477644 452411851 715819689 947908355 770408337 198924062 656254833 972857136 271241314 512612680 565547189 636948166 470668428 768077746 386822990 484434696 154755326
1 0 3 1 0 1 1 1 2 1 1 1 0 3 0 3 2 0 0 2 3 1 0 0 0 2 3 0 3 0 31 1 0 1 3 3 0 1 0 2 2 2 0 0 0 1 3 2 2 1 3 3 1 1 2 3 0 1 3 1 3 1 2 2
49
701779225 275094301 910571009 861161965 605278421 428473593 818988399 342368834 859931485 660804624 942897416 312056463 41936134 658680227 105392888 295726230 281899533 29673786 502015883 2123707 311271977 880312904 836775829 338557597 253912289 827913014 315110599 54537377 762495236 168169010 500664728 545362250 64346043 371987620 261099955 573112755 731527847 718254271 676032239 128716958 207644160 450902267 278574887 623832906 177167081 519287672 140 785 846
0 2 2 3 1 0 7 3 1 0 1 2 1 1 1 3 0 2 1 3 0 1 0 2 1 0 3 3 0 1 0 3 3 3 3 2 3 0 2 1 0 1 2 2 0 1 0 3 1
12
5 4 3 2 1 2 3 4 5 6 7 8
0 1 2 1 3 1 3 1 2 1 3 0
25
7 2 9 4 8 3 6 5 1 10 2 9 4 7 3 8 6 5 2 9 4 7 3 8 6
0 1 0 2 0 3 0 4 0 5 1 2 3 4 5 2 3 4 5 3 4 5 4 5 5
7
817209359 378922401 563181311 76610928 285819608 915407982 507803826
0 1 0 2 2 0 7
165
933 570 54 397 158 805 86 846 114 258 485 553 82 231 885 635 513 989 604 129 937 778 148 369 683 30 972 886 874 438 293 904 273 197 37 978 824 726 440 771 51 907 146 901 11 185 206 385 971 617 506 457 180 97 784749259 923219767 981981867 548134750 585479796 558557734 933282197 791867260 591989870 602027712 739970460 631680717 853427620 825004491 658916882 818283393 937451083 601564276 980678824 859346761 782262762 726490534 711445342 630855533 892750086 933387993 564503379 613733449 692412305 956301569 802406398 967060992 903289206 641191746 766143924 954230687 718421820 822608658 518067602 764791709 808614480 784630936 734734755 958348003 814666114 725767584 849493565 800225279 699349195 940170815 734965920 652599158 758652410 835225331 772404034 759999924 514 127 996 87 361 164 681 957 508 766 820 853 633 865 126 189 579 276 155 61 416 161 163 211 625 977 27 72 453 613 386 58 518 742 348 560 330 213 978 937 675 139 992 693 640 603 822 322 218 955 280 96 528 191 486
0 0 0 0 3 2 0 2 0 0 2 0 0 2 0 0 0 0 0 2 0 0 0 0 0 2 3 0 0 0 0 0 0 0 0 0 0 0 0 0 1 0 3 0 0 0 0 0 2 0 0 0 0 0 0 0 1 0 2 0 0 0 0 0 2 66 0 0 3 1 1 0 0 0 0 0 0 0 0 0 0 0 0 0 0 0 0 0 0 0 0 0 2 0 0 0 0 0 0 0 1 0 0 0 0 0 0 0 0 0 0 0 0 1 0 0 0 0 2 0 0 0 0 3 0 0 0 0 0 1 0 3 0 0 0 2 2 0 0 1 0 0 2 0 2 0 0 3 0 0 0 77 0 0 0 0 0 0 0 0 0 0 0 3 0
6000
158260522 602436426 861648772 433933447 262703497 628894325 450968417 161735902 707723857 910286918 404539679 492686568 650287940 462224593 384836991 782177068 818008580 160449218 164163676 138996221 545531545 350034067 470338674 533206504 31262034 677959980 846045895 346948152 506147731 298309896 215208399 189766466 694053968 469187475 888987010 575207354 871216480 509928121 14723492 234828607 360472167 613363438 846216104 76823620 9676858 322056553 70422962 26697435 992120464 499482549 471708200 306890639 203226467 938207958 313746600 149811929 316412581 116383718 673419335 286986530 702179569 80656954 110880114 233703686 846701392 936333553 121514850 935422061 219371588 394002980 988670052 922390943 602287469 817020443 81469525 101430412 801006699 99958976 458482217 713114427 87104584 8454496 269122601 432443377 926138238 897273517 774034433 782327307 741452977 679854882 923371826 663851401 860076763 850385413 619696523 45480206 916445904 581335844 16497484 720649262 87041107 21197987 721022306 249589291 368799134 128792089 678710212 157641823 341882280 587344338 534407965 945829555 111963316 385837611 145402024 129816176 893284199 739168893 732593737 115876846 190081154 139980814 36571886 644803100 23953879 222572461 12729744 592429447 191773963 707998984 135106665 47739191 244157605 816013356 742927694 986313075 590890974 672470695 738587154 966495306 774825524 218915329 419646331 883663413 868178438 467569858 386147801 111818374 233105051 326729809 735582308 540049650 534977822 708506381 873242282 319497119 478539926 994309826 98771888 419053521 513566946 973756616 339701654 902534850 346802542 832102486 974869661 851363568 980050276 109205766 353453224 890192054 601655395 116565925 157086378 187469083 870552559 437108345 574707501 788198772 792456675 504432321 392982516 80507149 833444535 503356284 142420898 598270939 428263717 873556334 916280965 324531083 199712366 705025732 110242238 296426773 179021274 740937455 856476061 831486954 375346733 12851090 639433717 372908211 599291483 246061778 339264127 161359328 687984591 168476076 447504964 258668370 215990441 229118125 571910661 96321166 528554314 628210901 97416748 413234222 543082234 843502997 993219838 631820803 68242547 200548343 575037420 219085843 986106314 999698901 368345777 123373321 430291404 306832972 988188747 553891698 585134836 431045101 888635433 568711277 518449487 20653889 854664258 193618389 76500789 156644688 954613899 226309913 583233179 647468697 159251051 502882500 375291068 326078850 818586319 260124456 483777764 559083757 683053801 64692967 891332416 410751406 4286557 45411991 632516505 304075268 183199736 920736932 493312766 179125418 926551968 123606965 433700475 144262638 14183002 63326222 723969326 745638505 505207875 920859755 778648246 805736149 444687788 245402483 610607964 278609930 664785583 809065135 448242685 919065195 603709546 822568836 751608433 612811986 548177147 12922927 495229747 1828294 828117798 433293654 386425020 748431088 305210607 576360685 740155781 536335885 325240258 130056528 608441376 471709580 821562049 897088413 670256636 873542149 434476254 463664767 197664966 858408270 644609399 818821235 540020274 286008473 145244952 332667337 935604049 846356995 112154974 35553226 914664943 770781527 525232298 412205567 226888778 329369908 127542633 961445582 966816097 43738620 963973925 82565240 491824178 985526739 754884533 328655558 638270861 286741456 32618377 224728966 186508009 141418696 521447585 360286413 608915963 232543591 152617834 61026274 44833677 580041743 806308879 50253940 25871531 451046817 522508865 862211593 522581493 671458132 909210982 233949064 978362371 626943175 738464254 906276274 831297816 658384364 843419140 39480180 556344345 623728607 900896520 172664807 560986613 359294351 995847725 354694643 932363342 899019130 484873953 370816803 361853040 369101338 87804773 724872778 88916678 216478952 883833547 888577434 479567318 756443993 981964503 625582346 207743854 937443031 235555851 601051412 131189178 396372436 294644795 103001554 276199215 94522925 598676141 383983969 332695015 453651993 449910518 583796616 108639920 411177881 126778490 530532285 360630307 122323933 642176095 867768593 711438797 732809466 450595359 958890581 763664179 55996994 572976322 768424719 38662062 227577147 921258397 326976643 747492925 714474064 557932407 369536302 547904581 570081388 158580531 452177325 202075550 109102235 164994352 304489019 854754448 208084443 545587953 610066926 901276220 958963982 923652447 197720766 453569111 790318645 50225353 841245343 348825537 780964862 641283774 138583557 569900645 615878375 360381923 171238637 112075088 205607179 336104387 386887356 87518569 664674386 367824179 302111120 840803670 540672457 440522751 923648933 588992539 749254031 899116124 640761694 728659672 894443257 770924419 446954154 577285518 703619863 341479717 245170707 492805526 859854597 956482562 246708755 18125894 753776228 22648149 499354959 80898677 74160486 766046659 420882263 605691286 883315680 547830352 298653413 20031344 169764728 396719589 266229697 686685403 283864597 323792535 610450725 311666807 710674803 109705035 911933548 713782548 93422917 992340977 267281787 787746166 924885861 308635082 347660428 710524110 665456095 579632623 555217772 758245871 174051828 313213296 14653719 840033224 417016757 64203312 504088998 24191620 865083461 381483144 285702532 686634179 11717236 221479259 565085 531754136 913495663 12675627 815204438 665856023 441308944 986457010 383113089 985218864 456256666 89364645 978611996 423428372 556605449 242249023 720116656 639762306 193024888 317361579 119084313 260933277 404197002 353542015 333218 109005214 523628058 167066158 564119038 783362661 92953024 78579681 615679623 677895104 112471161 983553897 811138614 280065613 730803494 116577172 832314763 840464612 238564364 801200397 971016913 355563784 61673357 850982850 754052805 437488151 338674576 900015046 703864375 218576693 519118099 230062778 860534141 249657649 27355661 264466652 292691930 50590117 122767456 52371036 726664558 919280477 27947864 425629293 241518517 482431523 428899544 92921907 182916097 682590548 930248423 517711375 480054507 108687147 154348796 428579953 335916571 747319246 161973616 953652500 76702790 163722408 661757885 410700152 563625526 37779594 790300264 815749174 909545653 213114005 273930331 784896761 592884581 199627644 29154638 256094164 392908783 155898988 31925872 975012547 568523499 770029734 385358427 474521316 186733172 95602064 419134633 579218007 455120476 201725743 755058754 24694360 553312273 121473863 291673431 281662462 772672943 736941734 678016656 981818967 507771063 232106000 206093879 677125071 416270780 488118960 460420938 635331252 168781191 54722828 335791582 568972762 164112045 261062940 137709065 483290987 512512849 40422589 473121350 925055446 708959592 13587685 729840315 283538064 621939065 419393931 684747135 322556507 610499118 868330318 405719310 793411899 461723604 321122521 891028650 214248521 37328617 816969328 44685743 135937782 147211847 384942016 451072488 928413563 168259112 30014960 593854979 692908698 784941571 700666621 589903429 354393456 763382011 38677172 353107211 343561197 501569553 388089784 680948981 540908013 963680175 612293976 958729232 807555664 540438516 554262957 653591099 192164841 857071226 271052631 80856843 957106688 266874950 492599296 781656301 743313535 982822541 704861920 129718124 856755047 956123828 417325792 529193518 122499207 483645491 63098328 757708023 317054041 169940553 339210181 95417403 637209723 191732856 227812093 900559367 773599974 98304379 8119584 387901847 770718683 251893295 712670206 775999996 892499314 825794710 399791488 571679332 419298939 546591055 732082117 689881886 3582595 64847656 910480166 478245571 972912289 744886362 370366488 1128591 858824238 361827479 327654525 357456702 623668750 572428898 858855302 1902815 549157941 141577225 108631841 761764130 990128482 254246567 64964104 187788939 680160420 747227009 943890428 567952131 743290350 46151798 639013783 168873244 12645167 911889783 338838593 257784218 105333573 983858481 770182589 894475410 326430519 28240749 469506240 606438928 113333131 717856234 864231753 22427550 299530046 283714567 477788526 926033226 567531866 549840323 674591641 167271508 375942025 802884721 702621701 549478667 670463705 127770935 433801078 237399692 477522351 85016338 889961292 744311409 23464769 13130433 835072615 532414692 104546514 13298897 134208630 113301602 833846159 117820830 697882294 774415821 111033899 857107543 776864377 478077641 347738468 625300762 66132725 770441495 902154120 808961110 454995384 188264563 708149247 220952390 917546095 204503236 589489013 401517720 726149042 313403173 137382230 254414609 195171812 822745550 38033748 773494335 454976636 656641134 614629039 622646113 402794655 850018490 975479236 372218776 825991343 712818520 370187656 942512448 394108314 974118804 780178419 934663994 862053242 761246749 549337451 633680401 566267633 319034496 994274732 690042117 432670411 835086515 708573434 527477943 728697192 54403325 872762756 1561760 246494589 179105903 59865747 174657778 249726949 519248027 460865930 462655744 556994125 87776659 606381563 783230321 823823176 772810578 336346626 226545507 538439401 45159236 911875901 766468550 296286539 930851918 400793394 87455574 596916069 739363563 587012908 989416752 218231825 633297128 966382003 752850865 137872152 506480382 517503975 761656289 97928445 22631012 866901557 714644995 900853177 111990469 778890548 670629712 919777626 401943906 359502925 856950113 616390393 806712161 189115488 58060403 325419612 350324901 720468410 764835547 967084321 114079525 840238880 411722254 555432061 50827830 533944704 873731826 78048411 650087807 982267108 472396077 16420140 240671155 639885170 461351270 397233960 942292553 910511933 411891386 434471071 731074338 96828030 166080628 769686938 150303637 452598385 753166284 757830005 188593660 238583964 455060723 63039702 436757158 920793186 327350533 79540640 735375673 15098591 262951166 381395117 808315337 617635659 863478641 520462551 97177605 778023919 725233811 301705623 280460734 568215432 500593985 3953564 956394339 507017884 856943022 863000144 569651679 316301224 782394898 736676963 149088552 16090837 646692088 976752130 526107413 35182056 172621773 841374134 620765528 595783345 720936826 977032421 245990926 662799332 116839617 366330654 882835548 734084072 937610399 428019764 597251880 203937088 569360127 385417363 765428378 532340713 572148707 744232440 714457775 147165929 982248691 288301845 912608956 160739495 388574460 454868418 6311954 828122009 890587205 837109992 990455915 332637970 804980913 333803354 749867677 290712464 334452620 988250827 820339586 611510809 28194860 220968034 462216541 513158224 182924761 139547453 420183563 319638365 200110560 722568397 346052188 180686991 487903455 524458369 619821364 993953272 231584054 883629723 856740793 710490404 115969379 391071304 491915105 380129513 911686917 407080666 276780434 227676490 910482294 361804872 13242849 229344783 397854817 712521319 28952622 431174072 924854399 51512258 47520647 232507002 402669550 984292527 245881961 219942531 567864975 701846934 103659093 423327000 166735204 75045956 128428139 400208534 13187409 932982883 439883122 797791608 772888577 563081932 882944393 564601879 14901105 870399187 466263225 206327713 68983581 10839435 155419577 68559151 181516796 25545891 632399326 882364444 107790316 108599842 41581562 57343538 839607153 936413646 291525266 519189050 649504187 113689340 818959574 450281746 551217699 454597459 70901972 315198541 708588074 561090904 640077923 486254458 371993424 411705997 184146861 125304188 802816141 210676346 223147993 624961947 774941771 996729811 611910887 960242164 30397434 290743913 24525472 350734795 390002005 948200842 141572258 280809199 852226511 198227758 623368213 307052273 359555020 457473839 16014916 829339828 24136495 11274347 806607116 648692899 994157516 952914090 598401515 799300472 573246046 854602502 616096643 259777366 377184303 891549279 19409830 721541677 463071009 968955213 554034808 682240487 738471285 10824513 893357358 952306897 853391809 556848887 373349799 520542068 875571393 551146848 280636981 501752447 456491626 538121646 399178886 687460490 550245851 601555016 567832352 631727878 116368503 726622906 186161200 874951122 489712646 711269085 490815668 771477356 350073948 377130832 21829305 512822539 68571925 218959044 193631174 134191082 752825938 969152901 708541128 754837719 663566991 551372596 477722784 307096320 41668568 140482411 480995938 609635837 814681684 649841180 771951810 528142218 401258049 596914935 652238289 793209413 124667961 837902565 609948904 995767140 668961702 230055864 439688854 914057823 596207713 560850913 912559718 689120450 617367937 159976853 555700264 580037070 255528980 276238565 98599261 524511730 149999326 147549306 661085683 354361656 956124303 837387819 836172158 180398529 464163257 198266248 140823036 358763830 238082882 351360264 188241374 367933394 877805076 4263216 613025870 579476985 625156823 295321213 568731787 934204775 48474192 296313093 145667254 860939020 851476198 349682687 430895530 923214058 922522404 887755827 277330063 381700141 105831715 892570768 870918601 311351581 890059276 239355420 153314579 118225671 570678496 705209731 274351489 990001009 279477127 66244214 951144129 330854557 614080767 669411659 230295912 428805779 968442736 221009250 398780699 625700752 244591581 611022743 668252306 513251496 346777840 464729517 407639968 751950620 487218586 590767851 31088362 986110319 927820290 469228327 850933567 197844743 6813433 81282066 972615908 87834895 663285952 232810090 758841450 528141153 137719144 922167544 715292075 786363152 938253173 987923625 789681082 814942224 9561833 462666191 181309943 747977271 581438873 955934188 316699623 205402828 326886427 785084586 200240848 441984380 246429780 333588066 607688280 598840556 673797110 227056256 913168829 906349759 295428129 56521811 539340005 801361437 349958951 607581987 402584853 845969967 207627485 989323000 861937560 361456432 886034893 940780670 874138193 664055413 91927923 776526023 617995571 47689710 255310126 489927532 782684066 77853369 13132130 887564563 611536836 273255793 62712042 591196926 851539256 921231814 507397421 407642926 19149118 493591885 46334431 71771915 964269999 230346597 251723631 402745731 359341982 969427609 679915579 24832663 738388374 386719829 741457424 230433436 294042849 34431544 730251497 339579251 847291779 742859714 894361664 811766600 486806421 378742265 672517480 245546396 761817586 353007238 625514234 518836879 272565972 423011302 552126247 170150171 211670661 10463569 210880112 411570340 241699483 429966399 794327884 402050830 33129120 367553516 735462945 849590672 628589030 63480175 535861646 503176879 376952950 538483609 526153997 971448065 720741886 730586087 875234368 564866201 55873130 231265609 967087500 802841090 141524339 365588779 143313386 560297249 958253563 412188168 411209425 980350166 526972077 240712875 829830449 188830084 116191445 957437146 162604618 531468431 326508932 872043185 984612462 718765688 771642574 121588747 48906570 950993712 116621252 139474426 70778211 566780078 757352006 252900904 836383967 588259951 32495682 638237721 494794117 996666604 956288768 171356270 176497159 928337825 808064840 768440986 782845381 35222196 569924428 666969190 608829894 89606036 735069251 70098675 420174576 343024360 992042353 54812401 392589275 774250904 815353923 550132150 91184009 620855091 461883418 278007961 149024766 572172379 976632221 812824029 306728694 755725487 412432360 733035336 934278740 447494806 415473365 426622112 374172732 344116399 70944063 770173753 887801411 628317673 622908236 175684549 98408548 360301727 399859216 317439480 221883469 616142238 826412615 534538465 55791535 290030298 237999524 654625312 990613837 870496129 154378718 827902271 717202305 261935056 740168304 997161610 121532187 669795062 519771192 915754325 539977285 20009810 623991603 266594166 860699563 10896782 44349031 198274638 587053405 15926210 72922010 980335603 891555647 646500742 756107639 846179393 674980460 368423026 152484077 368526164 772519574 422877679 579554366 130920401 772832970 821249187 243261054 131373664 665298815 565068431 158691176 385354177 561962779 41298026 536732560 112120903 826230009 138759733 425017331 662146064 433166760 601661974 269660551 645049232 497972342 744053894 369483881 429820113 457423094 505638545 559554495 589937350 500415901 816984944 928108693 857266639 378572245 542517338 374783130 111066620 318629493 464121927 780763847 32790041 94817436 868693764 638799016 330445933 480175351 256459778 569079539 939424091 615423977 445050298 337010873 398993746 930956998 6898624 242230424 368129241 777785724 766054602 266950812 285140634 721423179 419951822 534703277 31814762 44093232 450391205 712459212 994394993 435564599 987214179 101914640 527974138 536210651 357374505 553008162 354103589 764338111 239083035 948227148 538095104 232706433 922992232 731644314 792165402 785316896 77711423 775918944 495619680 476159201 626989395 360003648 332117651 377740805 829314258 408038972 828578665 414199920 336508124 866381905 528566868 893236055 517215783 907572760 426283862 905462502 526323870 180919698 158010324 717429266 626257555 67492387 905683583 286422046 802733055 458653391 454528123 487425074 14756308 787692863 107020209 470117827 462485618 959447435 522186608 973585892 194214519 203199290 17622951 921530442 649087461 636957143 574158693 111660613 43312147 123792439 740842702 892627195 749045760 588499004 797579603 243654574 612204838 847779383 10106943 858100994 262825048 404117601 986184611 908953826 480966923 595106482 807986824 904334962 509089467 398490033 217617913 129776480 72286603 446744071 947468935 462378545 274783748 25127903 736538360 583363877 503740232 587899124 660038031 840257439 960167735 737796702 830445016 281258527 734452061 289439094 305524919 49408807 623152476 805679742 46340594 343148464 35107549 707465402 630928855 744768151 903542232 643128951 532148945 757869722 558030974 560942 607350751 969605136 509766641 724138763 435912643 316846166 462858282 810323313 967413319 777524586 268652609 216306857 638388809 141653211 175625121 876714798 686009133 618203807 972131886 252822799 357158864 267695532 461953086 590247078 312958963 807085851 214383822 173808015 849560098 647928122 495556127 454354032 693866538 18441370 731604626 477265028 227060827 743115702 424469326 401381454 778485164 239418850 914952875 355897306 861069397 977607923 759587013 919995560 647120153 423676390 211646732 671919834 73143639 44183512 60582831 506448968 161509311 292182858 292946801 750011702 298321004 826426506 304090782 526826640 60164536 294858065 802096419 479851809 677239269 559937323 368618812 136372077 226524404 975075659 645269684 321425932 209744212 813420185 754256704 862622247 886286680 729175623 338034651 686202854 300381367 685063754 632698138 136602810 307889104 817883268 346764309 109701644 537723365 405047318 737428880 92401315 195107098 117199632 101489038 396443173 742534257 251033052 545358418 524302876 217843792 369731630 690892349 168989129 764116419 265936430 944967957 730241564 289143034 961192551 611186507 952922820 834325827 447496141 493352805 340241962 380598790 64384731 993809440 656825581 172521975 300350996 88175401 753614300 776898534 531814832 663632228 959444892 78250786 274430044 91915872 404741139 390851394 542968175 400770939 174696699 586917155 525230354 542915005 479025279 592951959 65554515 663937035 775521063 890207661 129162108 708894225 192141836 449350536 461832797 8528747 256865774 244079158 956269243 19072449 927919538 773712338 133719655 442309792 108962230 858655299 448166069 385157215 873442153 708351644 982925846 326153240 638540532 729183099 754038341 324787650 322814895 919621442 120974064 729645820 880943226 853313227 88547954 796263792 800157720 236960173 153112235 664980972 821772777 337794062 107733022 33671580 205333471 54725840 682703576 465365466 303276899 963739876 766526713 229684136 142730027 440227982 928189817 306813000 823095540 81424660 658682552 670860441 621362740 726811987 187399282 93719669 997121285 12988998 225229049 823010808 853716031 724271644 853961301 868363183 273951453 415455613 294108521 26073420 265844196 623390263 806762906 616335429 583824808 349681883 738735057 702246155 77665883 173018600 911200610 985834578 329962136 804578790 459834162 814096174 150127956 115822492 392746440 590794829 468279677 487477629 860922536 660526025 410725436 507320860 788369767 310839892 413058231 889694424 767477511 56313144 884211284 210620123 303144856 444088240 742208977 26075356 739256680 398835386 6047619 735405369 49839682 123737456 995477537 84794179 75228995 495743762 714606607 960350915 483008349 423824231 113007419 236811529 781237755 461031282 564495031 811801647 578938914 289529331 618355956 870415289 791573797 142227175 335337184 236073938 225584591 261969711 791484523 326392744 710250309 930705259 447331501 716815143 33086753 914752440 377386012 428766905 869156047 960490291 58791356 222401991 922727846 522617186 858925798 231762860 105755679 259947882 614915703 447883272 672784152 738303865 890544215 517099997 106316995 165342331 969956839 402427219 895469894 405722574 150830546 14075639 740863415 691872814 279974590 56305544 561681421 741466680 501085006 52506268 26571105 447984814 406991443 606660351 47835836 506112617 372170555 22693525 922965906 732631194 213539133 429824516 288392648 190759650 429952549 263585550 965536570 748770408 340592320 374111 261580159 470951400 163460525 776429470 858491734 110893984 421565578 608942079 384022264 9258580 660908612 131754934 629371657 32373819 615715284 894475040 139394200 514594666 987062349 389686243 663301377 531642314 265901472 249462134 694948183 980638150 795515156 130705611 429463559 968708567 655744316 712576828 417272199 84551596 287773397 54463312 972085585 196401980 266848031 927483475 125905442 15363923 533981289 920678486 619222149 881664846 328038349 96484169 95920820 859356224 899918961 434491453 508431343 669524078 201022114 708911900 111354766 321282039 619828099 679978996 175303426 873172083 27152865 34722015 982515657 593433051 991467916 800341468 677572743 720218464 436286298 85264179 247238735 301447055 648607603 370811043 373654160 766998408 687165908 776690207 406884645 515377810 590693839 661944831 650780387 276692210 229395785 807808804 675237902 461781602 232642144 990648424 210445039 558496886 487116495 944772994 851589677 193661485 226320688 227897194 309455456 354474834 240156851 884513127 206301301 5573746 17151716 237094084 327857839 721325657 303642640 408731559 851281959 681140961 378527129 68655495 49702222 839042215 538285545 730134804 319584099 522089670 826451089 435153256 648188582 629041023 774767803 724173883 191893609 627405321 134726340 82253681 463486679 88222605 111368266 31600193 671557607 138926956 65301338 349191885 38183186 532538562 224215085 839808587 956272842 189750058 63560242 933429410 46074880 804575428 644403789 427863335 652753343 882118872 804340618 916491913 405768639 866243892 510365190 182891666 683954387 862804719 846350474 182128596 475216714 664921707 631935715 682075227 302807326 245112303 551973544 524412401 626550819 790100469 133328785 293378544 850510996 741824030 100920062 877167298 914660996 146937001 792647052 135198596 410127923 642590688 86759126 805311797 821544132 917820717 685123705 59418951 606331238 363821189 438274394 648664417 394798742 529450211 283706385 516495944 627004234 368523487 348228986 602483506 462804086 638188241 374633917 195731381 802968875 263137211 434981988 38480737 480888551 599676292 961004327 654677805 183374196 987878024 600679225 806712905 706764041 194334714 894140972 675037624 606480049 799361482 90205263 23485678 860903496 693277422 861479924 288004405 861624692 156082174 296606168 58312975 335545521 980619864 566220896 644248010 938957089 286773972 215215880 815478143 750357841 465645096 184905728 551265807 389386185 974358531 115495006 79743842 253743540 608405697 408307062 612753136 911001199 499138802 842939383 228673513 738322947 314841772 554921282 862384663 320258360 877660211 600827741 134732273 221072309 730583080 901953847 912028608 379670559 891279711 534985839 49990857 806852797 832145143 56899425 112051078 646061821 523166969 311424993 458613518 635271492 961153167 638292252 291851139 221490650 457383060 499675067 116844034 278255651 77300974 653844809 458307702 646623005 398997967 930507899 534267514 297388594 427101147 10443753 520487754 900136546 675056778 4551846 719991943 431484483 2261856 59958372 313300237 864249759 234349559 692416850 744487557 813182247 632562292 172358843 235437689 539168762 160927173 913508141 434617729 736514370 478798222 788888364 852384664 304168607 42129283 572244016 693034380 554508869 314029129 705471576 461552183 213832924 726306347 761705617 165157085 674872319 65426348 888902086 613036489 268850732 320647081 666780227 251016700 563760396 685473916 297645180 471522092 585112939 978328221 763321419 622683582 908377056 393953688 840415923 781247232 922453162 61160464 645359267 224118558 61246640 650637645 199041473 924607268 728282398 217615070 819792119 324387535 224450760 996347679 392632233 197442163 598101683 907936144 136951393 110344873 649238441 205772621 801050764 795030272 917212720 147053644 108481642 51112798 968471526 726899195 200576116 194878069 681418779 405351178 112723358 628857053 66893463 466443702 565327970 895378731 665412833 76645880 811817056 969368262 984966596 764981473 136861410 844819651 292693787 761265067 254701098 616370332 49136926 83580002 655397507 597903920 858585239 527358278 519980612 298332 618984853 207781796 284093857 998409214 512872372 74121150 890874826 350502446 41068237 397003169 747925762 431166214 592656641 436374723 644991623 865221456 397347112 595611932 990178149 881939077 936965861 342287882 855759111 912426546 102957567 769699299 992195769 861486025 117628143 915630414 55462783 404607062 768659595 547677410 780221932 628851134 854141694 424177543 878623564 726204170 456375962 208670170 995283397 762002698 141859502 537928455 745075028 45187989 787570925 847842701 800702315 481585480 328551604 665240131 370107565 584315920 569465165 6933893 953076604 952044207 391461323 717890933 856338247 748483607 55540270 2665080 994776720 799534558 418157986 174379171 240331029 593123477 685302101 63388397 805777136 991601860 110311058 133246105 242821293 98358838 798852218 225291510 286208013 972765244 828846087 907308919 60946966 205710446 500388261 55624247 104897654 424171812 611987237 318539382 998943531 950432637 213886736 893252375 476283721 608741118 242375943 995166467 584885653 581858771 856728351 183332154 893311585 526364688 467078507 534378519 390681297 523317891 113262593 371714706 863899674 254780368 338320436 933850970 13611733 300205973 426576835 414509904 343168351 775052824 963838185 684128747 306775938 233928284 890520574 826665866 299442969 298527908 498125381 869651396 240470453 86673612 996148007 707215132 643556075 60580529 556187757 738916504 609602775 337621155 293088231 163923879 389564940 77484638 651368067 923278914 647962179 388932141 198819522 424591932 200385177 67416738 93224895 202186479 825198569 244544364 758090990 111191751 123732367 366243076 463526910 388264024 893968506 46001013 627930423 591707348 888492052 740340858 231558947 727565864 545586460 26294588 427075942 221574398 38822223 886825247 670779261 264480182 506257155 629959879 119101214 256270433 115773410 772371609 286696834 813715945 59527421 923917777 738186916 368919286 341095228 903404768 358464617 39718835 652403703 241899163 588555654 550513295 294181191 994277535 392569237 839451618 389580806 281803197 702500061 55222577 88301343 439001494 639196962 559045073 961846153 657477068 757357478 976391 800956872 780033858 197037571 979697873 723788259 534852617 993079259 10897989 362663033 449333661 8678202 368995399 101546984 914042141 5137866 111576789 314875630 718884479 968989890 933270915 500394541 2534708 411415398 375729625 399590815 195094596 874568135 769772369 617359626 44296869 942901604 157406693 899938750 74519727 116724802 820489018 689400832 71314127 639133337 137176284 607950108 670705040 89731649 706046099 467848041 720501295 951611078 22250768 974505889 959143955 553375771 368807783 618219133 577840227 625666882 585054426 827151694 861576806 783629437 850893584 971866893 340017594 618281301 126215017 722309218 41854644 627157340 960223209 60171391 598890184 94712478 622435291 835524760 274376894 104094083 895930945 857545720 928073957 164795479 173554995 684097729 746668985 57415742 788571963 813959877 941712777 353852759 953884661 744208870 865018907 550979205 147562678 932455304 539823907 642271252 3799482 452942817 61781103 490838197 652609008 700626288 841205721 96646096 303515652 620083196 696317469 699725372 432530805 283030555 222394675 264082838 911411795 144774077 685731103 528846742 290295916 582746977 590734765 263126879 95018382 624323357 1419788 391001035 727049489 850555175 789360420 540843959 769065919 266671917 101808103 645312988 627150936 543601305 724093345 673462605 906169054 354517278 758098086 626380821 650281437 523859910 201049940 610934181 504733068 466260559 996741983 805902061 437404630 273388756 595807354 405438249 821184877 76735799 910561538 682681771 700385248 791907184 919541425 926724907 378878642 143975316 602733090 302117543 951932489 147278327 816476458 400527177 829568935 142783193 508154499 186298418 989225147 872940067 303330738 79855095 869562175 537905905 122637345 144174124 424819107 617930535 686943902 975967867 264478185 237677224 80470971 396276603 865073479 247971680 416678301 530779184 73372229 478421429 954512392 822494172 661740633 932105515 561216497 778396390 571711754 979673416 112425432 62318906 637482891 911223435 534239925 84014480 510570571 124501818 158155431 624334636 521164817 760068544 927477615 506346997 338852447 184293128 698369478 817510036 376942701 81684499 315438872 794919559 720293649 828587692 229338432 742494755 493094059 76940872 235730214 567598883 928181023 524731358 305145590 552894190 10386250 858719556 291620738 468881108 174360066 89664568 460882680 731063704 570616243 335363039 938381764 48880915 655511898 1277649 464236916 317306538 771353098 222350038 332541886 507108171 757724157 502615557 895065233 842246434 820379113 734786817 937218022 206728346 721217791 958130838 911387682 328124753 599549929 48542486 794013985 802084974 820591912 77422791 695327969 421197762 174106187 342844082 723076763 712455966 571206568 397888857 252931959 338395747 496709942 663106070 787858677 342334116 142819535 74385127 960179750 532898615 722502835 942652263 11618425 940889513 530307083 883564650 606863865 987765917 380974257 10462735 156406757 261746329 821542808 178134026 804247398 851178622 487805214 128342760 876206435 566042615 685310615 710038521 289660519 876728893 691188346 874921957 504908930 933039390 940472936 319705467 300772568 954305174 874533077 820892044 706659068 984995452 367373349 379766808 453634576 315698689 772581937 642108528 270280503 525125974 341493527 695943060 724411983 668948909 573783757 626327116 432130745 258426582 642955708 28545817 440272140 9161239 723799501 702428232 37732172 286033687 637115497 12909569 599325740 84780906 81805642 858164620 535651747 531713691 103833787 459642520 139089875 173538955 628202760 595676454 892575816 555367973 639307923 606757064 938737227 866370691 957827250 85594016 610382374 907764921 565432307 320896758 297082236 26703386 563830080 901877369 462769324 857770266 519584398 104255155 223954937 334388367 494300803 491594038 10779830 3108488 643692544 855827995 765426293 765895497 792440935 808766676 670012077 612014578 65952557 574869300 435275250 217992653 728190710 880649682 586867623 495550123 466907346 557998533 345499027 56914241 642965602 328786751 945848879 447031754 358390312 693862977 206528596 75768798 553122352 21427173 676051392 932250510 240313578 685582067 917749583 75070420 978250105 33396530 495465436 299488339 721822587 929830483 672749767 157710801 934869869 949567854 720240701 786878255 420139089 846526154 678970818 935503802 106006206 797896662 107497409 401025765 620347008 654146340 86399994 908714157 904273767 695943334 838991530 397039836 841934999 850610902 916326740 340983006 417337973 281367831 851246208 370518601 951218084 165027815 276134751 278816000 98203567 630317599 858973822 503266617 163360726 760130447 758622946 60396678 888961710 233236362 499397702 566789412 209228012 255523105 572336229 397376035 375750810 629541599 610677443 947731545 989337277 373355389 121059936 736737310 90330478 830093226 958865570 698092305 523609309 66604942 798675582 390621961 499041033 854933696 99648658 578786367 316809300 646935721 834679867 394252714 80893521 736818795 723318167 794690492 329083366 887553164 592430201 327547280 161935676 842783848 441716774 505198101 524760292 656995879 697406522 256356296 571763740 738301999 709376022 497701075 197847751 916225180 913758234 715484374 881065489 415721725 124914999 152486605 880306738 220976074 599054678 610324871 258794510 533586478 420135119 367386458 932516993 29855529 811970818 166216023 925353321 300793877 780194866 52903280 748496682 462090245 918901300 54829337 468264752 184248974 28775605 663672668 555316340 596670778 433905123 995101550 337317832 316383087 688923273 583614007 849278183 728253715 530470841 865421847 410826417 762785750 308227661 312810568 432011073 309373462 132314700 180765698 658919227 677645781 640339493 181186592 330537801 296242572 75751713 657804802 52229799 478412040 384542312 337087137 891690356 671783519 988158167 376565290 45268007 310783560 397312060 52030301 32974299 113697034 293508494 314464180 838726626 310806663 101272375 946320661 27374780 720520459 588352057 309094467 594734932 199759343 80672266 510512700 170960828 693947526 274341284 207260772 850668674 903560922 413416476 687425831 943241916 751898519 939416630 541358232 824561215 870445607 897271966 688327926 726373686 881306625 865914386 560589785 703152917 297835010 279537550 337212993 138186749 987628551 876458861 376870423 734648148 412549534 217542261 387175469 552661276 186936685 688672982 191685943 218812835 989858998 154497240 475287486 405699874 971749870 206368513 186904455 362106701 827035688 172438418 793397112 767131729 557513330 216318112 218939878 990248617 890025198 120259354 607705015 130739727 838541673 435686624 562535346 442753757 450862522 800752513 768028227 59060251 340305595 195267853 268258584 422094038 632303126 916725509 138189948 810218915 605724536 271683893 185527774 293451713 34571874 604669626 168347819 331898310 762387016 688795782 927693256 161639155 522578914 27155977 382213036 281062606 251414563 866321336 994106171 120548483 824078585 674371746 631202115 148334654 394379072 810686754 445246957 968501888 705409055 138995785 965181216 799330942 465968251 798538592 999679546 263987001 361405668 638315153 160742839 604199948 181167169 255992236 548906768 64265664 832640396 75124500 994124390 322266977 519221206 3834923 103343772 127764474 720391496 347991076 32249265 995934770 124015975 477840898 549768863 835581872 650963738 388364500 988417411 82335279 271417657 88420847 41970592 96764375 578626427 788247240 334340169 758572033 684021579 195590758 777216025 848826264 601795953 409122759 779763696 56695982 528531444 424193976 662773307 411292317 347219953 91716453 57154464 938146326 451006652 337879259 218269834 121187476 904838896 242761308 683280464 109322215 691478195 81063975 850172732 302888967 495884288 645334079 656362625 446537272 457070054 840337948 22160350 363044299 493448777 546016940 654612611 85825395 345872738 34851414 726285314 241420612 407662825 538612509 766132982 304391674 955915626 582368263 67764443 758318267 303996760 563730251 322339242 284847265 209259507 805366387 903361179 810548785 927170853 428058890 485920269 641681968 730388466 170774242 44948340 820041751 62110598 607902814 251388400 357812312 629537318 140091617 971638248 22708822 168048656 487358851 678377103 512823406 502213410 167478558 466118724 508847620 477748972 219216954 337916846 739141979 376555306 623345560 849843428 946185002 47292315 598330795 355755870 731172170 665443510 133103474 861417329 943731484 968300153 179105134 524667972 853349464 174943398 881870838 604791836 837950005 499694827 790535185 970765454 348329876 790374878 745931377 43803314 397480235 557107608 366168840 691188402 212295167 546532085 410366683 257813991 585369702 352574006 495558345 210897400 778613384 836200594 386482462 34466951 100627379 872527093 510652160 211279774 538773835 361669412 449811863 15554066 14596295 175152469 428453273 754482231 722814742 444563513 420648359 198570995 567349405 759983620 620709751 531503826 839690735 266818396 345134107 984512850 701730622 550578277 110429051 513968484 147671774 99266645 725143096 672373376 965503480 281825076 772428181 905008705 658475629 946497167 982751155 692749249 825351128 520581701 905621540 128273325 10828468 109398034 43439893 187651956 159513901 300183317 693643362 883459127 490688876 485561814 476317619 130869037 290085549 695045423 407988471 155596572 840963393 364044265 106487856 916775841 52780904 801299822 168258449 54510613 969430430 684647462 131185654 680901354 326884489 363215665 839879828 878968504 237921140 199119176 419917278 167362464 454075912 326797032 374766244 32292392 978231559 196503052 17680543 887459295 879806187 191230435 985081564 763240040 557788825 540601358 376962965 487496474 319320685 325346525 92826563 970321382 89962253 352347226 774033901 236570466 211416139 193238848 619916279 776224305 39236865 307385229 591585581 665356226 262683384 619256887 974468725 757569910 899000348 231918280 803341858 350091016 4352469 212810687 334539161 959003884 370369655 478488458 590814740 798398306 580332194 436769184 988520733 732164300 457688110 306383836 290190479 349479951 745075807 541416010 405295054 855829710 528403946 779981319 15748123 459757708 91874242 326876356 445440525 601676366 338292510 231821937 211091909 701517711 284687109 830381454 255102939 934308436 621768783 8404710 963592756 118596289 461337638 878481721 847642104 342686586 448058701 374213480 794844165 392790454 99879782 225565718 83018988 678961895 587164151 876958585 10500634 39246690 747743289 291924773 107707519 218740853 603125852 916505030 367033382 730878360 813669722 536960286 562388086 180262315 919755901 663180700 321430559 583448748 450659201 776937919 383211896 967310361 334566407 460884843 809622414 438598089 389490398 532125660 389972823 756149686 780044794 112264848 757241329 73658635 147646498 816684108 17257504 3349724 317570471 933815521 139516296 94553330 463350018 952928010 480210721 855121293 32462541 117806659 292556795 684683235 116822889 604269644 654774128 533980925 812144530 628294814 500837609 237012456 706753624 527112440 997978900 830858611 774931464 598845686 947203003 236386845 28689953 551623394 958361730 134066699 557719711 203233590 158749840 764234803 938014216 508688977 391873418 221743112 936122906 831685545 177451732 948079019 878933047 531156176 873346851 230632662 243980226 899039768 817964031 181609544 500769357 349071743 398717047 758182963 301697530 143200643 961411337 874124553 656277435 834377547 301937474 228086016 680090649 67383723 172180090 682486824 182723145 33812934 449904703 750104638 485671290 201496693 525280672 873132332 214198295 774361734 503892401 466264201 859218689 142366941 816293662 739633196 287861880 157191367 699424416 334316344 170126261 602155214 394768635 120627277 603198793 324594688 346833778 518382219 497020043 573241591 800421934 573104430 618474265 955088066 810229347 600819748 113644713 235756121 127453668 577867744 453413798 752091381 722364896 722724887 526927788 672035561 709913944 717652004 822021501 689386472 179543018 698178913 553113320 25521123 304230341 122652130 595187884 939833323 505379951 150713818 937166651 686762851 791929931 726141268 212536308 776707102 94920852 244332261 915877038 12845356 90305262 301097543 530605280 231578177 345028116 276052924 500326576 8872109 223029940 178130035 644542529 192235357 957413576 253100319 122316915 87099568 908271062 239264651 590574769 722745751 693917588 983776578 87452301 919914417 812845519 713154381 588401207 748988867 726731461 852237924 977200470 986990781 377347084 861102480 684243160 871251317 467539280 274581252 527720647 465851970 777786178 295833143 555069285 16913775 991774851 705732868 78419693 694229322 130141848 982441984 95996647 939509212 749153646 133837057 923862991 379995624 308757247 786965677 928054830 504069508 345929155 794507406 573059702 794286651 759346836 168670839 837475521 638318467 348979161 228890522 960536072 619549361 495143881 201380518 448684640 769615865 922094089 771829747 81264483 331022083 78593351 111195025 220195792 578038549 475878675 25859053 877874108 810877832 166814082 43525533 259560783 880003620 298332756 737261697 143619139 49145493 815694888 245763421 173080329 369507474 533641778 410625090 549988357 587467592 348930179 199702204 171162496 597826689 756612218 708027655 148425815 164971780 835315953 755520787 661763416 760568853 195223016 115819449 509155015 293608323 166778372 846343500 533181114 693532782 132034108 396761317 202067961 468322364 129007484 849716396 378170975 156808692 589957021 951288965 558658047 980994306 936871125 449157382 774298308 357906327 528919237 980675621 789074757 900641769 79444607 668755845 55535887 906896 488521650 516599521 884679686 391614916 296794319 990885262 807470498 159823374 765010143 237377038 440187064 562351895 990728551 768079005 975901999 384587615 647955540 273714680 437210071 289691269 436391100 597935646 184338796 754007140 756618380 621544248 708011790 765464169 250479259 199326932 463187772 369632418 987781817 647834255 518639864 992893007 796978723 212600438 448883158 131518501 707677700 167878680 562808553 917516935 253353885 544156584 181314445 753708256 653834045 371245493 795503340 916564732 123441560 106387423 432724009 144763418 633229367 165589834 729066450 273281257 652517923 999967155 335899877 550472744 233149369 630276001 844489441 502963140 103555525 21511737 305660775 269080907 974719588 719636700 477736861 399522626 761980988 23499683 540932101 720073356 813384179 61391353 721660855 9152591 300844761 692195971 361930988 823020468 884915484 420882582 650725973 875187204 821029988 83347898 367776605 443521732 450192505 350894683 210840432 196609023 571276511 971954956 612961294 232731101 35485406 591544335 445799837 237292706 751969416 887730400 858737562 469116801 27272896 467398477 50668194 982312626 224289306 442424843 478955476 285141821 707335430 931022459 399160843 43250791 123042173 873231970 900444732 338795758 646722508 947414413 851327524 501376570 705728268 559326132 629164975 389273512 776319565 185739140 753943506 867307245 739617909 980965296 984359554 314640419 163348904 963305901 505022418 589246677 333346329 886422215 23101093 32907245 60277238 878676104 788688699 126752290 98534593 228178082 401166871 195629519 12095571 599332541 855479775 664527890 32950083 337660607 702826819 305423796 776262587 86761101 283682205 395570661 601491924 405791163 364716798 44772412 160683532 745246543 177659948 930728259 104012361 82451448 455272305 428527992 542538316 292909172 410799647 927913195 557974874 512835972 254990746 49178444 350582099 24260008 623543036 344348087 714341459 452638414 949028026 375795204 621938500 575335975 175179295 759757641 620584504 49921336 578910191 433918529 289770537 106588852 941318103 39552684 556597225 24363926 118461460 324550829 729298211 542336883 635124481 610338322 527096849 602539861 16852689 781579655 722120707 446320609 846695318 197558725 766782891 958337873 381368931 148912070 983996007 211730457 800701256 322302263 247012969 896233033 323132362 500105203 968412054 423233898 751839164 491166506 384096305 980847600 708742726 8559823 992307218 806413363 949807144 219775044 710701353 292010780 610793788 491602046 966332081 913370126 42187590 137584360 617178578 314221732 949186011 634651667 754625816 532082472 482007658 600140376 688604137 274583921 863757597 43731564 240598685 829088635 410442306 664713151 410975594 208608223 532583761 621253997 809313226 595360100 359363924 99912516 783965372 463738430 518726731 577712534 260151769 486585512 99988547 4203150 995373129 274558769 41464342 862335221 672603211 990307951 174409857 656607891 542933282 792719682 761120022 674027951 972636679 823835404 44964195 996877842 864020886 829292191 75224556 885736498 318426267 756230351 771044061 830245771 332722018 900837627 929395647 1152736 683540119 817297510 992920924 423162471 360528319 408115431 309986513 84452662 257554618 291100513 341545376 797569354 641321013 428652201 80252114 919271088 530844588 304031583 937897809 544036937 154935929 877638331 252702365 794653650 769076844 111861850 478319204 775847087 452666437 319039783 440697160 986331770 766030370 446737469 688618150 105748296 412374774 807507671 183640491 921205010 116351942 148838673 473773811 601336643 822497894 257830 620851973 235733048 457295862 884930506 969629773 76238599 528549743 968492961 521730184 104080214 548202421 978485489 820312726 980317112 238928466 168918356 316010495 176836287 28650746 926445212 544250124 583836943 76524112 349836548 617521262 287437232 96311375 682385260 117055951 260215131 152718552 756623806 368022973 932803593 912710207 446290210 950554438 289426583 676538488 440729617 725164578 961894477 394745916 821107582 429681696 890274987 549138056 907382610 187843 415312477 754648433 520849908 689429488 575778330 714524140 633827700 562019932 983629175 746632253 462322303 549048 213899433 338057221 131101921 637836508 252060639 47642216 994790122 338427862 208277965 334881263 325009161 328650453 137739681 144329635 547106722 147292285 699936942 225108733 449039901 637775811 159213124 557035757 250284542 930852602 713643298 465457488 809897750 886465724 750007942 319573548 603751408 423980733 355753623 978642527 616466804 944289912 541619384 717976305 365056773 769234016 292022108 103263254 711960878 470442618 679806200 948540416 599585721 585906594 92084541 17485650 63531910 112630386 909524232 678253684 285826948 121929878 158146040 181813656 85958966 514450007 860750099 381891621 306357560 620718490 894946660 129350649 461067930 158256759 4590180 344248254 50564084 48973358 752911344 256977258 886011264 102585794 687629179 995252893 630966073 343131261 873031335 736836675 57876237 753431127 664506338 424221799 778828573 337535290 139455534 325332483 532238226 648871302 244181165 374529130 910041845 545215933 802118606 191448865 661573729 126352124 337863867 331928174 79154923 852011730 78408952 690715609 405156519 694907603 451462755 463244464 554600901 120193304 522777776 646345844 560375050 654690756 811805214 917531945 928551054 635513184 931280146 330226952 759396551 830536220 266585143 363745992 204747592 345850914 178429537 197300907 8380321 396401125 804266768 400570124 710527282 610491640 571208549 114158183 356350706 877969471 902684907 75089418 721331028 40032233 751994005 184850981 454820478 714657652 273418067 903436507 628145358 265535700 551967583 761681953 206795204 377407583 72062505 285765355 132152996 793314971 919432981 577905067 522511381 865285200 661498369 145914759 395043304 205939798 603341039 7818212 992752833 969912452 469379657 845751205 775938619 620520442 628781188 639445511 476516314 227232693 860403123 119554875 821496390 774681044 271688835 25349860 949340543 718425034 502078364 944278290 470478628 5224509 583081710 190665204 935625785 348072358 286726729 553386695 293328372 832868834 69960310 243796508 789923033 795041262 721068170 405274134 254219844 234660952 801134223 506150535 881092645 549152953 59572238 893889796 114640051 910237625 639805350 489554407 199487891 331664704 712922224 824121256 944640287 563518771 286270230 126843042 227984388 748933338 541159230 819246864 745521095 129149709 868208679 274301476 506057333 55498758 593704146 154180059 325868225 107181689 17072111 919893879 879814877 954742698 15195 630897721 553073565 177174862 945723165 282832815 294820296 355075530 7152713 378462919 17821584 694707819 291272521 951233504 744122038 427957002 231083602 426154616 498199201 726492751 955059682 819293121 565311006 490045649 655801545 967683228 589650909 333674207 419657612 66647791 381341636 178440508 488665242 669733452 48879544 254026653 241785333 411618775 907764835 392964071 213838993 464290874 261965437 164708888 370144594 457692898 616903659 173315737 305547200 865277314 21344200 751980285 856640198 449616656 282718002 11326485 398475305 956322232 560658300 114778864 7662982 485005550 825872290 775878048 105172455 744067339 620263198 409535965 800971198 951694037 495507165 122630818 462007784 922939796 137538718 933220957 315700928 294478146 73949560 246564223 335916217 577026294 410893272 504460310 789070069 872171393 8515644 309413577 552294862 741869839 133645710 303666568 596281403 89318980 994965167 388293158 565981543 357014365 231275440 444752517 403155086 262020199 747560929 235064633 789284615 418264628 597211886 159293927 634536310 410288861 924336469 563116935 622343996 768824929 314393908 655483141 654300227 649434039 610614661 704194898 633876902 301812083 408242511 25163824 479783599 351779403 711777886 550651484 565054347 341043773 649085454 237318367 602499279 328995372 750399218 409928122 790067124 614116757 813840996 286869585 414927656 311862708 856767459 598194566 940146599 257532191 32742842 732288173 151844444 130517208 546014938 6066594 441349575 379436421 343973280 386605401 351966016 143640407 511764079 265599887 500312035 4463092 678758716 552326393 563074833 696708097 772875320 958182046 137087516 260222764 499497066 362106228 169921240 704078313 427296823 730342656 975630813 583695923 102524757 181862097 994914487 676880099 224982474 990267913 430837290 343436195 916386402 520470156 976789002 82853763 608912947 436594520 834922703 160693731 47247238 700514827 895122831 785516802 555605892 873636436 157219660 343550887 870894777 831168854 758133682 237359967 196710083 766305825 996181078 398856825 816790308 498412203 46335657 615290761 165147953 655280073 875067355 906636290 350185263 130625296 575392144 975891847 55075792 577788705 270582181 879629342 462015950 88677782 345855059 170271144 317911416 801810333 912611024 375693056 42396955 618584818 574579075 84139002 333981332 661244421 20389329 418387882 314346283 706100019 696552419 242104876 276054545 135753882 522940632 83035584 371059146 873414076 109461582 491122131 180502775 645189026 399985429 18778439 314596383 606653840 649986829 155955178 146284091 821904088 811697661 479143178 109222399 565551644 949171360 476767695 954108053 55934309 945441658 357684996 917811956 229318679 306162534 747457441 182417241 756071779 470164690 721890267 508059876 732124192 494607979 589354999 900519796 608306734 560311417 402825254 479701842 522606874 125816384 36550250 283531135 712436685 487371248 440542856 739509288 345544195 175319284 800952877 818663386 393217787 59604626 324440378 730906473 42824748 924752662 68908668 890749648 836711580 47489178 57169961 590190655 136276728 886573304 989555364 192249181 565301619 606613737 826709961 716794732 770422047 254398503 479743003 482639768 988810544 433822407 712620732 887919353 533161799 797183202 467043543 608764381 627136720 561115998 274484719 277172218 97916544 872810033 208742090 682685693 978945699 551219764 620543288 488663424 633917199 287387180 424047021 414718889 358947438 777142227 839639626 608640729 673752518 769380818 930777824 257438127 551636228 327928893 581813933 717567046 920902383 266380169 273425591 768528043 708759009 200467396 43706600 514003920 11601702 42114002 593369781 549335248 869239886 508882351 386991838 874531407 507173770 405035313 992855374 853235262 422806822 538791839 698394876 128150992 813809086 848219436 897677673 371012895 945034042 670463133 44328817 786260405 640004325 740841148 949696890 239193211 14334427 228240550 283702113 83749821 402754782 178896237 127281668 848282428 466295650 70593451 822160695 140389880 65648838 265276690 529475421 298787725 449063765 992493090 811347710 318913361 192786393 784920308 67577981 933328311 130685452 389877276 890534423 288359759 590063880 494373334 625805616 916867088 615960903 605291569 414500602 770338902 747083731 742051913 546667546 775896466 425986403 20459396 886215221 633300429 981637112 128515236 214283334 886785192 35628040 408653422 313656434 276117563 695663069 274026249 65715789 537980800 62934280 305641843 37386272 621551029 108276580 605953189 548705788 202440871 594752461 424771147 330825381 494085379 238994273 965493231 670256640 584952564 372990161 884404976 102000067 980352886 406804875 54686497 918069846 366342329 871199051 189165563 854875793 517412602 75138451 219827953 361848169 705860361 744735306 3441242 437777102 53806238 273175323 915936153 191371743 680527241 812632146 407384890 471735171 188722351 681114554 24769356 526765975 627636164 335506764 805115319 362262094 596415246 196712234 563154313 929485729 482372874 424190370 745305493 294922434 163489868 489667236 583161388 464322716 530078317 725799076 402457217 147045284 25450298 849624825 524914238 266346041 331927953 336072048 564397694 991333953 782821807 338428795 135194244 900836683 41493681 174721705 647729710 696404376 895019719 536032280 362983413 630859278 351013357 674244590 787556884 821009204 300277686 475222577 977377410 481858270 941654238 779843491 464283800 121529543 542855779 500282985 303845326 834048641 979025097 484073761 562153368 518624708 37637345 235123652 290516378 22880785 111621313 897421966 40164849 56439180 362139368 610201291 479282059 218196285 592331543 608757325 230713538 364786182 974885228 814763367 356668463 955261871 597009359 325628944 542551780 946820788 274808262 893751177 96657977 603997876 422726077 602253769 477619095 413111480 994354180 60331534 31267697 743450019 807048976 323029124 433105919 413753186 156944595 304466262 520345986 123532820 869737730 913764848 827971836 228582853 213562084 823575606 313023568 111318477 625558607 756420197 417893851 637766942 68224411 535448913 722219968 664202988 189800102 383475367 471025819 28777207 915839662 546407656 505699612 698376831 781307581 275749918 779792309 956523928 712881537 993172800 735131690 166120722 450369005 961957127 46923053 980372858 551871160 608039781 523374389 746363956 345722083 33867963 712305255 269143624 850780314 687521342 851442808 936852918 292994288 634441977 947783445 454298019 120390770 906955443 205846467 119022004 943327253 869276293 40408712 601187997 151634002 4651806 929149168 486889933 535044099 645693211 238726521 413864041 454014362 674086657 60519034 307869065 136866258 959574451 465892478 962753714 724446418 387524942 515279976 574826196 33109120 888681647 505463796 361720850 917619335 736153521 215297008 271119146 774360283 137656492 752269847 152404980 603433012 298904729 966467281 18286022 72121396 368926843 542897739 485836298 685443742 318303969 159804659 531562640 938891767 420032714 673359896 560044303 734860921 280154196 985997806 584085730 733581485 391939541 990445641 700213025 592535243 385317803 303828693 510482220 496339852 289182841 504809688 894397139 251099264 700846986 578968183 883637855 757511621 53424013 836387733 732085582 806093739 337260730 61531567 163671462 338848735 393925264 424849401 24981487 319651600 990690709 57603532 469319796 784812618 324852923 602182287 156588269 525434278 250226434 266660442 888871153 889087867 555770240 382980574 951696096 670805025 103732584 457824690 339306780 449693889 872178627 633519302 394820905 463654177 274271196 802760272 639411681 179385552 835232449 55092125 336171617 321966107 383535007 709919435 423355686 856038290 120008980 236327367 385600584 857717134 227719485 291634160 244347050 313172540 570912319 374539466 140509587 234827573 606220035 108007324 427894505 962633831 605012668 183004415 198283333 384381191 255960500 692404828 356623873 960934335 748136174 585275436 230995939 268345817 702456649 599004955 361835057 158795913 82839741 843507956 607953808 407182419 813656638 443707120 768066316 930407363 496957384 411851423 529325693 627596891 235223880 638393240 683260329 624215409 433922433 405708818 817743524 34262334 876076761 470393373 663623033 569695665 255440553 516997576 683381523 925022995 557406473 698857107 725439819 106273098 5459848 937177578 7837809 43856371 184292987 232303650 458494226 558504562 278275891 393354220 799383626 132777781 199122925 378985890 520377941 673455781 42447611 651455465 67867368 761542541 668088827 712770201 57785603 516627013 586613830 33915184 147054809 339562066 821526249 86070145 895237173 3035732 134430513 774990517 588488839 302926368 490113020 591039127 584757981 133316683 592056915 774494617 192702163 343380014 970245702 464726852 59813577 42480205 757543240 822662965 140676278 228311759 570824538 412655813 296830690 54613358 77256959 107579358 913317481 838649988 429110204 341659488 476656203 529750125 833586468 649758728 780356334 842485434 406327744 566328572 537099627 674670175 414283450 689148577 916890188 480824140 180058490 943020785 850909566 465929042 547593584 864668507 177078728 975136205 876005647 82701261 294066931 9054902 279269232 429730067 801274955 746038274 157429788 704537086 539560590 170619479 804708329 47238864 674658983 526212302 759099028 419509763 737143922 64689370 92561614 552813844 599134284 906587855 19882158 72503353 621341497 916469226 423219065 385565086 136531947 674754471 25630819 948273958 456459567 848235658 784274836 501648302 388488715 289872652 601024576 451374377 29165200 762938727 897667610 438682369 641253635 851469291 509556416 414561135 723133633 591473691 925447088 974360265 486514920 688753373 895147420 801476141 434021534 286875816 448204607 998088295 341933874 706983165 805387292 189721308 582620042 312066819 109264176 508076263 414723476 935580566 45220076 585635256 361897989 42799319 962178375 519791929 707500904 99512903 234822021 771901604 936088833 595013565 410586277 150609272 236326337 378054786 64059124 246523957 673528569 555328577 619406911 308981688 78983480 877973571 220875660 992378647 919091989 625317142 842547802 744343028 62020161 791403536 628856074 365924569 756648489 771198669 69578343 452446179 611104844 333439165 87363367 576146645 967348444 931274704 229930013 771724321 270339582 372035113 136297965 550370346 709647516 638090463 55453434 324593515 344949859 732005798 735196718 129369005 865334142 751502182 713652081 413113619 614043314 393888528 750816230 698630399 89709821 878649079 20091674 535270185 331659347 676831538 848751316 81951320 266891931 613710358 901205009 531130199 128100059 161466197 360548852 302837841 514244061 417809449 455434830 453952951 639104761 294699355 515388353 283955886 980030922 815428013 890668304 596013720 201009435 521027703 511377642 206510497 706417641 746411626 408825607 529219523 647386116 38421532 798783596 516264946 178992460 73509560 947777881 796782409 76628030 28574592
0 0 0 0 0 2 3 0 0 0 3 7 0 0 2 0 0 7 0 1 0 0 0 0 0 0 0 0 0 0 0 5 0 3 7 0 0 0 4 0 0 1 0 0 0 1 0 0 0 2 1 1 0 0 0 0 6 6 7 0 7 0 0 5 7 4 0 0 0 1 0 0 3 0 0 0 0 0 6 5 0 0 0 3 0 0 4 5 6 0 4 1 0 0 0 0 1 0 6 4 0 0 0 5 6 0 0 0 0 6 4 0 4 2 0 6 0 0 2 0 0 0 0 4 0 2 5 7 4 1 0 0 4 0 0 0 4 0 0 0 6 0 2 0 0 1 0 0 5 6 2 6 6 0 0 0 3 5 6 0 0 0 1 0 4 0 0 0 3 0 4 4 0 1 0 5 0 1 0 0 0 7 0 6 0 3 0 0 0 6 0 0 0 7 7 1 7 7 0 1 0 3 0 0 3 0 7 5 0 0 0 0 0 0 0 1 0 0 4 3 0 0 5 0 1 0 0 0 0 6 0 0 0 0 4 0 3 0 0 4 5 2 0 0 0 0 0 7 0 0 2 0 1 7 0 2 4 6 5 2 0 0 2 0 0 1 2 1 6 7 0 0 1 5 0 0 2 0 0 1 0 0 1 0 0 0 0 0 0 4 0 0 0 0 0 5 0 0 0 0 7 0 0 0 7 0 0 0 6 7 1 7 3 3 0 5 0 5 4 0 0 5 2 2 0 0 0 0 0 6 0 5 0 3 7 0 0 0 0 1 0 0 2 1 1 0 1 7 0 0 0 0 0 3 0 0 0 0 0 0 0 6 5 3 4 6 0 4 1 5 0 0 2 2 0 1 4 4 0 0 6 0 5 0 0 0 0 0 0 0 0 0 0 0 0 0 6 0 0 5 0 0 6 0 0 2 0 0 0 0 0 0 0 2 0 0 0 0 1 0 7 0 1 5 4 1 0 7 0 1 0 5 0 2 0 0 4 0 3 4 4 0 7 3 7 7 2 4 0 5 3 3 5 0 1 0 0 0 0 6 7 1 4 0 4 5 0 5 0 0 0 6 0 2 0 0 2 0 0 1 0 0 7 0 0 0 0 0 0 0 3 0 3 5 0 7 4 0 5 6 0 0 0 4 0 0 7 0 3 0 0 7 6 0 0 0 5 0 0 5 0 7 0 6 7 0 0 0 5 0 0 0 2 2 5 0 0 4 0 0 0 0 5 7 4 3 0 0 0 0 0 0 7 4 0 0 0 0 0 6 0 0 0 0 0 0 1 0 0 0 0 6 0 5 6 0 0 0 0 4 0 1 0 0 0 2 0 0 0 0 5 3 0 2 0 5 5 4 0 0 2 7 0 0 0 5 0 2 0 0 7 4 3 2 0 3 0 0 0 0 0 0 0 1 0 0 0 0 0 0 0 0 0 3 7 6 0 0 3 0 0 1 2 0 0 2 2 0 0 0 0 1 1 0 0 0 0 7 0 2 3 1 1 0 0 6 0 0 0 0 0 0 4 7 0 0 0 0 7 0 4 0 0 0 0 4 0 2 0 1 0 0 6 0 0 0 0 7 1 0 0 0 2 0 0 1 0 3 4 7 0 4 5 0 0 0 0 0 0 0 0 0 0 7 4 0 5 1 0 3 0 0 3 0 1 0 0 2 0 1 0 7 1 0 1 3 4 0 0 3 4 6 3 0 0 0 0 3 4 0 0 7 0 0 0 0 3 1 0 4 0 5 4 0 1 0 4 7 0 0 0 0 0 6 0 0 0 0 0 0 7 3 2 0 3 0 0 7 0 1 0 3 5 5 0 1 0 0 0 6 0 3 0 1 6 0 0 2 7 0 0 5 0 0 3 0 0 6 5 0 0 0 0 0 0 3 0 1 3 5 4 3 0 0 0 0 3 0 0 4 0 7 0 0 0 0 0 0 4 0 0 7 0 5 0 0 7 2 0 0 3 3 5 0 0 2 0 2 4 0 5 4 0 7 0 0 0 0 4 4 6 5 5 5 0 5 5 0 0 5 0 0 5 0 6 0 0 3 0 0 3 5 0 0 0 6 0 0 3 0 2 3 0 2 7 1 0 7 0 0 1 1 3 0 0 0 0 0 0 0 0 0 0 0 0 0 0 1 0 2 0 0 3 0 2 0 0 0 1 0 3 7 4 0 0 7 0 0 0 0 7 6 0 0 0 0 1 0 0 0 0 6 0 0 0 1 0 0 1 0 0 0 4 0 0 5 0 0 0 0 0 5 6 0 6 0 0 3 3 0 0 0 0 0 0 3 1 4 1 2 0 0 0 3 0 0 0 3 1 4 0 0 0 6 4 7 0 0 7 0 1 0 3 0 6 0 4 5 1 2 2 0 0 0 2 0 0 0 0 6 0 7 0 0 6 0 1 0 2 0 4 3 3 0 0 0 0 0 6 5 0 0 4 2 0 0 0 0 3 0 3 2 3 0 4 6 0 0 1 4 0 0 6 3 7 0 0 7 0 4 0 0 0 4 1 2 6 0 0 6 1 1 7 1 3 1 7 5 6 0 4 0 5 3 2 0 0 6 2 7 0 6 0 0 0 6 4 7 1 0 1 0 0 5 6 4 7 0 3 3 0 0 0 0 1 0 0 1 6 6 0 0 0 0 6 6 0 7 0 0 6 6 2 1 0 0 7 0 0 5 1 0 7 0 2 5 0 2 6 0 0 0 0 2 2 5 3 1 3 0 2 0 0 1 7 0 4 0 0 0 2 6 0 0 2 0 3 3 0 6 7 0 0 7 1 0 0 5 0 0 6 0 0 0 0 2 3 0 0 7 0 6 1 0 0 6 0 0 0 5 7 0 0 0 0 0 0 0 2 0 0 2 0 0 7 0 7 1 7 0 3 4 0 0 6 2 0 4 0 4 0 0 3 0 0 0 3 2 1 1 0 6 0 0 6 2 0 0 6 6 0 0 3 3 7 0 0 0 5 1 0 2 7 6 2 0 7 0 0 7 0 0 2 2 0 3 0 3 0 2 6 0 0 0 3 0 0 0 4 0 4 1 7 0 0 0 0 0 0 0 0 5 0 0 1 5 0 0 0 3 0 0 0 4 5 0 4 4 5 3 5 6 0 4 0 0 0 0 0 0 0 0 0 2 4 0 1 0 0 0 0 5 0 0 2 5 4 0 0 0 2 0 0 0 0 0 0 3 0 1 7 2 2 4 0 4 1 2 5 0 1 5 0 2 0 4 0 0 0 4 3 0 1 7 2 6 0 4 0 0 0 2 7 0 1 4 0 0 0 0 0 0 0 6 2 0 0 0 2 0 0 0 4 0 1 3 0 0 0 0 0 0 4 0 0 0 0 0 0 0 0 1 2 7 0 0 0 4 0 0 0 0 1 4 2 5 7 0 0 0 0 0 0 0 0 5 0 4 0 0 2 0 3 3 0 0 0 2 3 0 0 3 0 0 0 3 0 0 0 7 0 7 0 0 4 0 5 0 7 0 0 7 0 0 0 0 0 0 6 0 0 1 0 3 6 2 0 1 1 0 0 0 0 0 0 0 0 0 0 6 0 0 0 0 0 4 0 0 1 0 5 3 0 0 0 6 3 0 0 5 0 0 0 0 0 2 2 0 0 0 1 0 0 0 6 0 0 0 0 0 0 1 2 0 6 0 0 0 0 6 5 6 7 6 0 0 1 0 3 0 4 0 0 0 6 6 0 3 0 0 5 0 0 4 3 0 1 0 0 7 0 6 0 0 0 0 7 0 0 0 4 4 0 0 7 0 1 0 0 6 6 1 0 0 0 5 0 0 0 7 6 6 2 6 0 0 3 6 0 0 0 0 2 7 0 0 3 7 3 0 4 0 0 0 6 5 0 0 0 0 0 0 7 2 3 0 7 0 0 7 0 1 0 4 0 5 0 0 6 0 0 7 7 0 0 0 0 0 0 4 0 0 0 0 0 0 0 0 1 0 0 0 3 0 3 2 0 0 0 5 1 6 0 7 0 5 0 0 0 0 0 0 0 0 2 5 6 7 0 1 5 0 3 0 1 0 0 0 0 0 0 5 0 6 0 6 5 0 0 0 0 0 4 3 6 7 0 0 0 0 2 0 0 7 0 5 2 0 0 0 0 0 2 0 0 0 3 6 0 0 1 0 6 0 7 7 0 6 2 4 2 6 0 7 2 2 3 0 0 0 0 0 7 0 0 0 0 2 4 5 0 0 0 0 0 2 5 3 0 0 3 3 2 0 0 3 0 7 0 5 2 7 1 5 0 0 0 7 0 4 0 2 6 2 4 0 3 0 5 1 0 5 0 2 0 4 4 0 2 0 7 6 7 0 6 0 0 5 0 0 1 4 6 0 0 0 0 0 0 5 0 0 0 4 4 7 0 0 0 0 2 2 1 0 0 0 0 0 4 5 0 0 0 0 0 0 7 0 0 0 0 3 0 3 4 0 0 1 0 0 2 4 5 0 0 7 0 0 0 0 6 0 4 5 0 0 0 4 0 0 5 0 0 3 0 0 0 1 0 0 0 7 0 5 5 2 7 7 0 4 3 5 0 0 0 0 0 0 0 7 3 6 0 0 0 6 0 0 0 0 4 2 7 0 2 5 0 0 3 2 0 0 0 0 0 0 7 0 0 1 0 5 2 4 1 0 0 7 7 0 4 4 3 5 5 0 3 0 5 6 0 3 5 0 3 0 2 5 0 0 5 6 3 4 0 0 4 5 1 6 0 0 0 4 0 0 0 0 5 0 0 0 0 0 4 0 5 0 0 4 0 2 0 0 2 3 6 0 0 0 2 2 2 0 0 0 5 0 0 0 4 1 5 3 0 0 0 0 0 0 7 2 2 4 0 6 0 0 0 0 6 0 0 0 0 5 0 5 6 0 1 5 0 7 0 5 0 0 0 0 0 0 0 6 1 0 0 4 0 3 0 7 0 0 0 0 6 0 0 2 0 0 0 0 2 0 0 0 4 0 1 0 0 5 0 6 0 1 0 0 4 7 0 0 0 0 7 0 5 0 0 0 7 0 0 0 0 0 7 0 0 0 5 0 2 1 0 7 0 6 0 5 1 0 0 0 4 1 0 1 0 0 0 0 3 0 0 1 0 1 0 6 7 5 0 0 6 7 0 0 0 7 3 4 0 3 6 7 0 7 0 0 0 0 4 0 0 0 4 7 3 1 0 6 4 0 4 0 0 0 3 6 0 4 3 0 0 6 6 0 0 0 7 4 0 3 2 0 0 3 0 5 0 4 0 0 0 0 2 0 0 6 0 0 2 0 7 1 4 0 6 4 0 1 0 0 4 5 3 0 0 0 0 6 7 0 0 2 5 6 0 0 2 0 4 4 7 0 0 4 0 0 0 0 7 0 5 0 0 1 0 0 0 0 0 0 0 2 0 0 3 0 4 1 5 1 1 0 1 0 0 0 0 3 0 2 0 5 7 2 0 5 2 0 7 1 0 7 0 0 3 3 0 0 0 4 6 0 6 0 0 0 3 3 0 0 0 7 0 4 0 0 3 0 0 0 5 2 0 4 0 3 6 0 0 0 0 6 3 0 0 5 7 3 0 7 0 0 0 0 3 0 5 0 0 1 5 6 3 2 0 0 1 5 6 0 0 0 1 0 0 0 2 0 4 6 6 0 0 0 0 0 0 5 1 0 0 0 0 0 2 0 0 0 1 3 0 4 6 6 7 1 0 0 0 0 4 0 0 0 0 7 0 0 7 0 0 3 0 5 6 0 1 2 3 7 1 0 0 7 0 0 0 0 0 1 2 0 0 4 5 0 4 0 3 0 0 0 0 0 0 5 0 0 0 3 7 0 4 7 0 3 0 4 5 1 0 6 0 0 0 0 2 0 0 0 0 0 0 0 0 0 0 0 7 0 0 7 0 0 5 7 4 0 0 0 0 0 0 0 1 3 0 3 0 0 0 2 0 0 3 7 7 0 6 0 7 0 7 4 3 6 3 3 0 4 0 0 1 0 6 0 0 7 4 2 0 0 0 3 6 3 0 4 0 0 3 2 7 0 0 5 0 0 5 6 5 7 0 0 0 5 5 5 0 0 0 0 0 0 5 5 0 0 4 0 1 1 0 6 0 2 6 0 0 5 6 0 0 0 0 0 0 7 0 1 0 0 0 7 4 0 2 2 7 0 0 5 0 0 3 0 0 0 1 0 4 1 5 7 0 7 0 0 4 4 1 7 2 2 0 5 6 0 2 0 0 0 2 4 0 0 0 3 3 0 3 0 7 0 4 1 0 1 0 0 2 0 0 4 0 5 7 6 0 0 5 0 0 0 0 5 0 0 6 2 0 0 0 0 1 0 1 0 2 0 2 0 0 0 0 4 7 0 5 0 0 0 1 4 0 0 2 6 7 4 2 1 0 2 0 5 0 1 5 0 2 0 7 0 3 0 7 0 5 6 7 7 0 0 2 6 0 0 0 6 0 1 0 0 2 6 0 1 1 2 0 0 7 2 5 3 6 0 0 0 0 0 0 2 0 2 0 0 3 0 7 2 0 0 0 6 0 0 0 0 0 1 0 0 0 2 0 0 7 0 3 0 2 4 0 7 5 0 0 0 0 0 0 0 0 0 1 4 0 0 0 0 2 2 6 0 1 2 0 0 7 0 0 1 0 0 0 0 0 0 0 0 0 5 2 0 0 2 2 0 3 0 6 0 0 1 0 4 0 0 3 7 0 0 0 0 7 6 0 0 5 0 0 0 5 0 1 1 4 2 0 7 1 0 4 4 0 0 0 3 0 4 7 0 6 0 0 0 4 2 0 3 6 0 2 0 0 0 5 0 0 0 0 0 0 4 1 0 0 3 0 0 0 0 6 5 2 0 0 0 5 4 6 0 5 0 5 0 0 0 2 0 0 5 0 1 3 3 4 3 6 1 0 5 6 0 0 5 3 1 1 6 0 3 0 6 6 0 4 0 6 3 7 0 0 3 0 0 4 3 7 0 5 2 0 0 7 0 7 5 0 3 2 3 0 0 0 3 5 4 0 4 3 0 0 0 1 5 0 5 2 0 0 4 0 0 0 0 4 0 4 2 2 0 0 1 0 5 2 0 0 1 5 0 0 0 0 6 0 0 1 0 0 0 1 0 0 0 2 0 6 7 0 0 0 7 3 1 3 0 0 0 0 0 7 0 0 5 1 0 0 0 0 0 3 7 6 1 3 0 6 4 7 0 2 0 0 6 3 7 0 0 0 0 3 0 0 0 0 0 1 2 0 0 0 0 1 7 2 7 0 6 0 1 0 2 5 0 0 5 0 6 2 0 0 4 0 4 4 4 7 0 5 6 0 7 0 0 0 0 0 0 7 0 4 0 3 0 0 0 0 0 0 0 0 0 0 0 0 3 0 0 0 0 0 5 0 0 5 0 3 0 0 0 2 6 0 0 0 0 0 3 0 3 0 0 0 0 1 0 2 7 0 0 1 6 0 0 0 0 6 6 5 0 0 0 0 3 0 5 1 0 0 0 0 0 6 5 4 0 0 0 0 4 0 0 0 0 0 4 0 5 0 1 3 7 0 2 0 2 6 0 0 0 0 4 0 0 7 5 4 4 4 0 0 4 1 0 0 0 5 4 7 5 0 3 0 0 0 0 0 0 0 7 3 0 5 0 4 1 5 0 0 5 5 4 1 4 0 6 3 0 0 0 4 0 0 0 0 6 5 0 0 4 3 0 6 5 0 3 6 1 0 4 6 3 0 7 0 0 0 0 0 5 0 1 6 7 0 0 0 0 0 0 0 3 0 7 0 3 2 2 4 2 0 0 2 0 0 3 2 0 1 0 6 7 0 0 0 0 6 6 7 0 1 0 0 0 0 0 0 0 0 0 0 0 0 0 0 0 1 2 3 0 3 0 3 6 4 6 0 2 0 0 0 4 0 0 0 5 0 4 0 4 6 6 6 0 7 7 6 4 0 1 0 0 7 0 0 4 0 0 0 7 0 0 0 2 0 0 0 1 0 5 0 0 0 4 5 2 0 0 0 0 3 3 4 0 3 7 1 0 0 4 6 0 0 0 0 0 0 3 0 3 0 3 0 0 2 0 2 0 6 2 3 3 1 0 0 7 0 0 0 5 0 1 1 0 7 0 0 0 0 0 0 6 5 0 1 0 0 4 0 6 2 0 6 0 0 4 5 0 4 0 0 0 0 5 7 3 0 0 0 0 0 0 0 0 7 0 0 0 0 0 0 0 0 0 0 0 5 0 0 0 0 0 0 1 5 5 7 0 2 0 1 0 0 0 0 1 1 0 0 0 0 0 5 0 1 1 0 3 1 1 0 0 6 4 0 5 0 0 0 4 1 0 0 3 7 0 0 2 0 0 0 0 6 0 0 7 0 0 2 1 0 0 0 0 2 0 7 2 7 0 1 0 0 0 0 0 0 5 7 4 0 0 0 0 3 0 0 0 0 0 3 1 1 3 0 7 0 6 0 0 4 4 4 0 2 0 7 0 0 5 0 3 0 7 0 0 3 6 6 4 5 4 0 4 0 0 0 0 0 0 1 0 4 7 0 5 0 3 0 0 3 0 3 5 0 0 0 0 0 1 4 1 0 0 0 2 0 0 0 1 0 0 0 2 5 0 0 0 7 4 2 0 1 2 0 0 0 0 7 0 0 1 0 0 0 0 3 3 5 0 0 0 6 0 0 0 0 1 0 0 0 1 0 0 0 5 7 3 0 5 0 5 0 0 2 0 0 5 4 4 3 7 0 0 0 7 7 0 0 3 4 7 6 1 0 4 0 0 2 7 0 2 3 0 0 0 0 0 6 0 0 0 0 0 0 5 4 0 4 0 0 0 7 0 0 7 0 0 0 0 4 0 0 7 0 4 5 6 0 0 5 0 0 0 1 3 0 5 0 0 0 2 0 0 0 2 0 2 0 0 6 0 1 0 7 0 0 0 0 1 0 0 7 5 0 0 0 0 3 5 0 0 2 6 3 0 5 5 0 1 0 0 0 0 0 3 7 3 0 2 6 2 0 0 6 1 0 0 0 0 2 0 0 0 0 0 2 7 0 0 2 0 7 0 0 7 7 2 0 0 0 4 1 0 5 1 0 0 0 0 2 5 0 0 0 6 0 0 0 6 0 0 0 7 3 0 7 3 6 3 5 2 0 0 0 1 0 0 3 0 0 0 6 3 0 6 0 5 2 5 5 3 7 0 4 0 5 5 3 5 0 4 3 2 6 0 0 5 7 0 6 0 0 0 5 5 5 2 2 5 0 0 2 6 3 0 4 0 3 3 0 0 1 0 6 0 0 4 0 2 0 0 5 3 5 2 0 0 0 7 4 0 0 6 1 4 4 0 3 5 0 0 0 4 0 0 2 3 4 4 0 0 4 0 0 0 0 2 0 0 0 0 6 0 0 6 0 0 0 3 7 4 6 0 0 0 0 0 2 0 5 0 6 6 2 3 0 0 0 0 0 0 0 7 4 0 0 5 0 0 7 0 0 0 5 0 0 5 2 6 0 0 0 7 0 0 3 3 1 4 0 1 0 0 6 0 7 0 0 0 5 0 6 0 0 1 0 0 5 1 4 5 1 2 1 6 0 6 0 1 0 5 6 3 0 0 7 7 2 5 0 4 4 0 0 0 0 0 0 0 1 0 0 4 0 0 0 0 7 3 0 6 0 3 0 0 0 0 0 0 0 0 0 0 0 7 0 0 0 1 0 0 3 0 0 0 0 0 0 0 1 3 0 0 0 0 0 0 0 0 6 1 0 4 6 3 0 1 4 1 0 5 0 0 0 6 5 0 0 4 0 6 0 0 0 0 0 0 1 0 0 0 0 1 5 0 0 1 0 0 7 6 0 1 0 5 4 4 0 3 1 2 0 2 0 0 3 0 0 2 5 0 0 0 0 6 0 4 0 0 0 5 5 0 2 0 0 0 0 0 7 5 0 0 0 7 0 7 0 7 3 4 0 0 2 0 0 5 0 0 0 0 6 0 0 0 5 7 6 2 2 0 0 0 0 0 4 6 1 0 0 0 4 2 0 0 4 7 0 0 0 0 5 2 0 3 6 0 0 0 0 4 5 3 5 7 4 1 0 0 0 2 0 0 0 3 0 5 4 0 6 0 5 0 0 4 7 6 0 5 7 0 0 0 0 0 3 0 4 5 5 0 0 0 0 1 3 0 0 0 0 2 0 0 5 7 4 0 4 0 0 0 4 0 0 7 1 0 6 6 0 6 3 1 0 0 0 5 5 0 6 1 0 0 0 0 4 0 2 3 4 4 6 0 0 0 6 5 1 0 4 0 0 0 0 7 0 0 3 0 0 0 2 0 2 6 6 0 4 0 0 0 0 0 0 1 0 5 0 4 0 0 0 0 2 4 7 0 4 0 1 0 4 4 0 1 5 0 3 1 1 0 0 5 0 4 1 0 6 0 0 3 5 0 1 0 0 2 0 2 6 0 0 1 0 3 0 5 0 0 0 1 0 0 2 0 0 0 0 1 0 0 1 0 0 0 4 0 7 0 0 0 0 7 5 5 7 6 0 4 0 0 0 0 0 0 0 4 3 0 5 4 5 0 3 2 0 6 4 6 0 0 0 4 0 0 0 1 5 7 4 0 0 0 0 0 0 1 0 1 1 0 0 0 6 4 5 7 4 0 0 4 3 5 4 0 4 0 1 0 0 0 0 0 2 0 7 3 5 0 0 0 0 1 3 7 0 2 2 5 0 0 2 6 0 0 0 0 0 0 4 0 6 0 0 0 4 6 6 0 5 4 0 0 0 3 6 0 5 0 3 0 3 6 0 5 1 0 0 5 6 2 0 5 6 0 2 0 0 0 2 0 3 0 0 0 0 0 0 4 0 3 0 6 0 0 0 4 0 0 0 0 0 0 4 6 0 4 0 0 0 2 5 0 0 3 0 2 0 0 0 3 0 0 0 7 6 7 5 1 0 5 0 0 2 0 1 0 3 0 0 0 0 0 2 0 0 0 2 5 5 0 6 7 0 0 6 0 0 2 0 0 6 0 0 0 2 1 0 0 0 0 3 0 0 2 2 5 2 0 6 0 0 0 0 0 0 0 0 0 7 0 2 0 0 2 0 1 0 0 0 2 0 2 0 0 4 0 1 5 0 0 1 4 5 0 5 0 5 0 0 0 5 4 4 4 0 5 0 0 2 4 0 1 0 0 4 6 2 0 0 0 1 0 0 5 2 0 3 0 0 5 3 1 4 0 0 0 0 0 0 6 0 2 4 3 1 0 0 0 0 5 0 0 0 0 4 0 0 0 0 0 6 1 5 0 0 6 0 0 0 1 0 0 0 0 0 3 5 3 1 0 7 0 1 1 5 0 7 6 0 0 0 0 0 0 0 0 0 4 0 7 0 5 0 0 0 0 1 0 0 0 0 2 1 6 0 0 2 0 5 0 7 3 0 4 0 0 0 0 6 0 1 0 3 7 4 0 7 0 0 7 5 0 0 0 2 0 7 0 0 1 0 3 4 0 0 0 3 2 4 0 0 2 0 0 6 0 3 6 3 0 6 0 4 4 0 1 0 2 2 0 1 4 0 0 6 0 6 5 0 0 0 0 0 2 7 4 0 5 2 0 5 4 0 0 0 0 0 0 0 2 0 4 0 0 0 0 4 6 0 0 0 0 0 1 3 5 1 1 7 3 0 0 0 0 0 0 0 0 0 0 0 4 0 4 0 0 0 0 4 0 0 6 6 4 7 5 0 2 0 7 0 2 3 2 7 0 1 0 2 2 0 0 0 3 3 0 0 0 0 3 7 7 2 0 0 0 0 4 0 0 0 2 0 0 4 0 0 5 4 0 0 0 0 0 1 5 5 0 0 7 6 3 3 4 4 2 0 0 2 0 0 0 6 1 0 3 6 6 0 0 4 0 7 1 0 0 6 2 0 4 0 0 3 0 0 1 0 0 0 0 5 4 0 0 0 0 0 0 0 0 1 0 0 0 0 0 1 0 3 0 0 2 7 6 4 0 0 1 4 0 7 5 6 6 2 0 0 4 0 5 5 0 0 0 0 3 4 1 6 0 1 0 0 0 7 0 0 0 0 0 0 5 0 0 6 2 0 0 2 0 0 0 0 0 7 3 2 7 7 6 3 6 2 1 0 6 2 0 0 3 0 0 7 5 6 6 5 0 6 0 0 7 0 5 5 3 0 6 3 0 0 5 0 0 0 0 0 0 0 6 0 0 7 0 0 4 6 4 0 0 2 0 0 2 0 7 7 7 0 0 0 0 3 3 0 2 3 1 0 0 0 0 0 5 0 0 0 0 7 6 3 0 5 4 5 7 0 0 2 0 0 7 4 0 6 7 1 1 4 0 0 2 0 0 0 0 1 0 0 7 0 4 2 7 4 4 0 4 7 0 2 0 0 6 0 0 5 5 0 0 0 0 0 4 1 0 0 2 0 0 5 1 0 0 0 0 5 0 3 0 1 0 0 0 0 0 0 0 7 0 2 0 0 0 0 0 0 0 6 0 7 0 0 6 0 4 3 0 4 4 0 0 7 6 0 0 5 3 5 0 0 2 0 3 6 0 0 6 0 0 0 0 0 0 0 0 5 0 5 0 7 3 7 1 5 0 0 0 0 0 0 7 5 0 5 0 4 0 0 7 0 7 1 5 0 0 2 2 2 2 0 0 0 5 2 0 6 0 0 0 0 0 0 2 1 6 6 4 0 0 5 0 0 2 0 0 0 0 0 3 0 0 2 0 0 7 5 0 0 4 0 7 0 0 0 0 0 1 0 3 0 3 0 0 0 4 5 0 0 0 4 0 0 0 6 0 0 0 0 0 0 3 0 2 0 6 7 0 0 5 0 0 5 4 0 3 2 0 0 6 1 0 7 7 0 0 2 0 0 0 0 1 1 0 0 0 4 5 1 2 7 0 0 0 4 2 4 0 4 3 7 5 0 7 0 0 0 0 0 0 0 0 0 0 1 0 0 0 3 0 5 3 0 0 0 4 0 1 0 0 2 0 0 1 3 0 7 0 4 5 1 0 0 3 0 0 0 1 0 0 2 0 1 1 5 0 3 0 0 1 5 0 0 0 6 0 4 0 0 0 0 0 4 0 0 0 6 5 0 2 0 4 0 6 0 0 0 0 0 0 0 4 0 0 2 0 7 3 0 5 0 2 0 0 0 0 0 4 3 0 0 0 2 0 0 0 0 0 1 0 0 6 0 0 0 0 0 6 0 6 2 0 0 4 3 0 0 3 0 0 0 0 1 5 6 0 0 5 0 0 0 0 3 0 2 0 0 0 3 6 0 0 0 3 5 5 0 7 2 4 0 0 0 7 0 7 0 3 6 0 0 0 3 6 0 0 2 0 0 0 0 0 0 0 0 5 3 0 0 0 0 0 5 0 0 0 0 0 1 7 0 0 0 0 4 0 0 4 4 6 1 4 0 0 4 6 0 6 0 3 0 4 0 0 0 3 7 0 0 0 0 0 0 5 3 3 0 0 0 0 0 0 5 0 5 0 0 0
112
167873598 737897947 191026973 224134530 49510187 718692102 569562926 431655825 314565842 865103217 216049961 911481497 778240806 708751647 222972449 699289532 894709334 896182351 658515301 942723674 223193812 691885443 49891976 381568533 630597456 128057212 307430234 39121100 794661052 682427707 547269100 452786339 350883912 863881729 27304080 231429625 226705255 658965327 289976789 863473519 991835079 710678758 905527950 440642022 594737500 974159046 636318154 348488320 945028693 31302450 304368860 497611933 286663972 280134825 94124372 991551967 22984313 811316717 554243331 751303718 836604742 700972543 126823931 147326356 30675132 684099104 799258251 52041352 460897355 343289297 639686982 719796134 533124005 879454931 32676603 420405708 306042043 889732903 227234493 362520605 771232701 912859918 650145756 277025274 241038109 847512840 106228713 686614786 413957004 986711511 658649269 877153561 935027194 721679485 662210642 534586461 365592473 81881657 290516751 68412209 683916761 210710669 204657023 841911862 986402924 48714042 60768370 133703755 863973187 255431233 895492857 695247508
0 0 1 2 2 3 3 4 4 5 5 5 5 5 5 6 7 7 8 9 9 10 11 12 13 13 13 13 13 13 14 15 15 16 17 18 18 18 19 20 20 20 20 20 20 21 22 23 24 24 25 26 27 28 28 28 28 29 30 30 31 31 31 31 32 33 33 34 34 34 34 34 35 35 35 36 37 38 38 39 40 40 41 41 41 42 42 43 44 44 45 45 46 47 47 47 48 49 49 50 50 51 51 51 51 52 52 53 53 53 54 55
161
6 538298979 9 860713252 8 922720602 7 871010281 1 823704983 1 521531078 5 986628061 10 679120211 4 795443302 8 618369090 4 572640087 10 651728691 4 968232447 1 939579251 6 801819018 6 617969584 10 667672526 2 860769581 10 834560019 10 722112674 3 626570669 10 824890388 4 785868778 3 723945038 2 863292184 2 848027006 2 844378037 1 723496926 9 767331839 9 975823520 3 677598742 2 834182103 8 696293949 2 797140660 6 701573844 6 759948913 7 612267705 8 951455908 7 921147692 1 778797408 7 929003795 6 572182377 5 606575578 3 763196733 5 553756734 3 714651455 3 835677562 6 975056721 1 533254576 3 510797918 5 851473717 10 657066834 3 865668344 5 757618130 2 957611001 9 598387686 4 708069542 1 646726599 9 575182922 3 582236836 4 810225151 1 734291276 4 665396567 5 609382605 3 963715179 10 551607822 5 941549451 7 659208532 4 519731089 3 747663003 9 500487026 10 900560956 10 590324750 7 916826342 5 761567340 5 624143625 9 543549857 1 635802858 7 578945330 4 608533121 5
0 0 0 2 0 0 1 0 0 0 0 0 0 0 0 1 2 0 0 0 0 0 0 0 0 2 0 2 1 0 0 0 0 0 0 0 0 0 0 0 0 0 0 0 0 0 0 0 1 0 0 2 0 0 0 0 0 0 0 0 0 0 0 0 0 2 0 0 0 0 0 0 0 0 0 2 0 0 0 0 0 0 0 2 0 0 0 0 0 0 1 0 0 0 0 0 0 0 0 0 0 0 0 0 0 0 0 2 0 0 0 0 0 0 0 0 0 0 0 0 0 0 0 0 0 2 0 0 0 0 0 0 0 0 0 0 0 0 0 2 0 0 0 2 0 0 1 0 0 0 0 0 1 0 4 0 0 0 0 0 0
4
5 5 5 5
0 2 3 0
168
293822732 773744869 632636664 220840841 367869788 986976893 882984764 30023576 556412591 423198440 835044085 251569381 979931598 628618216 506466313 888677085 410293082 26487095 696649584 568177700 867365447 741679874 531550650 883343632 846587483 794602600 415227271 508965420 649312948 828562943 709318156 622506679 325910079 518728272 638588820 377527075 911356994 618672214 597812221 308152214 842208978 785253891 57442615 260427372 334894430 430622396 115705289 779468979 903405346 588382168 756705612 441178285 921759669 913872676 914268909 939881554 948135292 550213985 695166447 520705483 600248372 5896901 158302247 684464632 402381676 812356470 471009406 670010603 961909512 655686162 387312499 533576299 82083776 25580586 163975574 950485618 23884190 838773443 212407822 636897711 872252036 362641619 416808724 650004997 703782052 34018762 670558326 958446346 663442182 256793606 937245717 745333897 754255877 418603357 150734951 227184384 889812946 599810456 329789174 527231011 826457840 305184498 639504606 818121559 308846262 728399005 76390227 821484088 298690512 848969533 683846681 943944979 190097598 824981867 245047818 429797741 333340756 672528435 606648724 115711610 842884665 691721110 88621368 534070182 484747624 745783049 890897420 872077584 251998897 712399348 364147770 860047882 971010873 501348916 36320127 77262747 430154485 391563930 441568685 602710781 508150067 340405098 429959977 617631263 350537490 699516125 282824557 511630371 285419526 754176415 661320071 432478689 578621013 582156625 473813145 308329059 182384540 993270536 541530199 656804711 334590794 926915020 391675276 676876768 250036515 572331802 932965525 929772661
1 0 2 0 3 0 4 0 5 0 6 0 7 0 8 0 9 0 10 0 11 0 12 0 13 0 14 0 15 0 16 0 17 0 18 0 19 0 20 0 21 0 22 0 23 0 24 0 25 0 26 0 27 0 28 0 29 0 30 0 31 0 32 0 33 0 34 0 35 0 36 0 37 0 38 0 39 0 40 0 41 0 42 0 43 0 44 0 45 0 46 0 47 0 48 0 49 0 50 0 51 0 52 0 53 0 54 0 55 0 56 0 57 0 58 0 59 0 60 0 61 0 62 0 63 0 64 0 65 0 66 0 67 0 68 0 69 0 70 0 71 0 72 0 73 0 74 0 75 0 76 0 77 0 78 0 79 0 80 0 81 0 82 0 83 0 84 0
197
204 453 46 831 186 808 778 840 263 231 785 751 892 503 517 874 980 792 714 372 93 831 266 203 915 258 898 816 349 327 251 290 686 565 330 867 5 704 24 281 157 209 802 95 950 468 274 369 810 841 124 475 33 140 250 611 965 629 809 99 71 233 210 648 528 655 658 237 961 131 658 441 868 870 543 500 320 964 891 806 617 973 578 241 637 188 366 114 16 419 180 556 345 325 637 596 811 811 790 694 429 432 664 679 642 509 504 49 362 421 400 146 695 554 676 509 529 526 414 831 11 875 611 11 899 124 244 111 222 546 910 181 201 135 882 75 345 334 318 27 148 289 473 427 398 306 531 854 157 115 811 346 166 941 55 960 838 149 792 160 41 946 315 618 190 689 425 381 392 457 215 836 111 383 127 683 933 660 278 703 674 106 516 876 665 42 135 20 392 216 600 759 132 821 188 509 402
1 0 2 0 1 1 3 0 0 0 3 0 0 2 2 0 2 3 0 2 1 2 1 3 3 2 2 0 2 2 2 2 3 2 2 2 2 0 1 2 1 3 1 3 1 3 1 1 0 3 1 2 1 1 1 3 2 2 1 1 1 0 2 1 1 2 0 1 2 3 2 1 0 3 2 2 0 0 2 3 0 3 0 3 0 1 3 0 0 2 3 3 3 1 38 1 1 0 2 0 0 3 3 1 0 0 3 1 2 1 2 2 0 3 3 1 0 1 1 3 1 0 2 3 1 0 3 2 1 1 2 3 3 3 3 3 3 0 3 2 2 0 0 0 3 0 3 1 1 0 1 1 2 2 3 1 3 2 1 1 1 1 3 0 2 1 3 2 2 1 0 1 2 2 2 0 1 3 0 3 2 1 1 2 3 3 0 2 1 3 3 2 2 3 3 3 1
187
613 804 46 905 531 999 56 481 623 217 339 610 377 926 241 522 684 503 815 587 32 784 174 371 454 384 468 564 719 291 121 236 710 27 3 30 129 67 98 952 844 435 52 947 421 263 290 630 657 120 201 940 982 337 811 745 47 163 355 904 604 999622716 892680939 913107569 884763132 992837921 947329073 690696532 909655053 820614644 660129832 922752055 914757083 567636384 947607518 797702207 572030595 879085229 908145353 537401756 890032062 926540021 884467764 582953401 876411923 501904682 762570636 639252942 852926356 865088769 508883377 792028284 928330552 706850191 978605862 633927949 925900531 515998129 540541293 905701490 866394833 678450769 555594222 955120373 848063685 756452787 875565978 518338534 562230709 648502243 605788814 739014483 505104327 829445463 971809610 621043652 682406255 664104575 813191779 591199048 920760418 722549978 972903466 855757090 681071675 60 32 826 169 447 393 381 709 837 754 26 331 414 218 948 708 223 880 985 481 103 266 595 770 466 113 808 875 833 931 755 274 48 992 296 787 527 942 596 204 546 270 18 865 273 556 63 353 897 746 895 367 552 781 205 690 941 199 592 805 302 436
0 0 0 0 0 0 3 0 0 0 0 0 0 0 3 0 0 0 0 0 0 0 3 0 0 26 0 0 3 0 0 0 1 1 0 0 0 2 0 3 3 0 0 3 1 0 0 0 0 0 0 2 0 3 0 0 0 0 0 0 0 0 0 3 0 1 0 0 0 0 0 0 0 0 0 0 2 0 1 0 0 0 0 0 0 0 0 0 0 3 0 0 0 0 0 0 0 0 0 0 0 0 0 0 0 0 0 1 0 0 0 0 0 0 0 0 0 0 0 0 0 1 0 0 1 0 0 0 0 2 0 0 2 3 0 74 0 0 1 2 0 2 0 0 0 0 0 0 0 3 3 0 0 0 3 3 2 3 0 0 1 0 0 3 0 0 0 0 1 3 0 0 0 0 1 0 0 0 0 0 0 0 0 0 0 0 0
31
124241047 777012082 955757043 964613143 998679561 845682376 186272517 380906577 406555255 573944614 163148243 192107485 858547441 80317871 784305805 558598395 967044296 536281028 910776741 337830446 479742861 299939076 730354124 224443445 777287441 884026195 301949938 333279250 399128422 784393423 22181705
1 0 0 1 3 2 2 6 2 1 10 0 5 5 2 9 9 6 9 4 7 9 2 7 3 0 13 27 25 30 12
