100
146 615025486831
10003475 10014951 10013584 10011727 10000579 10031242 10009334 10020110 10076640 10039716 10032275 10018268 10025796 10047107 10002000 10015317 10064014 10145399 10026895 10134407 10197019 10139172 10147251 10196250 10208057 10074065 10040018 10062026 10251741 10073337 10016096 10284391 10179325 10324076 10172285 10266261 10164498 10224883 10372055 10377411 10048309 10333524 10061543 10393485 10172099 10061260 10380339 10225068 10147468 10278673 10244369 10057237 10283863 10210181 10436845 10526461 10162915 10457797 10586573 10461889 10261315 10307086 10039695 10156437 10126059 10269106 10048557 10088772 10048888 10119207 10506105 10082339 10657717 10499984 10052067 10282533 10751546 10776144 10010916 10099926 10158379 10199615 10064844 10231078 10037778 10614084 10035871 10021703 10421424 10508713 10077321 10048532 10457093 10823306 10781403 10203965 10234012 10435323 10703038 10540943 10187715 10894570 10582243 10254452 10031329 10384563 10175525 10607701 10192607 10469178 10173907 10315672 11125278 10999476 10453505 10354629 10257259 10616086 10435191 10504232 10346523 10831219 10444806 10904581 10918160 10087332 10565736 10111657 10467395 11278780 10684501 10441693 11152433 10400347 10536361 10465273 11236120 10877811 10769858 10067111 10533754 11287356 11162945 10702791 10140935 11397260
444 963833371766
10887 10101 11081 10793 11966 12098 11902 15068 17428 19999 18922 19071 18423 20153 18021 10782 23498 22465 23838 21721 16624 18675 17391 25518 10485 24670 29150 25423 23073 21057 30475 20148 19204 21151 31365 16847 14008 26723 38424 27426 29648 37892 26890 38404 24592 11043 54107 13931 27191 59041 44648 57068 31837 10477 15836 64301 58266 18549 32895 44151 69296 46486 37216 41885 67025 57778 10365 36267 57469 68343 46439 76153 32231 30989 71507 81689 30335 74110 74132 78923 31500 83749 21512 82370 32378 91602 73276 17822 55073 84535 91012 62148 11605 87150 83043 18035 87987 24246 87900 67268 29273 35544 23976 85444 41084 59284 12334 35251 38459 28499 83171 28415 87358 94796 78997 39544 95185 103143 58486 16808 14697 25835 124130 37977 61510 120327 10758 30652 132543 139123 43036 138713 82105 16150 90302 22747 130544 85470 45030 42371 64901 22138 104568 90645 16977 40895 58820 103069 43895 32573 139939 159239 37059 51233 102394 30860 33592 12163 18241 27456 80037 104043 134913 46788 140270 86295 118867 78237 109833 52102 79744 27460 181607 168831 12896 115020 29979 164397 67270 130728 92075 75427 120370 150834 164694 163530 189839 31935 112274 111665 20812 151741 46386 159931 71583 63419 83570 46075 55823 161626 68967 10510 96340 58252 106950 61525 50174 208907 166480 76672 84795 121228 193778 169322 138262 170800 13934 62586 143757 136506 58860 153675 194608 77415 81037 222626 215711 179105 135051 211712 183497 147474 82388 77315 64352 178075 124498 115944 172144 110220 185655 148273 177832 151464 246847 166033 112888 94448 183520 17297 170177 176129 55321 196357 253569 121815 36753 88905 18955 18920 16617 51040 10704 34398 180042 68160 25329 196288 229521 206962 73290 155716 106872 212351 213791 51066 170347 163936 161548 255251 45372 160417 160486 207502 166225 160659 251199 34076 229901 238008 183678 219954 179650 136574 38093 95984 104104 177578 265985 303575 285204 257189 159642 18946 252566 108407 134037 16001 180274 46381 287866 272974 44368 22287 262918 264712 210519 308127 236590 166548 228484 89825 15580 228358 311577 16075 112713 86711 79647 337684 75184 89153 103265 318860 234501 218671 203358 64830 332404 106067 244267 290629 270954 268534 223873 324404 282185 336680 275398 196931 322271 146097 280399 82320 72844 53725 352262 173723 114979 52940 211683 20159 54337 169213 275195 37119 316597 373440 129480 43229 76080 145597 135386 170507 77474 123473 241438 364164 325277 214956 21799 214200 224599 79490 311983 168716 280865 157843 251780 253759 329094 358095 37190 211829 375270 352124 306355 105563 361111 203698 117530 234669 383837 400626 220191 188844 229149 28090 403280 315646 247758 104054 169998 16348 387660 342325 423887 137248 159483 70195 348253 299954 29600 39043 337808 59884 201111 276233 29972 364966 81749 338734 106330 257062 335018 238852 55780 281272 330494 378821 406088 174209 87366 329705
97 571
1 5 3 8 3 3 1 6 5 20 7 24 22 16 20 28 25 12 7 12 24 25 46 49 49 17 40 33 18 49 13 8 48 23 36 48 49 55 69 55 57 23 17 71 70 85 80 27 26 13 102 103 38 17 106 68 57 48 44 94 56 38 22 13 112 38 47 107 6 125 11 66 23 106 110 134 115 138 137 2 70 128 13 91 28 67 122 167 49 3 129 153 59 5 51 48 156
35 96352123
1002 1020 1074 1096 1112 1151 1058 1165 1430 1148 1124 1262 1332 1118 1094 1595 1312 1603 1261 1249 1195 1293 1481 1495 1243 1068 1078 1940 1642 1305 2015 2586 2618 2192 2065
25 81706627
2 3 5 8 10 15 14 5 21 12 3 33 26 3 9 44 9 38 42 32 30 23 64 54 67
10 45
1 2 4 8 1 2 60 3 5 7
443 397544593095
105190 103611 107019 139461 149379 134351 114175 178149 142509 114765 200065 176292 143551 199702 223329 190166 129024 123300 229263 226807 170663 227915 301705 223001 256269 246204 114996 369399 134070 342573 177796 100015 180806 153792 435918 419646 241475 376965 466255 435341 219570 245381 459258 352460 121254 310184 169362 173995 493553 539604 339817 405506 178944 588351 154787 489857 300272 655038 617718 372874 351897 243057 469896 505932 519230 599372 579396 642659 247405 357396 401580 192290 444558 714601 224563 288028 507484 470213 303486 206791 120167 170237 658487 666017 101261 475769 461182 125386 773805 390042 716443 1018998 127422 443108 897678 320691 376417 463039 815041 844382 182865 241382 703785 146517 200949 1081419 455341 927596 1060732 676813 620766 460327 385610 537884 1181520 526274 642281 945577 497211 1133565 636922 1316359 476095 467531 776743 381556 739204 204301 595539 557374 594038 287153 1374292 1372038 127987 326440 1008834 840473 650985 255266 204645 101754 651924 358355 676560 622887 891062 1468889 937776 355467 213766 1260882 235538 168767 1275767 195081 460533 227845 1202470 1164883 1661404 947525 1607199 1082893 740409 287345 1244310 1299316 1222633 253074 532600 1467599 1373782 273780 706741 591959 1621694 735132 1677365 1455745 790985 1392689 1608964 1402169 1677823 1327371 1682819 1774499 280389 451254 1291643 679088 255159 1095149 423345 1401642 838443 1432291 531826 839605 856362 2011996 1365740 1992178 1813876 1011250 1545934 1458786 1750337 1967589 1766744 645030 841318 2077713 2116197 1450658 372364 1437324 1594762 895798 1175123 395923 1928335 142565 782273 386633 178103 662268 2180468 2390729 2185394 635531 549813 524973 1002289 102597 510411 710063 1185196 1752998 1176168 1049039 401166 1844857 1757255 1603854 1588659 2038155 1665404 808874 2450036 232826 1706680 315677 1319648 1809054 453898 2511623 1896716 1267138 1698339 2118419 2705415 796001 315723 1019300 1517567 1403406 2298544 2237149 934231 2331789 2511789 2124059 2819208 533835 1398278 1523194 1874843 2486177 2375529 1362550 767549 712797 2433222 1114504 1029374 1320979 1251207 1107857 2963577 1918785 2194399 1305164 2891293 2367004 1220980 1521475 800234 1026782 2557531 1144601 2185330 1035931 2638791 2222588 2809862 3172002 3102442 475065 2247846 2419905 1002537 2486078 1279679 2017011 2514739 1951793 1104305 2526659 3117379 2054862 1084689 1653543 2960647 670498 1836110 1631880 2698588 3215242 1508204 464805 157508 1579964 3439540 202320 1916662 1935082 2436548 1151535 210869 943757 1426486 2545460 299195 1461199 679220 134280 2073571 3598445 2210838 498125 1715714 2333159 3113486 2474513 3387440 1202632 1410742 128234 564241 749941 3180489 1008846 3355700 127890 267211 2222799 1289611 2422963 1726222 2309122 2908237 2291996 119769 2178549 2205401 3032070 290599 431119 1925773 3501181 1440177 2409914 2611978 1848993 1132605 473938 3669508 3798529 325041 1160567 3407700 2033189 3932561 3736128 2396595 623354 1610150 650477 2802738 3558000 2159429 128716 3740148 3542693 2068670 2878064 1881552 3069658 2436040 3839872 3413319 691010 425533 2770710 3522943 4072321 3364039 3209183 1885770 3270575 2530174 1520847 1913155 1880554 3818192 3815787 4007850 2769411 1732858 1098945 580452 2078967 2389345 2817027 4373167 1791957 2476908 3570938 3225103 569944 3347397
129 95129924
2 4 1 13 13 4 9 4 15 4 21 15 22 2 34 27 7 1 30 40 52 1 36 12 55 71 41 18 12 34 30 55 85 68 105 96 15 32 117 87 101 98 9 130 124 61 124 49 40 102 40 141 65 82 138 165 16 154 42 107 165 58 181 117 97 36 30 133 97 92 178 204 39 214 74 180 34 61 185 219 5 220 101 131 227 86 14 117 73 179 182 58 150 49 104 56 286 257 66 34 229 80 206 159 2 101 17 64 323 260 161 54 13 170 192 11 257 1 254 81 187 96 343 118 214 10 93 357 292
150 872
504 160 96 22 667 631 17 50 547 250 581 848 254 934 501 986 148 621 706 25 642 143 366 960 405 830 836 291 243 1005 38 520 233 632 156 27 20 54 89 489 1006 998 965 702 635 406 692 499 363 793 264 751 726 131 5 617 500 933 845 86 1019 626 282 138 716 528 163 451 848 178 846 43 888 59 464 146 188 553 37 678 972 904 1018 600 463 705 70 376 362 404 584 448 818 254 535 912 737 873 12 451 269 554 683 212 118 264 187 459 876 412 909 721 96 940 681 245 346 683 664 960 793 458 287 409 448 16 80 43 438 361 603 970 682 250 38 820 980 363 865 435 23 971 363 954 263 1003 40 348 534 734
18 66573625
3 5 10 2 1 12 15 17 8 24 19 29 24 24 10 12 43 19
142 714983552581
139058340958 607927239216 354627935564 310827633206 265535449212 589229723535 361470912084 395321271401 277408267961 232437159871 151148940528 660297443796 367377647615 583895778874 705634617387 118070699284 254807285119 90743073542 183911610048 571333111387 390071372135 704861380418 242922485467 624496573819 613892869381 701702859178 619148207677 704186878088 291011997170 532129945742 506510595210 77479988088 86638961188 6726778488 551443211197 15265544744 478727160192 254215384799 266393826692 439652331990 420002197859 162396373090 152002781571 662273320695 186882889097 58476753487 288262517018 577770916618 509710433499 666324220878 231415522064 463263448293 46536011968 491850020243 312384376649 175243752416 679962011829 509893896384 415066668441 529843921141 367671523275 562507748812 228513223588 118726164387 454707991807 232275228520 393694688223 267930437542 332284104286 604897820138 489058739134 150368732010 397419681925 363636334771 494382029978 519018261286 247675017519 238139351256 450182242094 560688072778 452679547619 29127060612 595357574107 214069142065 665241829719 508248309571 377649024726 549014865788 467091787910 104199695054 111292925008 595592682098 192695498809 143177267530 382956524921 209522665251 613288154053 464581857297 194673000740 343888998927 550394863746 114838552096 629890037611 621775578515 408520638579 271381011014 544926062568 557528804350 356192406692 400697726857 689864424648 487870525419 556544691397 377648829122 567610295508 150788020891 171901409078 441033527241 467341017209 351890737603 481005313988 675577930855 276740539666 181199447599 651778308447 513037611239 685751734930 548678551384 374847785779 695496271152 555468895255 210487108281 177651707227 566889610955 377637661281 138343151132 476909200274 603616493013 573984234846 492090072330 710227126126 71931314211
173 153747231051
10105 10358 10506 13864 13142 13590 11350 10879 14650 11850 10056 10114 21227 11506 15603 11191 19761 20209 23907 12667 13572 24076 32933 16165 17072 12028 14747 33542 12599 14878 25253 26021 14075 14355 19544 41025 14842 33285 17094 45939 14080 16278 20456 10331 19590 43510 14307 36622 24786 32104 18022 30836 56864 24801 14806 59878 22265 24020 17524 34686 12633 44965 18619 68603 23613 73066 38139 14702 48749 27933 26701 16690 28710 59928 13282 37277 20255 21285 70855 31620 40736 39328 23751 90125 19712 24694 39025 36574 48028 46278 74721 72324 59443 83404 87428 102898 63661 74393 41334 91536 76097 71586 102015 93956 47064 48899 97479 73553 57307 103971 118411 76945 55789 112402 116960 60405 19322 89923 66410 57347 90534 92743 99946 94672 62560 83349 16759 21358 17775 50593 115421 128308 131669 18536 20965 77572 61428 44574 15932 38159 86108 102177 108614 140292 33916 82317 126223 118690 125271 72997 93676 81948 157483 114097 27373 149615 19028 21596 118215 68218 168363 127156 161213 146782 120084 62300 131263 122749 141905 104801 98285 101067 150160
858 345483246556
10820 10280 12779 11317 12033 11526 11359 16100 17245 11488 12787 21997 20197 22005 16060 21508 14085 15918 14354 29392 25860 26504 14104 16856 27700 28387 28267 37907 24968 11010 17022 22968 33462 26746 31691 20428 19053 26549 13540 22864 47384 40906 30856 34797 41466 20106 39557 35219 52488 39083 40674 17535 60403 22097 55612 40438 38920 57029 38061 31243 70137 47385 39958 26344 11826 17476 38627 29838 74142 47341 54477 46716 61049 16092 14833 37998 25013 12388 32737 27826 10016 10396 30059 93185 46282 75791 95748 18155 16005 90273 54515 32849 46064 89459 31851 76653 96022 31642 101598 27031 30192 66489 86833 11295 30828 36159 33311 71516 81572 56402 89743 116942 42478 45284 79524 42165 105390 21140 79981 55985 119086 48450 75039 101030 127292 39241 66339 97670 96739 14568 119044 122142 111606 92185 126713 116178 69665 143482 17053 37475 96153 90650 105983 127909 146472 89422 46585 113880 158944 53159 33264 135105 73117 115180 161447 111202 111960 108526 109349 118300 13292 138807 171975 60841 144430 109372 109057 149886 32775 77031 112803 18342 17515 132596 160367 33205 17812 153490 56876 86075 111383 79091 151064 180715 54958 175456 114378 86653 42803 128678 92451 149914 129547 171489 144965 194896 28760 22474 110371 180234 182221 47377 11654 118536 205403 24723 141491 52520 23375 106207 49455 71689 119374 167123 202875 51635 148795 106512 58061 135473 131908 176242 189787 20424 160345 83759 231206 229543 120815 227661 122818 106195 32667 44369 159228 84981 158191 98445 236766 238055 123911 74647 104264 174884 242966 193026 244186 127483 68054 79152 102829 203304 27310 182123 10888 62929 258476 205604 169552 69308 120267 223977 84893 40307 166674 211883 241092 118588 113324 170522 200282 15496 270177 155350 122435 240444 135593 220082 66385 108176 124331 274223 161147 246351 227947 59298 25814 216611 296533 34526 175140 247055 265529 296967 162214 166121 296950 91089 49641 19374 281781 210584 298601 39252 128563 53674 87598 305591 281207 85720 199211 21214 275442 33504 34837 130275 273343 316695 84237 194348 293828 301968 230311 300883 266039 91385 27462 32513 326667 66910 69181 117941 163087 274711 17434 288131 250180 84879 325906 108185 193248 28259 33643 129975 296225 241338 136853 293609 91213 261123 77634 32959 58611 169921 151760 138521 93996 189518 334101 27543 218071 357367 94716 212500 277652 329853 40168 24372 199546 133242 31058 186780 159520 347034 62713 41941 32689 70880 259578 242391 200618 16169 321821 315181 330419 253214 361070 54701 16394 104241 94899 223285 67884 262185 56175 226501 190606 17834 208484 129300 309250 271868 203726 218598 353070 236788 152006 274220 373400 31518 81435 124452 51851 380144 124297 396762 234581 181300 332693 282900 399211 312559 277512 144911 399953 394034 333988 14938 171079 293052 414104 183662 234133 62879 61154 35577 76791 221140 147763 442253 23021 432090 410172 255106 232515 436502 209057 264512 85212 226349 43710 357023 95933 420991 369261 227436 38524 235275 268913 251214 419729 247740 351637 418474 387283 211920 282803 321618 307458 62330 478416 122971 46679 76615 68072 389305 46994 480256 212263 191889 97407 206667 395400 290831 145841 169468 261648 128408 391349 340021 468531 342395 307593 455845 500637 135519 164580 504728 361321 49281 370426 264985 417519 149709 145055 373368 258337 265329 281038 18446 216499 85190 436549 103747 514937 82427 374433 115681 145666 252394 178173 240103 153766 514533 436669 49775 280820 443919 101057 496731 210558 499909 500056 498017 298302 212860 343463 268528 343027 349804 178290 17044 241666 149137 125241 489137 86394 88610 505172 76109 510995 352154 507085 211531 170038 228954 251840 107339 376032 200783 306099 329838 102000 168130 286189 158038 273620 99070 392957 197504 49562 196925 261780 545857 345502 333687 360607 535309 216607 180962 439148 328560 415691 536008 333931 427548 437816 415070 320717 467005 541733 95151 337045 150916 316210 23657 286428 561165 350244 512348 535030 553622 606816 576254 148877 11808 37468 193011 447236 13110 106176 491449 467283 551919 417401 593507 312906 477597 89304 306633 185231 82361 140855 183647 547807 36949 348037 352923 423150 108752 116316 465010 152455 605381 423228 21823 646761 389169 593820 482147 596649 625013 21319 152686 439362 579205 322217 210164 618377 476025 420713 18151 343013 312371 468792 320805 524101 56620 303092 81040 317717 370111 519626 20314 261372 370807 655324 243373 245952 666470 316188 179277 336989 570096 102562 573340 117091 313284 259036 657732 180083 298567 462092 332416 343209 238586 244457 55231 330983 373001 94654 310211 296317 341029 693931 504272 434632 218962 402800 130401 466085 89395 246497 637725 63670 322777 162885 566770 363418 167720 653337 353079 658943 55655 493578 651348 256137 147521 315777 142651 644487 457624 703366 117047 71823 690742 274000 356347 137486 421441 27611 375838 559436 707816 578195 340471 394295 52670 505923 127849 581717 325562 37979 702812 286492 526395 361763 252031 343064 313938 139461 61427 190452 236127 130976 21941 633935 235720 580093 744854 418466 78981 128647 412213 349116 466734 762434 377021 428421 117364 82628 525839 588214 462063 77372 133707 719364 413816 244507 102516 213204 56228 757931 146630 444538 178291 771134 300058 531094 653925 383653 186069 107826 666698 620960 466734 765008 10662 484812 136019 766004 749248 789187 810827 733203 42211 286094 260344 370967 100501 317062 253032 323063 737652 326574 773939 538533 760248 812286 138716 603494 730092 96006 208932 42005 164518 579180 450378 819000 483651 79368 391664 26471 487315 377244 143515 733444 701403 226566 361962 112499 550632 614699 445157 309768 238564 506011 19602 516920 803204 560189 818902 743094 588675 504140 178419 533637 252481
20 67645861
1025 1045 1086 1066 1148 1127 1190 1092 1200 1327 1119 1320 1188 1126 21197 1346 1813 1562 1937 1439
398 5590708
1022 1011 1053 1004 1103 1109 1071 1325 1059 1018 1128 1299 1445 1103 1043 1316 1432 1768 1038 1005 1087 1046 2075 1647 1465 1437 2341 1822 1304 2210 1528 1977 1896 2583 1952 2486 2061 1597 2207 2444 1815 1048 2266 2348 1371 2266 1127 2967 1279 2347 1979 2205 1657 2997 1530 1261 1718 2358 3399 3739 3251 1857 2197 2011 1756 3142 4135 2539 3522 1423 4532 1671 3762 2824 1945 2349 3188 4158 4387 4120 2093 4326 2645 1929 4780 2695 2297 1302 1643 2222 1825 4833 2579 1653 5624 4825 4869 4367 1378 3199 2504 4687 3055 1754 5518 1742 1623 3272 4703 1480 4557 1254 6069 5542 3281 1133 1625 3390 6564 1823 6919 4002 4225 5390 5983 1347 2234 1698 5906 4249 1008 1567 2772 5951 6251 4653 3903 2211 7247 5897 1148 3671 4460 1284 7004 2384 5644 1057 2539 1059 4933 3947 1317 8108 8173 3148 6420 6030 7271 7505 3459 6996 3992 6889 4127 6492 5355 2882 4556 6389 9238 4924 8002 7433 8383 9184 8896 3674 5472 6600 5560 3252 5063 1939 7673 9970 7239 1715 5257 7515 1768 8225 2614 6920 7478 2750 10296 8047 3212 6112 8321 2677 1065 8094 9536 8867 10700 4951 5910 10113 5974 2958 2983 4399 6734 1460 6457 1588 9601 1637 4366 9919 2479 5482 12020 5795 6717 9839 8040 4211 6851 7038 1487 2616 9966 10013 2669 12578 10632 3331 10310 9645 8248 5701 7503 3725 12112 11261 4549 3275 1881 11998 2590 2297 10547 4454 4883 10605 3020 10290 6513 5065 13923 4079 6000 13952 3335 8561 4712 8081 10674 3537 10689 13648 3277 12519 12451 13668 13628 11945 6088 2907 14250 13628 4627 11414 9065 3465 7589 14373 7599 4893 13970 7581 3594 5630 13266 2867 2443 10142 3223 2261 3296 3718 7691 13851 3421 4225 10861 12169 13773 11321 3528 8345 13761 6942 15737 13908 7889 4935 12771 3516 16872 7475 15685 7419 16229 8913 7716 13472 6889 2112 7587 6985 17385 6017 1268 9661 6958 10120 3194 3260 15354 8027 10492 2683 17959 16385 10823 4576 7661 8232 5022 9820 16248 17227 13633 5523 1611 3759 1163 5789 8455 5444 6091 5349 8396 5175 19350 2393 6966 3769 6817 9055 1754 10144 8038 15315 10290 1931 3382 3639 16622 6513 10589 1234 10582 16021 10506 1294 15071 11254 12939 11809 11132 4701 15021 7075
198 730629165484
2 18 6 13 10 41 30 55 8 62 30 63 93 21 90 24 81 151 166 61 65 154 29 240 249 107 142 213 240 136 284 73 85 201 290 52 223 318 21 396 406 162 88 11 221 6 247 386 385 90 261 130 305 401 412 227 277 4 77 169 516 398 294 530 395 524 467 509 675 610 308 223 474 714 491 62 135 160 750 266 269 592 241 16 404 27 189 292 300 530 442 414 892 71 133 889 317 469 834 140 635 522 829 420 1025 77 903 476 740 424 559 91 343 146 411 318 193 63 807 1039 574 159 69 750 516 798 1156 1054 972 75 715 974 1261 409 430 1157 551 696 642 1006 413 292 724 490 808 126 517 10 1463 769 1141 879 359 648 873 621 1361 152 790 85 456 875 107 654 364 44 358 1406 341 545 1367 452 1145 627 659 1057 651 1299 1578 861 802 1236 660 990 1055 965 1094 1620 429 1061 409 201 1394 1213 1214 4 1079 444
392 2391912
4 5 4 12 15 10 11 12 28 28 31 8 3 28 11 7 45 11 35 47 17 64 47 1 65 49 31 24 12 39 43 76 63 30 36 45 23 30 82 112 44 11 98 76 128 24 62 36 143 24 149 147 19 68 93 4 149 42 146 42 73 171 61 36 172 122 138 116 11 77 73 18 106 52 176 147 45 204 222 139 90 197 143 1 168 255 89 31 97 234 124 8 191 79 37 209 40 177 201 261 141 71 52 187 129 149 181 174 221 174 170 233 176 161 300 65 134 168 192 245 110 261 284 266 343 276 194 283 7 340 50 60 260 169 37 12 69 208 380 29 43 86 50 22 33 5 242 301 6 312 348 17 73 456 322 158 159 362 236 168 93 450 305 37 146 54 42 243 476 281 268 46 133 486 514 124 337 287 264 509 78 399 65 552 114 139 196 468 239 358 519 36 2 216 104 363 59 583 127 451 58 478 326 561 386 300 21 610 9 268 137 62 272 458 446 70 559 49 604 138 184 148 111 368 353 69 126 479 306 587 645 190 321 632 667 399 556 655 622 671 715 162 265 665 475 319 94 128 88 158 618 57 417 592 239 475 427 415 618 215 543 638 257 36 146 477 166 735 111 444 715 189 508 387 257 747 427 800 345 816 131 475 697 454 17 101 363 404 821 680 589 47 323 813 390 762 619 583 369 432 493 301 127 222 816 366 459 653 502 205 239 408 125 278 786 626 836 35 272 281 192 927 38 470 785 850 703 980 614 808 279 956 373 55 543 96 122 226 968 16 222 864 777 545 204 264 189 634 152 423 1044 271 494 921 477 192 749 807 751 1039 722 820 786 107 741 758 70 889 518 98 683 925 85 753 72 996 332 467 444 314 188 430 683 169 669 359 1072 963 1021 566 459 1045
128 285942188656
7 13 16 2 19 27 58 39 29 7 6 60 41 123 67 156 16 80 149 123 26 183 66 148 182 209 49 103 121 68 6 55 201 154 289 260 336 268 124 383 36 101 384 10 295 263 1 109 204 441 425 37 443 234 251 98 61 29 81 414 110 271 225 550 520 41 225 324 147 452 324 285 200 622 115 94 141 257 397 138 301 79 519 775 508 486 51 227 40 679 232 590 416 708 921 845 802 826 155 393 935 14 765 565 638 872 799 920 797 335 505 377 768 1118 431 862 1131 601 619 619 982 1151 866 622 878 292 144 1197
11 2119
13 11 12 17 22 13 27 29 33 23 13
92 250205042144
10723 10026 12609 11050 10987 14840 14728 10208 18885 11478 18765 17915 11696 16361 11801 19631 10529 24321 17910 17376 14591 13007 21736 24435 24322 14897 21966 29316 17273 18230 16394 33221 27956 42775 11416 13646 14349 15472 37155 49584 32002 43749 40014 21565 28094 46863 54211 56373 55358 26686 47038 32810 47439 19224 63819 11851 12095 67367 64757 68190 34932 71886 56948 25805 68334 19181 43626 72657 39115 54308 65645 29769 70778 72448 21993 24412 21740 70276 19798 75464 76530 87459 30793 51592 89589 18911 44808 76287 43120 89693 81269 77184
354 8213537
108 108 104 111 137 119 122 173 188 179 187 172 131 127 237 182 161 270 181 169 185 290 204 219 284 139 214 123 288 206 145 210 366 153 126 255 409 201 155 212 256 258 411 417 282 560 273 470 451 406 451 581 378 628 496 479 235 391 204 449 236 359 228 124 395 177 749 524 212 597 237 359 225 698 102 369 290 870 378 311 193 588 793 717 761 225 844 723 421 670 424 108 106 516 566 397 1023 511 256 641 1040 899 211 517 543 824 116 1138 1113 800 360 1194 173 907 634 281 1217 952 889 964 632 559 114 1223 625 282 391 243 960 1273 1086 707 1090 1112 442 235 979 1354 706 831 1377 574 478 685 157 641 371 1413 1504 1021 1016 1310 933 1298 1163 1651 1373 629 822 549 465 144 1400 1043 1033 819 921 1034 264 1766 255 1769 1801 803 548 714 1371 1298 1505 523 213 323 1087 1160 1622 506 1331 1081 469 870 360 1820 1757 767 1837 584 605 1497 285 2084 1539 200 1133 1791 1352 1723 149 1374 1065 1783 141 809 332 405 2164 1081 422 1468 970 950 448 792 717 530 378 217 777 807 162 432 345 1724 1315 1585 254 2266 1895 268 1565 725 2162 2460 1390 2138 1217 829 1785 557 2403 330 1983 1980 1007 1965 103 1442 1355 1696 1413 1334 1080 1890 1689 1718 823 1987 2410 2486 1573 2612 803 156 2439 1549 1128 1516 2397 2238 2769 2137 996 2812 931 2389 1378 2895 1958 2085 1190 914 417 1951 2966 1677 1769 172 1379 2170 2345 1463 334 2042 817 2989 1264 337 2383 2953 917 2947 3042 324 2631 1305 2166 3233 2224 276 136 3058 634 2322 213 165 2922 298 220 2105 2250 2537 155 1111 2137 100 2109 1996 2116 3217 276 292 1039 249 2388 1459 2001 306 2882 182 3144 2759 1098 1317 869 3342
451 561420722916
10410 11970 12560 13724 13161 10224 15819 11734 17795 14065 18786 15994 13897 10858 21981 11241 14800 17275 19767 29550 14332 19910 28283 16481 22447 20552 10459 19732 13294 23624 27642 39558 22362 14911 16038 40216 13926 10068 23971 15544 25577 16941 46251 20095 25806 12462 39147 32040 26958 57237 38239 57373 24776 48234 11282 17650 53297 29799 24073 37842 33714 69967 41231 57840 21148 66169 61502 59975 69678 75032 12743 42312 52310 23599 20287 24986 57975 18816 25283 18375 35003 72135 22711 75226 24569 93234 42240 12561 32827 81503 20484 52056 67724 78368 57972 44327 83738 62676 44273 95545 13517 53594 33314 74829 50775 20163 50028 59137 93207 75889 42832 109582 14752 73354 11547 64996 23833 76673 20303 83191 54867 54522 92981 41938 83412 56846 107294 112424 29815 46462 76295 72253 68730 23866 122342 10024 34116 64662 125149 139175 107767 68071 74709 39429 42346 83531 43420 37643 151890 40952 45353 39592 22973 45017 64640 118713 49227 114059 32845 160470 150423 103066 135103 30806 54865 134914 106480 92396 155476 59987 28663 63272 136793 30413 87684 120907 95788 77137 101130 142409 150727 62429 24050 120124 69883 145154 27012 66214 187951 92679 44852 24970 28830 93888 55738 178357 68766 96945 20507 158261 121385 193287 141418 109928 178232 170105 46482 87608 144254 107975 165877 11760 207759 109280 119940 35515 30337 147634 92849 99311 21919 37428 25460 14349 57853 77363 148528 67288 159915 219894 85288 98631 204699 34689 118059 92675 103286 69657 140664 184110 22653 61675 100674 33652 56544 141943 102920 223477 18575 167622 137688 63570 23020 145777 80034 182453 154171 62564 65083 74687 11537 186471 169439 192184 64515 115687 107783 76378 122262 153987 125409 153551 117154 67551 249268 271550 159958 102817 259580 191727 161566 31207 166482 16539 280867 178411 53753 257190 211828 125473 152854 239777 209431 288801 47947 173451 182392 293705 108881 19242 278175 240029 57949 61724 155590 217856 305695 178822 185669 207471 167229 156745 71569 28367 264568 133146 259303 255620 171170 296195 172302 112167 326100 164194 325086 175213 116605 64862 170658 108395 295857 163654 127803 135239 105726 144935 50549 143817 262882 29074 145350 163600 274600 185064 298850 350650 189405 287466 127797 25342 149299 109024 100164 213225 277022 339478 154458 174110 321187 210451 151497 103012 16171 108396 223021 360809 12275 373098 171815 276249 226285 249395 55585 366627 108030 274008 345110 23529 49402 95982 253574 304353 80825 269976 159614 344142 250470 94404 239904 275142 130840 277252 289090 204069 134112 275115 383215 328370 97857 12502 42476 326470 80375 146635 339823 336546 170837 278563 291537 305651 183658 215971 179914 308256 412055 325195 368621 201039 207411 126502 195603 108402 323473 317962 178925 135845 295980 394285 419843 30397 22162 222216 45555 377377 157895 75451 325735 186498 168011 219723 74610 308071 304655 258762 144817 331639 379010 428356 395920 114649 176038
168 563888354463
540740876280 375728546639 253632694292 277580566768 5981227216 62440310123 22773737113 10814645445 103713111068 297635801965 477166823611 210392906820 465188783492 158058175266 209196359790 251892757389 434299719653 137315129849 361678974613 234682094290 440331637420 199817432207 488889377272 360518923041 214882509236 428438398637 262859445817 528089129761 417870448616 468361168059 257875947792 481098212151 414252163645 443205494481 390031655975 511223628873 15355681527 433189621010 227726893140 145826737667 4729583374 195515122722 75648860831 193219778443 560267879113 103695928068 523032221598 121331583232 354690202507 161267650176 310564568608 111156155860 128469089872 458737487747 172883360749 173565567415 139958193659 28143612994 448773813577 383382718520 140934942813 502999661533 301387641857 451529934960 387508180681 120820601401 389151098533 199912481172 279472790524 319296406229 258953272848 173642115319 274986724749 359841191079 166218383844 384780984104 339251884474 434609580320 436212178337 182178460912 370903680515 99245709709 232897990515 379688236167 285512991349 76681313764 156333778892 542857621855 165568561028 307194446288 186113678371 34054146774 377208105518 287157694567 297886369917 373239607940 186655715808 398070945578 238618520615 418031121302 320342457334 252252622915 335874534950 241741766379 304996460458 477163070138 538183539123 434263654811 226925733444 49065472340 418677005463 164390730036 256974149037 490233531865 478697107317 116005719175 501729787288 494255199568 88039777526 430233299226 55500370999 472633195744 119375979239 182028422200 158192542108 173968659929 417716507042 311206391117 254461734262 95454674045 446516699980 80250403062 50883665642 315460710969 399183079959 130791614153 120250296540 448132293091 339520878876 232905141467 281152310214 178207872643 387364067494 17491652790 265781230058 243562922195 25587465259 313376541893 260881493024 470583081650 522136898864 280909643142 209504810912 146114997418 394222013139 55172806089 136847394379 539595117976 344588671320 316860584717 555257568311 512739384976 246608676836 158251660621 305686820736 308375853984 563622402863 485313807880
1000 1000000000000
1 2 3 4 5 6 7 8 9 10 11 12 13 14 15 16 17 18 19 20 21 22 23 24 25 26 27 28 29 30 31 32 33 34 35 36 37 38 39 40 41 42 43 44 45 46 47 48 49 50 51 52 53 54 55 56 57 58 59 60 61 62 63 64 65 66 67 68 69 70 71 72 73 74 75 76 77 78 79 80 81 82 83 84 85 86 87 88 89 90 91 92 93 94 95 96 97 98 99 100 101 102 103 104 105 106 107 108 109 110 111 112 113 114 115 116 117 118 119 120 121 122 123 124 125 126 127 128 129 130 131 132 133 134 135 136 137 138 139 140 141 142 143 144 145 146 147 148 149 150 151 152 153 154 155 156 157 158 159 160 161 162 163 164 165 166 167 168 169 170 171 172 173 174 175 176 177 178 179 180 181 182 183 184 185 186 187 188 189 190 191 192 193 194 195 196 197 198 199 200 201 202 203 204 205 206 207 208 209 210 211 212 213 214 215 216 217 218 219 220 221 222 223 224 225 226 227 228 229 230 231 232 233 234 235 236 237 238 239 240 241 242 243 244 245 246 247 248 249 250 251 252 253 254 255 256 257 258 259 260 261 262 263 264 265 266 267 268 269 270 271 272 273 274 275 276 277 278 279 280 281 282 283 284 285 286 287 288 289 290 291 292 293 294 295 296 297 298 299 300 301 302 303 304 305 306 307 308 309 310 311 312 313 314 315 316 317 318 319 320 321 322 323 324 325 326 327 328 329 330 331 332 333 334 335 336 337 338 339 340 341 342 343 344 345 346 347 348 349 350 351 352 353 354 355 356 357 358 359 360 361 362 363 364 365 366 367 368 369 370 371 372 373 374 375 376 377 378 379 380 381 382 383 384 385 386 387 388 389 390 391 392 393 394 395 396 397 398 399 400 401 402 403 404 405 406 407 408 409 410 411 412 413 414 415 416 417 418 419 420 421 422 423 424 425 426 427 428 429 430 431 432 433 434 435 436 437 438 439 440 441 442 443 444 445 446 447 448 449 450 451 452 453 454 455 456 457 458 459 460 461 462 463 464 465 466 467 468 469 470 471 472 473 474 475 476 477 478 479 480 481 482 483 484 485 486 487 488 489 490 491 492 493 494 495 496 497 498 499 500 501 502 503 504 505 506 507 508 509 510 511 512 513 514 515 516 517 518 519 520 521 522 523 524 525 526 527 528 529 530 531 532 533 534 535 536 537 538 539 540 541 542 543 544 545 546 547 548 549 550 551 552 553 554 555 556 557 558 559 560 561 562 563 564 565 566 567 568 569 570 571 572 573 574 575 576 577 578 579 580 581 582 583 584 585 586 587 588 589 590 591 592 593 594 595 596 597 598 599 600 601 602 603 604 605 606 607 608 609 610 611 612 613 614 615 616 617 618 619 620 621 622 623 624 625 626 627 628 629 630 631 632 633 634 635 636 637 638 639 640 641 642 643 644 645 646 647 648 649 650 651 652 653 654 655 656 657 658 659 660 661 662 663 664 665 666 667 668 669 670 671 672 673 674 675 676 677 678 679 680 681 682 683 684 685 686 687 688 689 690 691 692 693 694 695 696 697 698 699 700 701 702 703 704 705 706 707 708 709 710 711 712 713 714 715 716 717 718 719 720 721 722 723 724 725 726 727 728 729 730 731 732 733 734 735 736 737 738 739 740 741 742 743 744 745 746 747 748 749 750 751 752 753 754 755 756 757 758 759 760 761 762 763 764 765 766 767 768 769 770 771 772 773 774 775 776 777 778 779 780 781 782 783 784 785 786 787 788 789 790 791 792 793 794 795 796 797 798 799 800 801 802 803 804 805 806 807 808 809 810 811 812 813 814 815 816 817 818 819 820 821 822 823 824 825 826 827 828 829 830 831 832 833 834 835 836 837 838 839 840 841 842 843 844 845 846 847 848 849 850 851 852 853 854 855 856 857 858 859 860 861 862 863 864 865 866 867 868 869 870 871 872 873 874 875 876 877 878 879 880 881 882 883 884 885 886 887 888 889 890 891 892 893 894 895 896 897 898 899 900 901 902 903 904 905 906 907 908 909 910 911 912 913 914 915 916 917 918 919 920 921 922 923 924 925 926 927 928 929 930 931 932 933 934 935 936 937 938 939 940 941 942 943 944 945 946 947 948 949 950 951 952 953 954 955 956 957 958 959 960 961 962 963 964 965 966 967 968 969 970 971 972 973 974 975 976 977 978 979 980 981 982 983 984 985 986 987 988 989 990 991 992 993 994 995 996 997 998 99401500 109999
1000 211886845838
10020 10096 10087 10189 10370 10167 10223 10501 10850 10131 10220 10831 10629 11377 10398 10888 10893 11347 10239 11376 10628 11137 10282 11602 10921 10354 12408 10216 12210 10712 11769 11846 10981 13162 10049 13254 12215 10766 13746 13928 10223 14147 12654 13665 10846 12225 13056 11478 13607 10401 14616 12829 12805 13782 11604 15378 13957 10666 14650 11829 14538 13709 12140 12660 10441 13278 12104 14122 10530 11357 13649 10092 12544 12193 13604 10885 17540 11130 14164 12918 17348 16160 11354 12007 16427 13390 16088 10341 12235 10858 10774 12513 18741 15215 17024 10537 19638 19656 15582 17690 11319 15639 14077 17997 15315 17633 10936 16266 18650 10110 16841 12366 13986 19696 19590 20688 12415 12160 19451 10589 12770 11108 19307 18979 19755 11446 19029 18552 15085 19658 21342 11925 16237 15929 16041 15381 14562 22470 14023 14336 12575 12804 17390 21311 21632 22740 23832 10413 15092 11108 20037 23531 12339 13032 24710 13373 19684 19486 18675 10643 23027 25311 16001 17482 21751 26048 23822 14302 13372 16685 20882 11610 18243 25981 24212 21291 10517 19772 26872 25904 25066 19888 22899 11372 10732 17113 28522 21362 10409 26598 21341 18494 23333 20704 15560 16690 10450 24135 13152 26920 25356 18123 18818 24982 15930 13659 11755 19770 22437 27858 11138 13416 22443 27320 25017 25952 19656 15353 11223 30356 10229 17863 32054 26136 27221 32471 17522 23650 18622 17241 25158 32568 30534 21680 10385 22007 32904 29065 24514 17123 33750 29865 20894 24383 31573 29381 22379 20891 30880 20593 21287 26195 19670 23542 26966 22098 26129 29202 32949 25854 21712 31172 12789 13518 20756 17994 29835 23450 21608 15056 29232 19441 15090 24775 27398 18742 23866 28380 25671 17640 37826 34704 33106 10213 28539 20690 27353 31820 26889 16354 35373 25830 22026 27037 14278 14331 19820 16129 15292 14141 17875 39799 11513 12967 14526 38314 10735 38821 11311 17376 37280 27780 38405 39334 29764 13389 26545 10348 27514 17233 31844 36285 33134 32528 31628 33046 24349 42443 41293 13056 19527 28810 10347 11599 18536 25339 16780 26492 11328 15693 14700 30256 40724 24828 26132 43830 30495 19243 41718 19887 41236 10721 32067 24686 12239 16452 25295 18318 18213 33225 40238 10286 13425 40611 41736 25408 31155 27783 45762 12544 33593 27167 16586 17129 42326 45307 19846 17780 46033 29865 25392 20502 22054 21046 21343 18950 42625 36601 12915 28929 38872 19217 31623 45776 15204 24046 20725 32177 19108 25213 46634 41817 41607 11741 44764 12427 40363 24943 13469 48528 13612 45608 42148 39311 20565 18725 37495 21077 28447 35479 41326 19222 15179 25264 17725 24005 45114 34806 27659 19468 28676 31885 36224 41216 10419 11355 19977 19089 10069 17761 53512 31031 17020 49602 51916 25045 45864 54731 11801 20016 16299 34148 41239 40247 51269 12948 35433 53304 24422 21379 27679 35443 28476 19138 31969 36819 22923 48349 32517 48122 35949 47599 25659 41378 24543 10525 33284 51573 53034 44102 54888 37903 45414 24727 20073 15219 49217 42409 15728 55884 37021 10700 25978 24724 13900 48650 49995 46438 47665 12650 27173 37052 44992 31245 13922 50728 23606 44817 57990 21664 25439 29196 52472 48034 22871 10168 24592 41356 59670 24258 30946 21915 37454 14943 44253 12565 21180 45861 21726 12526 28411 34209 29152 42698 14735 48154 62163 26269 50827 44586 19940 51975 16710 28779 49610 20106 55138 46438 17851 46838 54665 50047 16125 21258 44323 19765 42804 38882 52800 61450 49760 59971 34725 18521 12079 38944 23840 12032 31574 49323 19431 57050 44756 49452 56174 43211 48629 16178 16246 41983 62466 62634 26920 32166 64806 14688 51912 13104 42975 48768 18774 15179 58244 67162 44681 48072 27179 14714 41290 23084 60857 41591 31615 35391 63772 41097 16175 13374 10384 27943 15688 59315 58152 19561 20507 27201 29713 38847 46974 11007 25829 64960 36185 70426 47732 65461 68975 17271 65621 53598 32523 67608 65649 38105 53031 30730 32797 68886 44800 32287 13719 25967 16527 49410 16722 41677 73970 31105 44433 10795 39230 62951 10314 51458 37575 51915 14158 46696 32175 16278 24225 20126 20661 24669 68896 10942 30122 52416 29499 74328 45584 17876 21757 46178 14939 58130 72946 52625 50314 37757 48136 17790 57639 55290 78171 57745 57202 31194 46276 18880 44690 65911 58765 38518 39003 25515 29629 43883 37155 60823 12312 12230 62150 16877 14147 41232 79646 33124 49844 55889 23697 26924 50738 42570 42028 26894 14874 68433 43104 33099 14935 47931 28353 76411 59228 13944 48209 42285 78301 10160 39041 36503 57353 38583 79604 67334 35234 58547 21135 34948 31562 73810 40969 53286 25360 76660 36516 52798 36057 10282 55862 48022 48731 45230 25263 58075 72109 39950 71437 48276 60283 60183 71821 24098 47334 52978 44579 23681 73939 53571 36709 17980 23385 16120 26768 36066 64240 77719 19128 71131 78163 29483 27212 43225 83175 69361 80615 77448 85333 62311 81455 60535 39023 11107 52861 37456 74213 27402 60510 40266 79537 11016 46774 89020 88007 90449 16260 80879 76887 14304 45379 27073 57558 13793 80374 57137 43317 45052 91338 54197 22796 81610 13765 64338 17939 17832 77580 26686 47856 46215 70043 46571 15989 66402 81620 22242 68245 26245 75075 68409 53837 51246 21185 13833 77711 25802 50987 84446 14466 94841 71944 15122 61592 57268 80758 54233 35903 75027 58707 21808 57627 75394 21160 22164 55105 42317 28867 48906 62957 81033 88724 80295 77439 20128 24343 83285 62856 61906 77195 50320 20539 62520 38057 49534 51456 21777 49096 96928 23732 12520 82287 34824 68857 41707 67001 13503 69940 97908 33151 72452 64861 67593 25347 28067 21175 67263 56926 72261 47857 32140 93326 45956 39297 47902 63423 38555 26502 89968 87962 14953 81358 88282 46063 17761 98371 19170 80871 16557 83255 54602 26219 88019 57099 79450 80562 98569 31040 64566 53222 86298 69507 68481 46299 71972 90501 89745 72093 71861 49676 24360 35432 19577 36739 72374 89733 27612 68053 27816 32796 29770 38251 51851 59198 102287 91889 74202 29854 75453 75430 27501 66422 34024 16730 56584 90906 23597 38958 41126 64260 65874 23458 31232 92899 103868 89935 56272 100207 69628 26573 67368 74012 32587 44720 75657 15699 49267 71880 99522 33721 19390
133 82
12 10 17 17 25 19 22 17 34 23 36 33 40 38 10 50 46 24 31 21 23 12 75 37 62 21 41 17 36 45 30 42 25 94 113 112 108 85 64 73 33 90 15 44 104 132 136 154 57 91 154 51 120 51 55 112 88 67 33 183 19 139 171 184 147 198 174 131 197 196 154 176 152 118 190 209 188 11 150 245 231 252 66 38 103 57 258 182 111 270 186 98 287 107 269 81 58 121 191 111 212 196 74 284 189 125 95 125 21 193 274 106 29 160 243 131 290 28 55 219 48 21 357 262 225 77 154 178 221 361 403 120 51
457 6794164
1024 1091 1127 1172 1070 1014 1328 1275 1396 1037 1339 1482 1382 1139 1223 1405 1394 1819 1430 1830 1981 1297 2102 1123 2166 1513 1204 1649 1432 1565 1513 1718 1924 1413 1423 1544 1735 1685 2048 1716 1536 1157 2806 2170 1536 2986 1861 1080 2596 1507 2674 3196 3427 3431 2419 1001 3742 3790 3909 3900 1662 3869 2557 1379 3277 4072 4158 4157 4310 1609 1694 3125 2779 4531 3057 3757 4572 3485 2339 3326 3185 2753 3891 4119 2555 4477 4654 2410 1168 4491 1261 1182 3479 5306 3051 3344 2440 3569 4833 2417 1643 5559 1366 4556 3814 4814 2173 3283 5357 4970 1060 3887 5776 4713 1958 5692 1442 4898 2609 1623 1955 4786 7107 3633 2339 4725 2144 5382 5905 6493 4622 1361 1280 4565 7206 6185 2806 4950 5397 2761 1542 1814 5192 4569 1695 6210 7585 6159 8337 6395 4535 6190 2543 8561 6083 7470 1588 7001 1179 8994 1288 3683 8710 1729 8712 5102 7264 7335 9343 1049 8430 3784 2467 8888 7563 5065 8458 7392 4643 6673 9900 3814 3035 2478 6228 5790 2052 1741 7322 10297 8858 10260 9537 1824 3286 8129 2328 7549 10926 5048 10405 4553 7882 3516 11014 1030 7653 2425 1944 11041 10740 1236 6579 3817 11371 3868 11230 8490 1930 5347 6864 2314 5940 9724 4021 10346 4023 8775 3671 3448 11091 1781 8647 8214 10832 3702 9655 7544 8736 12108 8212 9640 6293 12380 1050 4630 13238 2017 8822 12873 13306 9965 12182 4108 6628 2621 6562 3117 8705 10440 6660 13938 7810 8133 8569 9266 4227 11926 4844 3080 5747 7989 5823 1657 8801 6083 4077 11682 13579 12551 5683 2923 5146 7797 5653 10334 6304 1139 15264 12793 13486 14559 15355 15270 7026 11157 6779 12650 9199 13953 9819 9427 7637 11471 11832 10647 7514 7563 5395 8007 11489 10549 7925 8239 1007 2765 5782 1090 14928 13078 11641 4049 1414 9118 16992 2547 2729 14714 12476 11214 17382 1664 9384 8076 4398 17267 11961 6886 8125 4799 7560 4446 7721 14175 7378 16953 3927 10064 2537 12854 18257 10186 13614 9782 8183 5185 15105 1406 16090 5472 14844 13090 15152 16509 1988 4688 4149 11798 14612 6322 1917 13891 3550 4181 17392 1606 5805 7035 9533 1407 16693 11561 1722 2895 12316 19269 6946 19338 6869 4525 15844 18264 7619 14267 4744 20599 7732 3842 19396 2156 5651 3034 7370 11694 5077 4539 7883 9450 3331 5675 19218 9512 4020 17998 3661 17589 17347 18022 21131 13244 9843 19399 7523 7892 7596 1044 7495 4305 15521 7083 8825 14558 8996 19626 9859 21684 8217 10106 2823 7506 6213 7307 10932 20675 3313 9238 4027 8938 12242 14011 9535 7279 10495 9277 3236 9287 16799
85 632086279485
10000455 10006634 10017117 10038995 10016260 10041543 10051428 10031875 10032872 10063206 10083082 10017084 10108304 10041729 10084301 10019365 10135373 10014904 10189412 10125356 10038251 10169330 10081608 10117769 10103898 10047331 10167128 10107977 10169567 10297574 10135187 10127754 10083707 10011294 10151231 10136732 10166925 10097370 10287738 10357048 10233953 10220955 10111230 10409975 10301916 10043807 10439006 10253082 10399718 10227482 10284034 10036167 10419906 10413045 10185506 10259855 10124976 10479508 10545004 10205812 10197586 10372719 10206526 10023586 10404329 10469376 10059057 10634202 10408441 10348843 10096198 10119505 10503589 10724705 10186708 10336600 10012452 10240390 10246049 10389420 10400906 10207374 10116243 10132602 10537923
164 81133589
896264 1092576 1405399 1802270 2453731 3509430 3680383 4293271 4663500 5874973 5900519 7294033 9141164 9158965 10549722 10866436 11390035 11430403 11561846 11798325 12360544 13128001 13435249 14160105 14981212 15204643 16204753 16537009 16628268 16891398 17401693 17424488 17826512 18369814 18403840 20699695 21221393 21323856 21749273 22877475 23421549 24174105 24278619 24636726 25271435 25580585 26176220 27335108 27609510 28600969 30464173 31291893 31339267 31425917 33107104 34193688 34224938 36092174 36665169 36874809 37476259 37512558 37885858 38247785 39034514 39216393 40252023 40471808 40818017 40956319 41282999 42119255 43735665 44018200 45152147 45653222 45917796 46159260 47295030 47484634 47616484 48296823 48524638 49042452 49115227 49698049 49816709 50183338 51740418 51880364 54290624 54572768 54886976 55022452 55081773 55318851 55379459 55467112 55649891 56042676 56182486 56215125 57028601 57187842 57270449 57356728 57667655 57773390 58324655 58530053 58920011 59288121 59442911 60055667 60431654 60617335 60841477 61765381 62032872 62303842 62378996 63211297 63403670 64480358 64971177 65276254 65308338 65394113 65541074 66260553 66426861 66456159 66970566 67832465 68626979 68949710 69981998 70888746 71506754 71521563 71656437 71861231 72117275 72760544 73158127 73285893 73772457 75032091 75390362 75777851 75837203 76647404 76755886 76863150 77540670 77740950 78041024 78543938 79445055 79990824 80089831 80339419 80787988 80802167
3 28
3 5 1
148 723
11 10 16 14 13 21 12 23 20 29 11 33 19 39 43 15 31 56 15 22 69 57 36 46 66 76 16 54 17 11 13 16 72 102 13 102 110 107 38 112 63 24 64 135 130 131 137 127 139 78 48 24 80 122 121 28 149 144 66 180 125 69 14 132 144 110 136 30 144 55 31 12 142 26 55 197 68 50 204 197 250 99 237 96 95 155 19 265 256 274 43 91 21 104 254 199 183 76 189 250 221 253 191 310 296 170 272 175 27 54 69 62 43 129 331 232 178 301 164 215 321 333 363 36 130 34 274 227 58 125 58 405 170 148 250 410 285 71 385 324 92 244 29 106 210 34 101 164
5 100
7 6 16 9 3
1000 998001000000
1 2 3 4 5 6 7 8 9 10 11 12 13 14 15 16 17 18 19 20 21 22 23 24 25 26 27 28 29 30 31 32 33 34 35 36 37 38 39 40 41 42 43 44 45 46 47 48 49 50 51 52 53 54 55 56 57 58 59 60 61 62 63 64 65 66 67 68 69 70 71 72 73 74 75 76 77 78 79 80 81 82 83 84 85 86 87 88 89 90 91 92 93 94 95 96 97 98 99 100 101 102 103 104 105 106 107 108 109 110 111 112 113 114 115 116 117 118 119 120 121 122 123 124 125 126 127 128 129 130 131 132 133 134 135 136 137 138 139 140 141 142 143 144 145 146 147 148 149 150 151 152 153 154 155 156 157 158 159 160 161 162 163 164 165 166 167 168 169 170 171 172 173 174 175 176 177 178 179 180 181 182 183 184 185 186 187 188 189 190 191 192 193 194 195 196 197 198 199 200 201 202 203 204 205 206 207 208 209 210 211 212 213 214 215 216 217 218 219 220 221 222 223 224 225 226 227 228 229 230 231 232 233 234 235 236 237 238 239 240 241 242 243 244 245 246 247 248 249 250 251 252 253 254 255 256 257 258 259 260 261 262 263 264 265 266 267 268 269 270 271 272 273 274 275 276 277 278 279 280 281 282 283 284 285 286 287 288 289 290 291 292 293 294 295 296 297 298 299 300 301 302 303 304 305 306 307 308 309 310 311 312 313 314 315 316 317 318 319 320 321 322 323 324 325 326 327 328 329 330 331 332 333 334 335 336 337 338 339 340 341 342 343 344 345 346 347 348 349 350 351 352 353 354 355 356 357 358 359 360 361 362 363 364 365 366 367 368 369 370 371 372 373 374 375 376 377 378 379 380 381 382 383 384 385 386 387 388 389 390 391 392 393 394 395 396 397 398 399 400 401 402 403 404 405 406 407 408 409 410 411 412 413 414 415 416 417 418 419 420 421 422 423 424 425 426 427 428 429 430 431 432 433 434 435 436 437 438 439 440 441 442 443 444 445 446 447 448 449 450 451 452 453 454 455 456 457 458 459 460 461 462 463 464 465 466 467 468 469 470 471 472 473 474 475 476 477 478 479 480 481 482 483 484 485 486 487 488 489 490 491 492 493 494 495 496 497 498 499 500 501 502 503 504 505 506 507 508 509 510 511 512 513 514 515 516 517 518 519 520 521 522 523 524 525 526 527 528 529 530 531 532 533 534 535 536 537 538 539 540 541 542 543 544 545 546 547 548 549 550 551 552 553 554 555 556 557 558 559 560 561 562 563 564 565 566 567 568 569 570 571 572 573 574 575 576 577 578 579 580 581 582 583 584 585 586 587 588 589 590 591 592 593 594 595 596 597 598 599 600 601 602 603 604 605 606 607 608 609 610 611 612 613 614 615 616 617 618 619 620 621 622 623 624 625 626 627 628 629 630 631 632 633 634 635 636 637 638 639 640 641 642 643 644 645 646 647 648 649 650 651 652 653 654 655 656 657 658 659 660 661 662 663 664 665 666 667 668 669 670 671 672 673 674 675 676 677 678 679 680 681 682 683 684 685 686 687 688 689 690 691 692 693 694 695 696 697 698 699 700 701 702 703 704 705 706 707 708 709 710 711 712 713 714 715 716 717 718 719 720 721 722 723 724 725 726 727 728 729 730 731 732 733 734 735 736 737 738 739 740 741 742 743 744 745 746 747 748 749 750 751 752 753 754 755 756 757 758 759 760 761 762 763 764 765 766 767 768 769 770 771 772 773 774 775 776 777 778 779 780 781 782 783 784 785 786 787 788 789 790 791 792 793 794 795 796 797 798 799 800 801 802 803 804 805 806 807 808 809 810 811 812 813 814 815 816 817 818 819 820 821 822 823 824 825 826 827 828 829 830 831 832 833 834 835 836 837 838 839 840 841 842 843 844 845 846 847 848 849 850 851 852 853 854 855 856 857 858 859 860 861 862 863 864 865 866 867 868 869 870 871 872 873 874 875 876 877 878 879 880 881 882 883 884 885 886 887 888 889 890 891 892 893 894 895 896 897 898 899 900 901 902 903 904 905 906 907 908 909 910 911 912 913 914 915 916 917 918 919 920 921 922 923 924 925 926 927 928 929 930 931 932 933 934 935 936 937 938 939 940 941 942 943 944 945 946 947 948 949 950 951 952 953 954 955 956 957 958 959 960 961 962 963 964 965 966 967 968 969 970 971 972 973 974 975 976 977 978 979 980 981 982 983 984 985 986 987 988 989 990 991 992 993 994 995 996 997 998 998501499 1000001
51 358225753862
10191 10078 12089 10253 11893 12965 12744 17517 18109 15640 15271 21982 14488 23151 17643 17585 10782 14408 13406 20386 17685 12033 23839 14794 15016 34142 23662 22792 27443 28999 12058 37492 37838 16837 35187 29318 31027 12088 42211 37753 50640 38289 14472 11000 46649 23544 31037 32083 12426 12740 37392
140 79082463
103 117 113 117 114 105 129 168 132 195 208 145 117 213 187 139 187 223 115 239 184 100 159 262 192 337 181 224 196 308 332 109 152 384 411 161 175 219 355 132 448 148 132 342 283 443 145 234 518 145 545 454 567 468 493 275 272 570 378 331 641 391 577 684 656 740 709 645 252 660 140 768 445 440 137 539 369 313 765 353 701 815 718 505 400 189 714 168 784 971 364 484 743 997 655 853 781 216 571 182 780 464 506 478 968 445 391 347 441 665 706 510 720 451 987 605 753 563 1064 386 1038 167 229 1192 1259 402 731 599 379 1318 460 442 720 1134 652 412 1134 510 1441 812
114 20706849
1010 1075 1078 1092 1124 1285 1025 1040 1245 1022 1168 1340 1279 1056 1009 1265 1359 1100 1394 1699 1451 1573 1159 1703 1384 1934 2264 2329 1503 2202 1183 1592 1659 1584 2474 2798 2448 2458 1390 1172 1685 2805 2667 3006 2088 1107 1346 2779 1872 3275 3399 2218 2648 2909 3250 1566 2563 1082 2461 3672 2944 3082 3872 2586 3104 2748 1023 3036 1150 2704 1815 2414 3434 4555 3487 1876 1779 2062 2041 3518 2655 2995 1775 3186 2605 4727 1496 1235 4304 2672 4787 4306 4064 2869 2792 2895 4249 3542 2029 5088 2839 4519 4775 2569 2506 1323 2734 1541 5669 3799 3901 5329 1451 3335
105 49989303
109 111 120 113 113 122 117 100 105 136 202 106 159 233 165 117 212 216 102 122 135 184 180 145 155 204 168 361 104 298 124 327 393 297 311 346 296 182 298 454 452 432 518 392 529 533 403 449 294 253 553 322 169 601 136 272 478 574 243 309 327 527 666 449 709 589 160 233 781 643 217 591 242 595 454 840 707 422 696 308 908 580 593 140 645 230 541 303 285 984 263 740 144 331 757 170 870 289 461 382 1062 653 1100 128 599
359 933335
158867 212759 352569 756149 855219 626980 152890 524464 682497 467216 886204 628749 299996 329300 822354 443135 845209 522939 461161 380154 686702 142663 626841 551725 284267 410218 798302 415822 894257 97449 642213 589803 682144 712663 187042 30777 906916 244192 498092 700106 898814 701686 692781 279226 544643 289652 61168 611821 108567 358133 358763 841785 638513 924541 619236 328779 333402 693022 54556 70481 616086 206106 291660 76885 509580 839586 847692 758930 129859 748752 494526 555041 359670 289209 453173 335544 97249 881196 137920 722999 678857 927165 838214 731676 911328 528153 772403 890520 915794 57827 755641 310010 702407 688454 107108 197472 870127 94530 890346 835369 653871 630002 24542 862726 101869 439550 699974 496907 816052 85962 60381 680119 74351 268781 73060 96207 657053 120411 812016 332554 861436 173558 608464 641973 861583 232592 872052 209916 879528 467492 152932 729238 528384 705720 455253 544727 841838 435485 14017 890366 485939 332549 756709 902656 410916 877163 473812 774391 151574 644932 77189 905024 778436 113741 602956 557290 540330 34106 931037 779816 7776 662859 462159 120362 817506 339169 744515 268734 247415 644819 545555 602768 863893 61152 822759 323433 34063 494950 144001 717484 401615 389003 106872 594470 605681 467392 69928 760203 849364 755372 906414 716416 343130 519261 487543 199153 808825 541062 387392 634824 264649 544695 916754 692185 589152 743898 168059 34336 733838 154466 319255 650349 29295 616655 304689 278108 59385 188398 599373 783265 509580 741076 702617 519479 847922 398587 573235 722056 593227 718660 165309 579445 496919 125660 858490 833498 107442 213959 464211 667828 827805 764330 865059 338637 675361 322036 597084 504650 767489 178808 510982 423967 411636 188111 83013 608542 591239 182945 43772 94620 553640 8284 293731 675932 784591 577810 241304 812209 38923 216898 411139 291682 229919 182727 749811 340605 216025 502808 433782 408501 409386 153713 681470 277649 293030 315138 153266 632584 21500 643660 145237 200820 562274 18068 598178 842963 476205 811251 54229 751080 791661 315535 581407 837474 722119 430784 414681 527892 668855 501681 595967 441221 558853 84808 190122 193287 89587 147231 262208 443317 284327 616965 670257 133061 732679 512839 271105 618956 866684 349361 168465 840125 186296 473378 392462 146885 101537 241151 292565 252996 358798 748746 317335 462606 446449 376290 266263 577772 839637 810472 151537 804076 212192 141879 774810 545393 797185 383911 234020
313 421475724923
11 20 19 34 23 45 53 54 58 46 83 101 78 83 5 91 4 163 161 132 72 219 71 87 166 66 211 226 250 106 296 316 251 110 313 239 360 59 222 40 163 259 314 396 166 132 214 461 100 281 282 249 57 338 238 392 311 557 262 309 232 355 437 369 481 119 307 325 45 444 46 412 407 583 735 10 244 396 99 567 494 162 567 754 603 748 573 114 87 403 279 435 406 60 816 222 500 546 69 200 963 782 549 927 289 461 1051 38 909 154 309 964 982 542 212 529 892 837 1151 969 265 480 938 1057 1027 326 795 609 318 1206 515 841 1035 1227 596 1215 1277 576 665 1034 1 766 599 158 99 374 727 662 1150 277 395 393 1157 1294 810 478 990 106 1286 735 60 316 23 612 1071 1626 1594 539 448 827 1209 1693 872 829 1679 1116 1105 1130 135 18 953 1661 1508 1094 1349 1464 327 1238 351 1119 1906 369 396 1262 467 1065 280 1269 1848 1394 834 1518 403 1328 2035 1010 1719 1871 782 1517 866 1664 1265 613 1031 1338 1643 767 2162 171 61 39 1707 1511 1028 1546 1833 2160 880 114 1847 83 2212 742 765 2354 1979 2109 2298 338 1517 1396 748 104 1931 1219 1437 257 98 277 774 921 1749 1513 2187 1091 499 1693 99 477 1995 2284 1282 1062 248 1149 1854 1267 304 2047 1149 1087 2495 699 90 716 2616 2172 1606 2204 1607 640 2563 667 564 479 1716 1096 2561 923 519 165 528 755 1189 275 2140 1829 2063 1625 1599 2712 1770 391 1668 2810 1162 998 256 1375 2345 3106 822
200 149
100 101 106 103 110 109 121 117 110 127 132 100 121 111 142 144 142 115 111 122 151 143 103 160 156 112 135 108 158 183 156 140 187 184 127 178 170 141 215 115 127 206 192 136 194 229 201 117 242 115 172 244 121 229 223 134 231 156 209 274 265 271 240 141 143 122 151 136 279 217 253 179 120 228 155 143 182 322 290 326 223 213 208 304 340 151 128 264 200 242 158 278 207 197 191 265 138 154 307 375 349 345 290 315 219 325 250 266 366 276 254 164 354 145 416 438 288 395 121 338 111 269 250 305 470 230 360 423 405 204 124 222 360 433 350 286 438 237 502 493 254 438 231 345 230 451 192 409 303 171 190 239 175 337 143 528 242 446 322 137 152 485 366 375 254 553 218 593 186 263 582 397 307 300 361 456 318 169 379 587 456 194 516 120 113 123 564 194 654 268 181 493 469 167 587 439 551 329 593 561
68 81211950
104 120 121 125 103 133 116 151 172 100 184 136 230 194 246 130 202 174 128 218 235 263 269 133 116 252 300 141 143 291 184 170 413 234 193 277 463 300 269 376 153 255 166 493 389 147 364 443 252 127 254 613 156 147 463 655 528 584 160 689 193 215 387 518 197 192 219 538
31 59616961
100 110 123 100 140 102 111 163 114 111 145 149 133 234 135 230 136 178 270 258 276 203 173 296 204 260 229 296 151 381 146
153 514478418189
1519735644 1813821973 3752946269 4909646691 7849828117 12923453058 13385878949 13626294678 15928576220 20881650203 21949377539 36670344073 38430182854 43744823800 51801099247 59261664664 60947721887 82363803984 87045733281 91507411770 93038458179 96751368030 103385654017 105469050752 108038556662 118862164530 119931791538 126268061879 131514238476 133191780994 133265655533 136547730670 139992250338 141163211646 142342154042 143774182880 144881756844 148128509532 148331045489 152966152069 159082365386 161333700193 166274499776 167641700669 170970365282 176574476599 177920723679 180000374252 180061841664 181638312437 186936241043 194928652988 195228309368 195635243942 197089766224 198332738641 200332397920 202157505659 202829614986 210280447480 210891217088 215918594666 222668233064 226413951436 231151946904 234740573136 235280632415 238894154507 240616522742 243035550086 249906145665 251146832028 253055346096 253187282586 258222692680 276482614219 278591733367 280876400222 287422527269 287591628230 288256244512 291083300604 293590504302 294751122749 294887482666 306916600022 310680127617 310719531701 316721871150 318556897931 320827753299 322206942431 328875394934 331592897622 332567013029 332817550305 341320998682 341833494940 344993434751 347946498984 350303448253 351239525170 354977534143 356361897424 363499887166 364585507835 373719330002 374838622163 379649851866 379834168775 382202291942 382856802403 388919085604 389660974393 392887044547 393663254188 393811529143 396572688266 396603446784 400268353578 404846761412 405883505788 406039178650 412220830552 412371616699 414883136707 417348071810 419457604503 420484929278 423934281101 425050274921 431708692263 434164369364 451134717122 460386558392 460693784019 472107666407 474590212995 477835781047 479970394149 480191059017 480668957859 487657852807 490734545250 490753279483 501422417231 501750398950 506933199473 508390267280 509822347044 510526281373 512438345157 512631532615
291 487365107465
267707448854 61242755480 481028213615 124614500361 375122357986 124591418278 411714269614 80806899425 164228365534 448104027026 234589058692 41100529294 252966297569 411820038486 225106211861 323341913706 122675117127 16396273675 84631773414 187052408800 154129998064 318069981009 483704773251 355440838314 219132528290 221746064679 373459355200 106487202497 59819520912 82422525339 62020348327 277710228479 292267351112 385920819157 301532083539 450219061557 89789836207 301476997371 191379924162 83818850505 54871755508 275507475880 202776219635 455091197737 192042420322 95095120365 232540996995 299418247313 365363057521 78865277461 247187510781 256858963016 80731167962 197862067622 273440153814 5029963490 281939204966 446560545555 189071058846 123897934514 442390095889 45062085792 139239506668 262758813848 355418439501 160490557263 439779940368 17181275627 205051267739 65308101357 116278573947 25719826481 248352245627 102869179027 343999814422 400921166994 32623649607 378767232620 344842408728 324432208185 283361538528 153132328973 482692939890 319975667290 447987955675 203560374033 215256218986 101683207808 448765908879 112742290931 287039630996 43540452811 4495953633 292283192636 37100649158 214079974779 25348956888 320001388508 389569201648 318241021976 435993842466 124446515386 170591960946 329969400566 153789085632 156058669718 197240114986 110727596087 338492022695 162290641940 480145855806 60516427584 106877063462 277134010590 404859626358 430978475114 318280434373 239006704664 81890971910 236781727042 247698931179 172331658383 209888400419 400837769381 193197470994 204361709780 430705660575 310076193887 200198654766 337129492954 95937785720 197327798130 223591647910 347587754368 55285057239 276885652086 195067234919 481949542662 27655087003 404015960013 118466407836 359703131828 84643120074 241845124540 224494441720 210140082785 468780236265 358881572662 187853354676 421317863368 3082100458 206958840592 262818883133 201211278282 421249237947 278940089677 14631349081 87698872469 139030795136 71989420554 485182240696 228659001694 7337748082 68021010257 380211740702 429449614371 219850840533 402484377038 372983759594 391965028406 302319282066 480148085656 51027015595 194801406321 153830457564 343358974818 68686096468 286179296103 303016423954 56394723604 310502811564 280254222523 296635713947 249622957554 133861505788 154442565905 383663676312 49349632067 125083955130 339089451741 439855558654 406493368057 486363150632 259952885948 48637568100 107144294501 61542706841 11082573929 447264288768 314747159479 364131998345 238770529371 157583126729 147174754886 310585938088 301622404190 68350248157 88735232680 110267124522 360968993313 432012297627 218821435272 96886018557 37222213192 77157240727 188478133405 472674523941 131540513028 187560125669 446245080561 188219679320 123524942301 177940188629 217354919497 16591660289 91726959186 290519691731 404091227275 100914767667 391928501997 354270748574 21837432301 180431909487 17316731470 462152390963 322303076768 454425877984 450285535294 314196627792 399791186622 443928445461 235479322109 17856283059 54497612345 337073341767 421649080380 212174712898 16592890508 316699987323 193578020279 176078986523 133352305462 210024816302 324962163365 310429220634 435014346051 247163958979 192769768060 77973723473 95045480289 62107594849 369372738000 340224214817 20581457480 94595401418 284987486597 206144047892 38415926178 394903766059 241437321498 426032665017 174796498426 230333701089 477004318470 373054717569 79008564895 315494178281 73312667532 190500336707 352530816697 72652142879 23272685543 278878700759 203785614631 176014746783 231041202117 480252820537 462086743755 51705174144 16878114170 148344737667
315 3578387
6900 41526 69690 83777 97190 97460 103550 112449 112881 116797 128057 134537 136125 160909 181102 197794 211369 212480 217434 222492 230824 239253 244025 244274 253889 256314 265485 268749 273036 273600 279790 282715 289771 296961 325216 341267 344494 348184 361810 373680 381735 407302 422391 434874 435769 437200 439012 442418 456368 497813 511283 521506 527985 538884 565980 577504 579695 594963 596194 629116 633876 641265 657646 669815 692048 707330 718185 721483 729583 746398 766393 781976 786667 799750 816664 819743 834249 840971 849206 863256 882419 888180 894738 920175 924257 927674 932241 951283 957224 972623 973765 977593 980299 983867 989675 1007174 1015516 1022281 1038912 1086553 1099069 1102024 1113230 1117154 1119192 1135349 1139427 1140902 1158526 1169897 1175590 1189117 1189352 1262247 1266097 1271440 1317633 1320672 1320753 1331164 1332170 1338024 1339210 1343743 1344647 1350726 1355719 1365090 1365555 1378171 1378863 1380880 1398171 1403890 1411697 1413504 1457406 1467139 1489452 1493422 1498310 1500044 1512734 1523766 1545451 1547609 1559708 1560813 1570830 1603146 1621638 1631296 1643318 1646982 1654845 1669988 1704891 1708833 1709313 1722688 1726616 1752042 1754398 1779595 1787688 1794858 1823328 1828980 1833125 1856571 1857803 1884417 1937948 1944466 1945322 1952395 1966113 1969447 1971207 1995386 2010906 2010990 2013149 2023723 2030963 2055015 2055648 2065745 2066021 2066099 2070986 2072802 2086929 2094548 2098508 2098965 2127741 2128229 2130978 2132060 2135027 2142108 2143678 2165496 2209838 2212051 2234384 2242225 2250338 2269762 2282134 2297824 2301656 2310151 2313851 2322778 2328356 2337988 2338818 2340742 2346322 2350975 2364851 2368759 2368791 2379012 2382980 2386940 2434226 2437963 2444694 2449176 2452282 2464008 2464562 2492186 2499397 2529514 2551300 2585160 2601349 2606417 2627807 2645871 2652395 2678044 2706660 2732148 2739251 2742308 2754845 2802132 2802286 2849249 2853758 2860433 2866280 2872153 2874860 2877917 2878633 2895900 2899449 2916146 2919020 2939363 2953808 2978203 3005967 3020655 3027804 3029364 3046532 3071248 3078704 3090679 3112883 3125457 3141098 3143803 3163180 3164646 3164800 3168625 3177439 3178452 3195625 3231570 3235644 3250222 3251146 3254580 3273749 3281430 3282251 3290680 3293345 3309172 3313273 3325051 3330253 3356812 3366820 3388314 3393288 3408706 3416282 3434517 3447725 3453130 3456908 3470794 3495154 3540439 3549353
191 853
100 105 103 105 113 113 118 117 109 104 100 108 102 139 131 127 103 119 153 111 116 128 162 117 141 159 141 100 175 114 159 142 162 164 105 103 150 103 211 196 176 213 126 157 212 133 174 237 200 190 145 183 184 167 121 264 175 260 173 111 247 156 189 256 160 217 200 270 280 143 301 182 157 262 132 267 213 257 336 122 180 310 160 168 353 258 248 192 335 258 288 330 309 124 241 104 211 268 262 292 144 255 392 382 322 140 404 129 278 151 162 330 161 302 252 157 190 240 426 106 272 454 227 195 267 274 313 296 213 273 171 149 400 218 102 483 348 176 440 103 461 513 127 356 334 213 319 378 145 434 382 545 235 113 414 465 279 473 396 384 540 114 398 542 584 281 525 482 103 402 153 535 273 622 251 384 617 372 397 622 356 129 623 356 533 130 261 440 464 497 465
26 10049872003
2 4 7 5 8 8 7 16 3 5 18 9 4 310 23 26 3 13 18 38 39 36 7 23 436 37
407 4746736
1 6 10 3 9 19 10 22 20 31 19 1 17 43 16 45 25 51 47 18 27 9 63 59 41 13 45 48 37 80 85 97 48 55 96 84 3 41 111 85 53 37 108 84 73 53 52 127 111 46 38 20 68 89 98 43 87 174 163 43 145 89 31 8 158 156 15 69 116 82 55 155 14 66 77 183 218 224 106 20 117 187 241 16 75 73 245 215 150 262 191 27 241 230 99 162 96 186 293 3 41 239 183 213 215 260 56 84 36 224 201 315 194 6 73 238 108 91 3 159 185 295 279 99 307 351 115 357 170 204 277 22 156 154 178 401 353 282 176 261 350 55 86 323 247 5 285 394 448 213 37 50 318 269 222 235 45 358 254 66 48 91 354 296 48 36 284 58 77 475 464 414 84 285 278 260 414 232 518 459 422 468 84 273 475 328 23 373 543 423 574 388 146 276 412 96 209 256 248 44 408 234 335 140 84 14 320 321 579 110 431 561 619 561 201 301 591 42 145 541 439 254 212 213 378 394 201 546 284 42 211 14 309 521 297 681 2 326 479 355 468 246 181 570 158 48 573 162 707 516 646 21 461 273 556 183 184 477 7 413 375 100 427 238 154 461 18 448 576 701 90 263 495 619 10 751 40 471 417 696 251 71 769 207 223 302 234 271 372 82 749 221 585 64 467 383 1 858 259 513 544 763 887 242 809 209 795 116 426 341 400 465 739 313 109 413 471 259 418 495 464 241 586 121 916 334 451 163 500 379 848 613 881 468 167 475 544 101 128 191 869 439 67 239 1019 302 347 322 1008 10 308 202 403 887 303 809 462 1014 465 910 948 1087 228 969 143 148 650 1063 944 589 1040 916 278 774 933 38 221 1096 993 1106 873 768 60 819 413 183 580 368 456 1110 239 691 988 68 654 976 44 745 31 658 1201 1100 1060 836 995 497 361
84 9925970
1005 1095 1079 1173 1079 1172 1156 1246 1367 1176 1336 1315 1295 1391 1208 1540 1687 1676 1438 1420 1339 2086 1601 1963 1995 1584 1304 2389 2318 2423 2513 2373 1104 2284 1393 1724 2114 1624 2574 1964 2194 1267 1812 1578 3052 1783 1435 1533 1557 1841 2586 3254 1415 2140 3161 2304 3793 2226 1288 1080 3240 1840 2362 1058 3273 3118 1205 2554 3311 1094 1642 2765 3942 2292 2893 3415 4692 3592 2136 1366 3345 3309 3742 1574
32 10981577
4020581 6745781 9236384 965743 9998267 4760478 6456921 3423097 10628206 5811824 75536 6419733 4229927 4028782 1979189 7176004 3136064 3787639 6171957 6240388 3580126 10143813 9937355 1144508 10954216 9671118 6175943 6311560 7049302 5247422 7752276 5199366
185 60092374
110 112 123 100 111 129 135 171 170 144 156 116 177 171 171 101 261 217 279 183 183 258 163 233 180 233 236 136 313 253 161 241 161 240 291 312 229 117 165 443 328 437 495 176 202 395 556 261 421 403 103 418 389 338 349 122 550 305 641 643 708 430 554 541 487 265 607 392 568 279 255 768 785 464 480 261 742 241 614 254 328 840 108 385 747 822 714 733 781 398 430 596 798 655 1011 458 270 929 287 393 1007 789 1125 768 1063 415 545 455 990 400 171 152 172 174 949 467 878 654 1115 1008 847 274 1268 384 122 928 907 779 198 904 1334 120 1388 1255 331 481 1370 316 166 778 792 1198 1508 1380 346 651 369 740 592 1350 1546 271 1106 147 366 911 679 1423 876 265 369 489 930 1197 619 1563 1321 201 379 1624 292 1688 1378 1358 301 1725 1216 970 1141 1114 755 1075 906 1401 1368
393 298803292340
103996 115478 124514 131895 115997 101763 130883 178422 110412 148534 152183 189730 229288 199000 219006 246730 125565 219449 190222 256208 204449 223809 206543 153857 310433 122619 189582 163099 351869 314078 340521 234140 424252 133782 307543 305659 433759 433775 451112 230654 147895 251927 104544 235027 527465 202788 128713 309325 561990 467516 295522 162907 309633 247202 625711 195943 461981 468149 101838 537410 615159 454014 145097 318337 694434 629506 350269 291659 215659 698503 423691 158297 359800 573248 523732 153462 700806 630937 126093 228040 353364 281939 863686 188376 682646 150242 127197 709121 440994 769091 609381 946529 970186 625082 592081 921090 939682 1022975 219606 1036098 624759 632111 231203 206041 210285 634615 499188 631117 346195 1024908 1064562 607692 867586 694890 621919 1208889 423346 369851 1194339 753901 257350 719541 947618 750940 324180 557396 246576 451073 386431 1390656 971527 554405 822552 917146 751454 789258 703567 540414 575308 1231843 887662 390953 821142 1512349 1370747 1007812 988465 1217135 1522969 858760 1298432 932737 1169508 461099 1568240 1300947 676004 1172744 551639 1258921 257987 780972 1728713 847099 136806 670428 344755 1722835 1607224 1117235 969787 1135335 1456171 1063667 1566571 1432955 1586440 264111 797335 1250296 1543044 729497 1009628 144903 657176 361641 292928 1616097 1184329 588322 383138 161399 123671 1041991 1839210 1653285 1713062 1858918 1526424 1127438 351217 1930201 1876272 1430787 374565 988290 1563672 1506845 120616 509217 1412041 2074102 935562 1424882 2073068 1161852 163665 1406844 1732739 2257477 1706179 1879826 2062412 2204255 2029898 480468 1663148 972381 507502 1361812 2290938 730909 408010 827715 1231634 1829476 2380886 1893769 1592190 788468 468415 1212379 170385 1334825 2007590 1315202 137236 1136995 122755 1466025 341091 407909 2562015 2343702 2133034 885349 1017741 2104707 2448456 664731 560563 2340180 2304565 2733019 487101 1855217 2568651 209088 1425589 747235 1957610 2790772 1788865 284438 698978 271265 348497 1352535 709857 1428376 374673 2236517 1874014 2681511 746898 1379892 245808 2965939 633620 1861093 1032959 2752339 1850137 430240 2630182 599822 2281395 1057807 2041442 1683506 445203 984634 596752 2588402 983028 2241671 2964852 2819879 1902699 2408310 319542 2881798 504775 3233440 547560 3083241 1994426 1935455 2249497 479115 482097 2757398 612236 2431313 3257865 395932 2287701 1011714 736863 3230689 1267555 2930753 995117 1839060 2014486 996218 1687173 2712313 3246824 3186152 2211351 3442543 1017548 283763 218616 3061926 1087370 224931 1390349 1317236 129055 2635609 552005 1002566 1681395 2757172 3255660 1002104 3152028 1630311 2628441 1094920 3213575 666739 3465854 2588373 2349597 2440905 3367937 3680213 2354544 188891 441696 2458192 570738 1569333 757520 2964453 3508699 1107829 209260 2831197 2251146 3344802 3372061 1362464 2932376 3304165 3888817 3920704 2833528 3136683 1625864
387 9062940
1013 1044 1138 1042 1196 1153 1024 1158 1290 1141 1168 1282 1398 1114 1031 1430 1580 1559 1643 1018 1059 1696 1441 1348 1710 2014 1590 2342 1841 1125 1382 1811 2087 1544 2068 1535 1230 2846 1350 1170 2751 2806 1620 2926 2635 2230 1984 2964 2161 3008 2771 3274 1450 2380 2983 3222 3739 1047 2019 3660 3693 2481 2131 1238 4210 3757 2522 1412 2352 2287 3882 2011 2823 1598 2722 4535 4016 4546 3393 1326 1852 4178 4417 1413 2304 3926 4849 3900 1552 2093 2843 2895 3074 2899 1999 5695 3224 3464 3075 1448 2232 3688 3381 1055 5116 3847 4262 5885 2891 2431 4904 5910 6455 3168 6687 5212 6554 4404 2347 4401 4214 2405 6339 5298 6743 3746 2078 3346 7208 2348 6226 1688 4917 4685 2059 5105 7143 7268 5193 7979 3664 6915 5001 4517 3333 5181 5928 4098 4126 2024 7957 2039 7424 3919 1267 8058 1127 5018 8286 5071 5584 1385 6128 8974 9158 3990 5307 3287 4590 5703 2002 8220 8698 3607 6140 4779 1931 3533 4775 4700 2454 8623 8056 1316 6724 8372 5433 1703 5958 6103 6036 8038 3039 6247 10360 3595 3968 8232 6852 6571 3829 9145 6571 2991 8495 6463 4423 9902 8690 8951 1427 2177 1661 2318 7676 1703 6030 2301 3653 1562 6582 8319 10489 4492 5216 6301 7536 10292 9235 12234 3850 10177 4605 8418 6107 5357 10267 8974 3453 3676 11656 12440 8783 10945 11631 8278 11109 10506 1240 12036 8697 2664 7769 13412 6383 2623 12293 2368 5768 7882 1072 7230 8629 7206 5463 13683 4419 5673 5491 10542 4800 9265 7783 7098 7502 6040 6672 14289 12967 6525 10411 13372 5204 12178 13630 2432 14257 11382 4915 4267 5718 2468 12057 13925 8318 5171 6588 8378 2100 2623 13237 12656 1176 3394 12172 10777 6775 12803 7779 10577 2700 2611 3294 3801 8008 13633 8930 8243 2703 9337 15254 8614 15404 13111 14874 13152 12888 15691 14904 15823 6586 4723 6915 16808 7067 1196 15611 10674 8950 6960 8468 17024 2045 17126 9465 11763 13184 18344 16976 5313 8039 17522 1609 18660 1622 15423 6055 8097 13153 10723 15669 8281 3381 4722 6990 15835 3134 12076 3344 7426 17743 6126 18681 5305 13004 18197 11637 16958 3888 11123 12247 18706 2240 9075 18058 1723 19679
253 390872080252
10147 10002 12675 10054 10798 12612 12006 13150 13043 13483 10821 13973 14461 16722 13084 15667 17758 16175 28947 26277 17296 10011 10297 10109 28822 27761 36791 33657 17938 12337 27562 18880 27079 30219 30584 33597 38596 34843 16386 34531 30428 42112 18785 10365 22230 53790 44925 38497 35966 11963 59101 29043 14292 53984 30588 29639 24136 22629 53918 14654 59876 70776 42963 56856 12786 23911 49488 60521 18208 56248 38192 57465 21114 79379 39115 25488 49303 35871 61049 61804 67690 73000 89598 30391 88563 82416 22321 96781 52411 87401 42151 53932 40562 25362 67913 11189 84546 55493 85092 94891 46443 20530 68324 67626 86946 65288 24736 79356 59822 118032 36462 68995 84774 14614 33299 113204 34616 31679 87167 19482 44482 71652 78655 88697 36904 88596 19632 12728 113810 22036 11932 111181 108895 18679 131812 49916 128220 132436 43387 113311 109929 44376 45846 83913 94240 98008 47814 157794 99998 71194 14653 135184 150733 16089 86787 87396 65781 86948 49803 120710 151063 134535 164894 11784 157540 97919 109031 95981 27990 17995 115117 78098 81621 133792 34067 75390 40829 160949 171191 68423 190889 169192 90368 71206 121860 43689 61399 67594 29159 159406 113076 60680 100644 197928 110337 199265 184434 51096 117887 35282 210792 144098 186694 50977 137061 135665 95490 54471 126687 40086 150937 192586 160482 155442 103684 90448 99695 98046 17159 56495 95551 64816 43334 161988 212020 89051 20582 70168 115690 16823 77252 235638 209629 222644 69264 45192 155818 220140 76367 66545 152384 39626 115746 212914 198107 19748 186140 137564 174156 47066 85225 63050 133912
1000 998001000000
1 2 3 4 5 6 7 8 9 10 11 12 13 14 15 16 17 18 19 20 21 22 23 24 25 26 27 28 29 30 31 32 33 34 35 36 37 38 39 40 41 42 43 44 45 46 47 48 49 50 51 52 53 54 55 56 57 58 59 60 61 62 63 64 65 66 67 68 69 70 71 72 73 74 75 76 77 78 79 80 81 82 83 84 85 86 87 88 89 90 91 92 93 94 95 96 97 98 99 100 101 102 103 104 105 106 107 108 109 110 111 112 113 114 115 116 117 118 119 120 121 122 123 124 125 126 127 128 129 130 131 132 133 134 135 136 137 138 139 140 141 142 143 144 145 146 147 148 149 150 151 152 153 154 155 156 157 158 159 160 161 162 163 164 165 166 167 168 169 170 171 172 173 174 175 176 177 178 179 180 181 182 183 184 185 186 187 188 189 190 191 192 193 194 195 196 197 198 199 200 201 202 203 204 205 206 207 208 209 210 211 212 213 214 215 216 217 218 219 220 221 222 223 224 225 226 227 228 229 230 231 232 233 234 235 236 237 238 239 240 241 242 243 244 245 246 247 248 249 250 251 252 253 254 255 256 257 258 259 260 261 262 263 264 265 266 267 268 269 270 271 272 273 274 275 276 277 278 279 280 281 282 283 284 285 286 287 288 289 290 291 292 293 294 295 296 297 298 299 300 301 302 303 304 305 306 307 308 309 310 311 312 313 314 315 316 317 318 319 320 321 322 323 324 325 326 327 328 329 330 331 332 333 334 335 336 337 338 339 340 341 342 343 344 345 346 347 348 349 350 351 352 353 354 355 356 357 358 359 360 361 362 363 364 365 366 367 368 369 370 371 372 373 374 375 376 377 378 379 380 381 382 383 384 385 386 387 388 389 390 391 392 393 394 395 396 397 398 399 400 401 402 403 404 405 406 407 408 409 410 411 412 413 414 415 416 417 418 419 420 421 422 423 424 425 426 427 428 429 430 431 432 433 434 435 436 437 438 439 440 441 442 443 444 445 446 447 448 449 450 451 452 453 454 455 456 457 458 459 460 461 462 463 464 465 466 467 468 469 470 471 472 473 474 475 476 477 478 479 480 481 482 483 484 485 486 487 488 489 490 491 492 493 494 495 496 497 498 499 500 501 502 503 504 505 506 507 508 509 510 511 512 513 514 515 516 517 518 519 520 521 522 523 524 525 526 527 528 529 530 531 532 533 534 535 536 537 538 539 540 541 542 543 544 545 546 547 548 549 550 551 552 553 554 555 556 557 558 559 560 561 562 563 564 565 566 567 568 569 570 571 572 573 574 575 576 577 578 579 580 581 582 583 584 585 586 587 588 589 590 591 592 593 594 595 596 597 598 599 600 601 602 603 604 605 606 607 608 609 610 611 612 613 614 615 616 617 618 619 620 621 622 623 624 625 626 627 628 629 630 631 632 633 634 635 636 637 638 639 640 641 642 643 644 645 646 647 648 649 650 651 652 653 654 655 656 657 658 659 660 661 662 663 664 665 666 667 668 669 670 671 672 673 674 675 676 677 678 679 680 681 682 683 684 685 686 687 688 689 690 691 692 693 694 695 696 697 698 699 700 701 702 703 704 705 706 707 708 709 710 711 712 713 714 715 716 717 718 719 720 721 722 723 724 725 726 727 728 729 730 731 732 733 734 735 736 737 738 739 740 741 742 743 744 745 746 747 748 749 750 751 752 753 754 755 756 757 758 759 760 761 762 763 764 765 766 767 768 769 770 771 772 773 774 775 776 777 778 779 780 781 782 783 784 785 786 787 788 789 790 791 792 793 794 795 796 797 798 799 800 801 802 803 804 805 806 807 808 809 810 811 812 813 814 815 816 817 818 819 820 821 822 823 824 825 826 827 828 829 830 831 832 833 834 835 836 837 838 839 840 841 842 843 844 845 846 847 848 849 850 851 852 853 854 855 856 857 858 859 860 861 862 863 864 865 866 867 868 869 870 871 872 873 874 875 876 877 878 879 880 881 882 883 884 885 886 887 888 889 890 891 892 893 894 895 896 897 898 899 900 901 902 903 904 905 906 907 908 909 910 911 912 913 914 915 916 917 918 919 920 921 922 923 924 925 926 927 928 929 930 931 932 933 934 935 936 937 938 939 940 941 942 943 944 945 946 947 948 949 950 951 952 953 954 955 956 957 958 959 960 961 962 963 964 965 966 967 968 969 970 971 972 973 974 975 976 977 978 979 980 981 982 983 984 985 986 987 988 989 990 991 992 993 994 995 996 997 998 994014 997
57 116952526060
10003456 10002957 10027413 10039350 10040427 10040316 10053664 10004810 10074012 10021467 10036991 10116747 10016109 10001383 10013460 10153842 10133705 10137823 10183855 10055340 10110539 10008927 10189333 10221500 10115265 10012324 10137284 10141623 10185930 10215118 10248879 10004855 10037546 10324662 10219467 10195219 10249272 10353472 10332913 10151134 10312983 10112391 10123201 10283061 10144766 10372338 10190153 10002921 10399238 10226607 10294298 10393000 10180514 10237731 10544500 10082027 10065610
44 510273906930
5165525525 36738517417 39952248298 48789071397 49620223217 55809545869 104368924629 111863453909 126851325308 129720897706 146774602444 154382794332 170839441997 179517090209 204751674652 212731529602 240708372729 244460855848 254551799443 262692237520 272642241640 278406322295 283962796093 284949724156 307878175231 308102223556 325375374299 337412949092 377985775956 380643583806 381543441812 391499940079 414839533731 429328158649 433220896288 440848333461 449030011210 460110311490 474004225640 474867580608 490751783754 501424838375 501541963464 504085778868
90 22900003
32027 63405 67104 851588 1412267 1499486 1557671 2108197 2345119 2365834 2817907 4225343 4438763 4453585 4715116 4758156 5055380 5374184 5614888 6005448 6543137 7136433 7192114 7201439 7327061 7555535 7693396 8020177 8263230 8420005 8424941 8492633 8770719 8854434 9017301 9391259 9464037 9909310 10317617 11060298 11606144 11642309 11772728 11777952 11825599 12184004 12195559 12257160 12268539 12526491 12693692 13332286 13389144 13438125 13898085 14104658 14224656 14802334 14908573 14980392 15316937 15322499 15440469 15468456 15656629 15912454 16238621 16254716 16308492 16352125 16928268 17018389 17049732 17225055 17470795 18486949 18544706 18745674 19487763 19537315 19654703 19831303 20182935 20777938 21043515 21121501 21630782 21959102 22561586 22758421
8 406
4 1 10 10 8 10 7 2
1000 77578853
106 115 105 104 136 137 125 130 150 107 157 189 155 123 152 255 166 143 204 241 225 180 322 200 348 208 142 159 112 172 367 193 107 222 290 306 466 280 378 288 391 438 436 377 490 376 171 124 474 280 324 204 471 216 195 399 521 287 512 419 385 277 485 383 353 101 673 376 278 353 520 779 524 446 842 426 523 247 165 491 317 696 237 553 358 465 744 787 396 985 511 610 495 389 182 296 780 663 286 197 628 1050 781 177 132 324 722 1134 585 693 814 241 798 889 1088 167 1079 450 757 702 579 1110 461 1215 1030 440 785 419 304 387 264 1140 512 623 173 197 198 1477 703 663 457 267 1323 1284 1211 272 104 301 558 1299 1270 183 1002 478 914 965 746 947 762 837 419 1304 1126 1487 1285 914 1664 1442 157 1408 732 1692 395 1301 1835 218 972 1594 623 825 1667 1716 914 618 868 743 998 141 1162 1517 365 1513 881 1455 1544 827 1816 487 541 1544 358 1132 868 1228 397 1276 1573 520 1678 790 1355 559 436 1160 1020 1642 766 1063 1704 1861 773 1296 598 172 1911 184 1415 1645 374 2101 1612 1830 1319 890 1813 1753 2382 356 1936 933 2216 1207 1288 1454 855 2236 492 2179 2436 1627 106 1183 1709 2134 1292 680 1958 1308 1396 1605 1741 2506 680 2039 1451 868 988 436 2240 1477 131 278 2351 2346 1640 437 1368 1336 240 2676 188 1575 1616 391 1065 1803 2681 959 1110 377 1079 1458 861 1247 1818 2823 2031 2729 2988 1605 2531 871 2184 2859 2805 1847 553 2547 803 439 2456 421 2343 1670 920 1496 470 732 129 1432 567 3134 1720 1627 296 2979 2682 2067 3297 1115 1185 2800 2459 486 960 506 1827 2205 986 2835 3447 2782 2583 2330 597 1164 3528 386 537 2972 1573 3573 417 1778 1010 3118 1958 1659 427 2247 2775 974 1333 2822 1537 1539 856 2466 619 2365 792 3228 956 2559 1556 1921 1933 3564 346 3558 1950 3689 2396 3035 3777 1176 574 190 2724 1342 1686 3165 3246 227 996 3423 3987 149 3438 272 3479 2245 2426 1087 2806 596 156 2998 2379 2883 791 2558 3508 3785 1769 2867 1210 2465 3252 1870 3926 1606 1961 3911 4105 1869 2090 2101 2177 3485 3234 2005 4266 3173 1913 995 4303 711 3911 1413 521 2770 4349 465 2555 893 1988 1627 3492 3394 534 3355 2498 1489 1572 1949 1258 4510 1456 3816 219 845 4006 4112 101 2376 1697 429 2061 1416 1974 1337 3806 4413 3100 2414 4426 2629 722 3859 4392 3751 734 907 4513 2016 1007 4899 2156 1351 1169 3572 4546 2623 2487 3852 2084 4290 4609 1450 3947 1370 1160 3052 1119 3034 3533 1744 771 4229 194 3197 4154 2695 2202 3312 245 1945 1698 4068 1208 2406 308 4239 1647 1236 4013 3192 1042 3990 4574 2761 3281 4439 3075 854 357 2586 4431 4784 4917 4599 2439 376 2097 5012 3743 3758 1163 184 4456 3164 5361 1884 3565 4987 2798 4220 3563 2490 1243 4876 569 1247 4727 516 2861 4138 952 4499 5424 3439 1054 443 4645 834 4344 4928 4360 3390 3562 464 5870 1222 1567 4052 4695 915 5606 3769 2255 3642 1116 4593 2478 428 3593 4030 4067 4111 1914 986 3116 5331 5530 2612 1032 3922 2225 5831 3808 5924 3710 197 2909 3001 1191 2605 1708 2416 2335 4949 4183 1316 4351 1160 2031 2987 464 1772 641 5320 2692 2436 4895 2923 1622 2003 4960 5986 5701 4838 516 2581 4666 3848 1191 3772 5182 3211 1138 1182 888 3000 1312 4879 448 349 3068 217 720 5771 6462 5811 6459 1022 5765 4289 3905 1633 1459 2302 6770 1969 5383 3958 4458 3760 6697 5333 2869 4786 175 4577 5807 4085 6137 863 1251 4824 3078 4653 935 3931 2276 4742 6753 2975 1557 2375 335 4203 4649 5028 684 7031 2752 388 5226 137 4166 3302 1773 138 547 5789 3719 4338 4494 3714 6718 5783 4372 7121 5842 5759 1389 6335 322 337 6866 2819 2612 7321 4023 5586 6874 5274 5266 5354 3943 5968 715 5272 7230 2420 6359 7224 1592 729 4911 1547 1683 2152 1368 3416 2308 6974 7139 6956 7668 598 6493 2192 5926 6523 5732 4888 3395 5470 123 7550 4646 1798 3255 7251 6210 5134 2535 2893 4479 6347 3577 4516 5090 6364 5763 6250 808 1825 2814 2341 6391 4787 3143 6884 1193 908 3975 7360 1111 4918 4110 144 2464 2758 3511 4360 4486 5613 2601 2891 1510 688 1347 2334 433 3695 4811 5886 3204 2185 7974 158 3439 1186 4569 1592 7920 2443 1922 7187 2575 1535 4304 8094 4851 4859 2280 3484 5671 1196 7452 7389 6368 6767 121 3689 6733 4184 8274 6292 3328 5295 7251 7386 7832 169 2120 8428 1137 5533 8677 1771 8597 8414 1361 7571 231 6828 2485 5542 5207 7516 6657 8395 7640 2381 1832 7690 6599 363 7414 4303 2619 5609 312 8642 8905 4372 6032 7087 7683 7001 7129 855 3643 8009 1675 3361 8565 7862 5441 8625 5375 9080 2842 8181 7389 1794 8227 2661 5883 4985 3487 1388 3386 4919 8640 5437 6427 1031 840 6708 183 2878 1777 2631 297 1731 5926 271 6398 3448 5785 7548 1432 7621 6064 5268 5915 1036 3090 1514 786 476 2481 368 6751 8916 7667 850 925 2722 6863 7679 2153 4989 4142 6965 8957 9306 2991 5922 985 9542 4732 1470 1825 3729 1676 2765 5559 2896 6088 2361 630 6426 9617 2884 3402 8992 2403 1481 9134 417 3169 9822 2426 8071 9422 6458 1528 1014 9637 3521 6244 597 9038 2896
55 158636816780
4 5 29 22 35 42 24 47 81 89 2 113 47 15 122 128 104 139 131 149 209 11 209 237 77 160 181 121 204 290 286 215 208 335 65 207 280 133 57 31 97 46 373 35 396 424 310 176 199 113 148 344 457 473 493
145 93694933
2 3 2 7 3 2 17 20 28 30 28 26 22 3 21 22 28 8 28 53 31 65 44 33 72 17 15 12 86 42 35 24 47 96 82 89 83 97 4 59 36 117 43 68 81 17 122 6 107 112 151 139 56 33 138 47 81 136 109 43 94 71 85 10 24 170 8 147 22 195 8 10 203 143 133 200 2 25 57 191 153 151 181 32 132 147 115 10 259 39 117 85 33 47 114 122 22 70 33 290 116 245 32 149 22 126 314 308 238 207 115 257 284 264 184 180 314 117 168 356 100 120 109 342 60 322 226 284 366 337 344 389 11 398 45 7 257 345 34 306 246 71 361 419 226
885 300616204002
1024170 1109689 2122798 108147 133869 154984 159479 112960 134992 173098 102190 186520 114926 156024 229125 171683 165807 212228 287850 291334 267672 204896 281357 2256397 287656 327500 342235 110823 355243 218930 249047 182028 238718 426439 390756 358633 378142 352582 172004 495324 320328 147478 163178 162300 334845 445900 538402 355451 509167 175620 227646 459413 307933 633556 342418 649895 642622 331000 595011 552412 261602 429086 551208 581596 519720 117966 318606 111850 636919 529802 459250 562069 254579 675280 705981 1 163257 809815 604658 844241 429105 552796 270212 397573 265599 520183 639581 340315 488137 397448 692484 557097 1022498 314474 972261 201340 485091 783663 103288 188227 968008 252327 1124630 376832 128088 822195 455302 706016 326670 877585 690462 882385 945835 512504 529135 1154005 704800 921655 754329 1289432 287905 526859 1272242 731452 524991 1183195 1118630 1191943 237384 962430 1490130 1295930 243424 1245838 181637 1665561 648379 803440 681649 1270148 901807 991709 521046 1309050 1454880 1539633 479965 787140 357372 107619 1352770 1578018 1622084 1542321 431471 1032547 1194596 642943 1193401 878740 692468 1643538 410688 1496530 153815 1344337 190108 242841 749164 904861 894406 863369 1283796 549237 298370 164960 212067 142759 204762 509341 522275 1801971 157566 619749 1584393 585707 1646116 1815041 856806 1964992 350373 1900253 161420 1520820 892116 1289776 565438 381189 1768151 332930 887715 1244445 806730 1391672 630779 1106714 725725 989717 1915963 1272372 1589746 109599 919048 591335 943793 2138145 744732 929191 938936 296114 485020 486244 1019526 631523 1827734 153433 1562273 643098 865868 174471 1084271 1420719 762718 519525 1166466 1043737 781093 2074224 1414927 870099 1681390 1723581 648063 2529743 655438 1570831 2372474 284908 1943839 1150330 603477 2087709 1109144 983309 1824282 2500811 348639 602477 1131774 2248899 710544 1511245 2672690 485036 434626 1875912 2320822 1910877 2115488 1339249 556165 1827644 2790887 2456942 1946263 680094 1405883 1208966 1886734 622952 2161082 2857786 707106 2907844 2129766 2601481 2319749 293346 1242177 518155 2706702 536468 861242 1070655 1016545 1651180 607859 1209015 567902 942871 2109146 2411201 981963 280728 2556289 840805 3074491 3020321 2121745 1790189 2591752 1266241 2976111 2105125 1508147 1314976 686578 2003241 1246247 2672220 1682555 1711456 951841 2605157 2887443 2817772 1101662 1433475 2513691 398970 2289927 2235439 2131548 1613357 855960 780553 287718 338888 819365 1283393 234830 2926684 3439335 2761109 3480851 3530776 1166059 774324 1610226 3062813 2379973 2830406 2453224 494411 1714905 1544366 3074590 1207769 3312797 2345432 1996794 1408760 3470448 2995665 2296958 1727565 2912017 3477406 1617106 1144094 1500787 176761 908124 2847015 1195328 1285502 2103384 144702 2547468 825474 2161025 1500424 883767 2161211 1703138 2517735 769469 3439734 794945 3460748 3053282 3238607 1430041 1795687 874178 2880215 2123758 3614403 3155944 2678407 2676449 2900700 1836396 752969 1465345 2489880 2216006 810802 699064 2737487 3424293 3709084 2368318 1825540 1732940 2357510 266946 3782264 4249474 723268 826027 1716128 288896 1160647 3809626 2143437 3751243 511164 2146970 3399731 3275951 670716 1599985 4236807 4346188 3360586 4060378 1855468 1406244 1895272 3372033 3912104 3194314 3174011 2939234 2078890 142827 2514399 1180832 4579735 912415 1901902 3365869 1626688 2644300 4353420 2216788 4353575 2248641 3950208 3390244 4254908 2310251 1242801 2282277 2113609 1914124 3020375 4582956 4380333 2048158 4166374 1428281 364882 3682000 4269589 2408363 3932023 305917 1467438 1801482 2157109 548490 117548 1906906 1447101 1352315 981813 2665403 2835355 3691475 3221082 2595816 1313182 990466 4136468 1679368 4360972 776210 898188 3527910 4072060 3024626 3440411 2595269 778804 4859762 3009060 4471897 2273906 4150568 2451870 1170908 196254 1255869 2820711 709150 2894669 109696 623943 2603933 4515059 2334389 2937046 4752433 3348836 211202 4613156 874566 1472544 2058084 2281814 4134317 2631866 459961 3162100 808559 1319384 2529423 4285046 213601 1386848 1104628 3685123 3648849 5550193 4231240 1198803 4445238 1608433 2085598 4807468 4370769 5509463 1684392 4458821 1830795 1349607 729944 743351 3356424 4509600 4929854 2160407 2104709 4228231 1491006 344004 1557868 1831876 4514453 14561326 3199816 2031583 4855973 253533 741174 5484521 1115250 3135075 1919649 2407223 4174514 571693 4231558 2312448 3511768 4566264 3653865 1319421 2617275 1288585 3376959 692110 4779759 290172 2968555 4510123 2149968 2083603 5221217 3096079 3861164 4642485 4303941 6089525 1691523 833184 5399588 2810129 1263242 1018926 3882268 2896313 5712420 397890 4437472 2461714 2683110 2083878 2800262 386456 789192 1350364 1101038 5375149 4123625 2432660 906286 192567 3295253 2348632 1352584 5467144 5702764 4527723 2557064 4050209 5764916 5920962 3563440 415241 3818410 1415413 2197120 5187749 5432477 1480810 5800132 2938820 3810547 1379350 5749114 3947714 4093145 2621196 6072511 4007175 1051608 5524372 1507178 3612485 3461065 3822578 1484871 1262845 5081438 1825741 2937732 4672879 4549149 3343567 372109 6580333 1984676 720385 1740638 5303711 526521 6699863 496994 226768 505161 4596921 5054251 2605792 5422532 5671444 3401504 913432 4204687 2048148 3865091 2177852 1790155 2951692 3741997 6473206 3208238 1537424 6129638 2545730 5518417 4038801 6922694 6224672 689995 2510231 3566915 4273484 4092614 2363615 5579523 2074318 4904189 1231420 3838246 6445213 3269798 5232766 3390814 1886855 5493709 7139534 4114445 3418823 5783709 5945747 6161699 7153941 5035082 3699187 2510611 5844504 1174323 6827141 6348901 1857007 4416768 6129126 6815715 2495869 2926285 6792492 5364306 5287914 1157878 3943441 1509673 2579765 7256836 7516543 6490294 7429991 5580247 5029802 6519014 3683801 2081104 822861 4957378 753157 156053 6616652 4106316 2455184 3032882 4014611 303771 4332180 2683528 517844 217077 5931681 7762011 6889368 2939066 5281052 2272284 7075621 3171938 1284310 7130054 1729409 6708970 1344885 7019743 4102670 636444 2038552 7818487 3577567 6685130 5032505 5597254 7909471 1055009 2920518 2334605 896025 4903542 6489154 1636545 3984091 5182516 2159568 2520899 3740803 6748366 4942204 6059919 2074404 7742291 4753298 3677473 3955977 1250274 1 914948 2600117 4791058 3930809 382459 1630026 5783569 7343792 7471432 3968539 6626354 6863518 7998934 7264822 6439472 2781689 5107771 5818395 7410192 5953516 3509136 3885793 3162248 2884964 2830612 3265860 3396075 4829551 8394676 5742067 1418033 2303464 176899 8078932 6029405 523113 2983805 3509219 2881183 2428871 4205138 7170209 3321729 6910011 4560812 4635500 7563 4773764 3420792 7586154 8530960 8896 4159186 9306316 7174929 6324759 7337458 5927851 6105340 796347 935545 5855702 5789909 4656771 9877509 3592353 4595153
359 331870001525
10008011 10003697 10010247 10025862 10006916 10014597 10015727 10001595 10083968 10094730 10077840 10018223 10094620 10049932 10065955 10043648 10006304 10042070 10123848 10003028 10187579 10089246 10117455 10196403 10170480 10187469 10005364 10050481 10199258 10270184 10152568 10304723 10267399 10058941 10310774 10106516 10042893 10010839 10353914 10209547 10061878 10075387 10143908 10252583 10055677 10033839 10367932 10316295 10179041 10277169 10411398 10293575 10082695 10299614 10093121 10010303 10172690 10236372 10026933 10531296 10359341 10508816 10609595 10268781 10052628 10027405 10039866 10587496 10008488 10029288 10470943 10008379 10393937 10449067 10529830 10337020 10240380 10281990 10538749 10753309 10405065 10307992 10263590 10355580 10268453 10834888 10629315 10351052 10612704 10469852 10102545 10544990 10183253 10179286 10102416 10682223 10145618 10570161 10664800 10310168 10120523 10072556 10585558 10445613 10216585 11043626 11035784 10269179 10543149 10367398 10436357 10429270 10025117 10779205 10058632 10175625 10031380 10763875 10611662 10829825 10967672 10732308 10574473 10357146 11068057 10134767 10550346 11221786 10036651 10573538 10714092 11092281 10930613 10338222 10119462 10755020 10337030 10992450 10641520 10303664 11386447 10961005 10618376 10729705 10667165 10855490 11305866 10906517 10701658 10267297 10704850 10644860 11363321 10001056 10446750 11285558 10317314 10531496 11282448 10396023 10513300 11594087 10169341 10225823 10675617 11069238 11482506 10738509 11397201 11547817 10017909 10040377 10211108 10745459 11748226 10880167 11581376 10864166 10161520 11293410 10830767 10785275 10094186 10267403 10437556 10822230 10362012 11346683 11627234 10215061 11342143 11609006 10233974 11165065 11935115 11443733 11771463 11259429 10411035 11457482 10310395 10909697 11523574 11876935 11578568 11025333 10395487 10504115 12036952 10146459 10445839 12109526 11754869 10892061 10322479 12121768 11011208 11821101 11968536 11730053 10270994 12103650 11192134 10140789 10216420 10170144 10339464 11680144 10912656 12121563 11053180 12038702 10424612 12225273 11731923 10225337 10567441 10265307 11196936 11231249 11447430 10709927 11111533 11600533 12293822 12158074 10528934 10448289 12382605 10426013 11557035 10235018 11885659 10468614 10450602 12043211 11827999 12227485 11603400 11471271 11808568 10036249 12094858 10129360 11249406 11753848 12033781 10858240 11788221 10376107 10746696 10587886 11272817 11405101 10304374 12322769 10434732 12198470 11765977 11499783 10329342 10652655 10136916 10960086 10663132 10485494 12431437 11240475 11815513 10419029 11605292 10954074 12835907 11344311 12302852 12295097 10742605 10660199 12192703 11393490 10631242 12146144 12245554 10175209 10148876 12049193 11302533 11650346 12464808 10383139 11307637 12123076 10149904 11278064 10623808 11378430 12205545 10267788 10421674 10552528 12775673 10670617 11163028 11744748 10194159 10642647 12169422 12631819 11931246 10075107 12798751 10015828 10795945 11481623 12046239 11504089 11802408 11662440 10716738 13215785 10498751 12125576 13245702 11877606 10663669 10742014 10967036 12325504 12360413 13019532 12879650 10542948 11068367 11685813 11992326 12892177 10474504 11185292 10593199
96 646416077098
10602 11563 11559 12339 10999 11617 11437 11233 17554 12382 19102 13567 18152 20922 21326 19900 24223 24686 28832 21854 18024 20855 25582 22069 10178 27214 13903 21192 34903 20377 39358 28319 39218 43596 33304 30224 31531 46573 27025 27009 31880 27774 49410 35612 21582 15830 56614 49771 33214 45735 21645 41096 56360 35123 56944 51211 37743 67333 55554 34029 51483 24167 57269 31818 55627 35289 25442 44414 54832 18348 28264 67667 30065 46482 10260 75899 13882 12165 58136 31035 60049 60654 15480 66985 74287 72928 71797 68657 83589 34374 52355 10096 87810 100894 65945 94564
1000 1000000000000
8064639695 177752207983 123 634525408889 173927747992 20481558663 424848119601 48599288478 989220716164 244466769216 125828412596 340023580561 406170326255 754903796378 356063585663 349226742269 849508786672 28993270879 547066161062 427330142577 74541055103 976638937024 947802194346 200489859349 999003984994 367389105879 65145913609 924676167794 357253369930 358707579469 686861046144 595569081455 309108439416 256962955261 873537273434 841849606293 629106153758 397533836293 299195778898 188855244927 109856645264 556766807051 340655018786 991449778612 634608825427 115995217372 331993445279 824872383734 930169470905 468128611799 394117576584 373979032080 262809259134 840775906604 257679682020 467677564941 86507193024 528212456651 100712680265 308100462692 841515958120 660229027659 342528488291 847703128962 973526188730 468655714625 931679832998 362359903408 318860725685 432624582784 365232867398 965236605288 651194328793 865372403526 39858793208 697519876171 108797227582 467233959841 480207411850 401229362107 535606582338 30481130860 145479898299 386741372505 128389775215 491338265982 440193875847 193832887000 545802136311 305244646983 43076473722 682093817571 155994466837 661266924288 66945948672 771991570248 613355815961 329597394017 686773810045 57244345886 626462242679 62659713932 1000000000000 306901825638 597171786197 608387425947 495945861479 634923129158 753152821699 765750998349 137206486647 885085292795 471928404808 320181161185 814020465173 130529416490 724678961391 320903064131 451726274805 459464881581 865270958248 163356465713 74986107192 88012039242 243190912913 388060221619 269074069428 332443535073 448696392629 744489212308 774835011523 629380285963 299853433156 934401364252 53932464075 489532007785 271227376718 467450649062 56346967486 363037097643 163567395819 907276609827 246626213361 842308500225 520019821211 807388673932 498807626438 41213052139 499205868840 875857558947 219239150318 469891588346 558630905910 958839225187 766149940082 293450691114 683915148202 352873142597 11429789512 193265374228 648769279582 158469471389 395062063580 659450462669 860148573216 572941247190 978245316320 645412983863 528083637254 487924155469 857833156497 333020419869 563328985549 50007161322 557541214421 192690993493 80094115409 316167667886 389371873644 32808312723 694624755983 178488789898 2816095159 797267147693 785274855891 11420412990 717044143489 654894189282 218493145785 20096793139 446429580085 937215993516 199983920076 576070514 348851862949 515472998659 177231635850 532140629371 871814263428 22625071496 868947506570 435526833745 933050797951 735796475550 385837701016 564992918221 434038529884 476274575302 252940272853 908722599779 973419726232 40837611079 104129153268 576143446394 429562684153 724611766038 730153471708 218643223991 260058420093 95174314262 775193386613 394876413504 571368976552 15179541775 369764553732 409528477622 75974610479 754243609655 660484294495 732683306414 740034969482 127111241435 529443344581 733182979546 653274954410 223422057564 69604872995 211568617344 606751889394 699678182980 193210132885 51096457311 827534744749 558095554913 302782193042 907090225297 220021392511 194392680878 310490006906 715406321320 532721233856 832509041979 781049850680 511371192324 934595940689 275306935967 53268325669 404578662711 376771826123 438601502320 690527411445 437488114479 874030441902 897733401452 295994427906 399355399062 120443704919 939449612260 804267556036 640252252816 275521550655 634466456087 617741781283 40430376998 516225210462 30197775975 201344478698 379377699767 127614573995 227761688880 13544086378 370221646818 738063222283 309962600610 510589599100 163794635110 446129069827 286898915005 836067703696 142233046773 366828099765 120842702335 359356675681 142405216724 700770097072 904617994201 279695793922 991986944605 950790324160 56353844781 4629609125 242736492959 362009377388 10675803480 600419614208 113960334963 889527120098 930628141352 521801892359 422510410321 883245969811 433307960245 446305997637 918775989590 374248232618 425712337938 943722865628 639747486252 910600193374 39285521664 325548685157 646579407121 738295381369 618770412448 806032168254 10483839909 523522915063 813401938094 569844955882 313371149156 731510911489 463366854828 533072636452 487950868608 375838635269 824803171350 937344059786 149613210118 928903239076 260764526796 805763573005 938899118380 723941553419 563240402186 677860533679 31558656017 509188753763 150920448929 867582422828 950299990834 598493153245 510029704945 916230475606 81355944116 597730024737 23167599390 677939166557 803649738120 434837044563 547560608336 695774269481 906274520659 937974088040 564197637094 60585501602 825280401017 657771886833 460724933199 721222429575 525066088639 946105602954 391044507124 660456165144 159942294362 924823772444 940825791015 255706185053 153607534606 311655582953 93171296318 88353270377 317685036491 865449622704 127100343118 332128270241 390357417526 933765295771 190463882052 603639586968 674331284303 366415727050 666371723703 796740458341 156976030870 726515451727 730323342319 830193113077 81594791557 469300994879 326008088010 965319033224 86127569263 125958855275 253730939306 380606119274 646526837570 871308876029 192753287518 352268222473 909808177445 656122917685 190199730847 597726954294 197582502109 59282459152 901077440811 414890672023 307022482660 719128603159 860965401193 628676149007 687202896836 146616095487 602077788984 741490330689 469127568055 230660417024 666726539838 55802992758 109388940259 294133615977 277243192037 479714068217 179619396799 211591131285 91987183746 713293182015 208817559082 543252111687 859307948789 539987286980 852208731449 858408839373 556967626695 690873295160 67286432783 928995634110 608454528216 775440466313 663477107961 490843794341 88887440657 783157819859 944151569053 889180566136 891500872355 482633270093 58468075424 823830831841 87852195629 427269915673 813345302245 818936498213 59604991685 674405535741 731583608906 220798208119 48628381669 645321340824 55535453436 816155266301 540854600392 282413347755 577108456334 320067248449 181298970796 411378308782 498019901598 881611748436 942707855183 427945444492 501022330664 237535098367 673253340699 663389950714 219928640170 783662108016 763525802273 949803852998 182051440703 282556524708 450877242217 744695566976 447306891473 747072593318 642717587465 357745331501 154164289793 468205945843 52702036329 539115428232 338791625844 799814476620 259382650158 958315596365 942191013303 566519728762 558355237247 565768563604 384471253751 277775343675 112547555272 571089519694 503577281864 445387828878 696800663498 984696582046 752436987703 323472227446 180602596873 922958228229 870851134460 233495090894 644780103795 534927997758 775796284823 207636825528 611472040198 827791499531 563998046839 202500897516 202619778786 20263459614 663614377638 943926861808 85037627078 785750203597 492404659693 635686171037 459225634157 759268623666 313473600675 897216960761 484607806483 309976628674 501537870145 478616381361 209479134403 965779073635 427222446143 847099176950 320684877013 373600969024 711866367043 344492162090 282020564317 497130003463 221334850961 163222717803 840737020339 620704527278 120537247783 897264510462 44663422861 935119778370 131916028215 93355863439 778042560129 510548989025 391128996724 276673569848 204242409079 806118602916 34564567880 381343452121 609170026987 689449915994 723555634344 540491569083 734693635810 354453175131 468693775288 578998956474 925971238174 717396922134 222472879206 557321313693 65067854554 767643271284 901843563483 479382220629 169077353710 107461848998 465827292525 447063034139 504656941198 17729372271 972573569336 855740425312 629765618144 641721012447 759527636125 852375271718 236436744131 94163613148 942717611837 712788574694 935570353269 853256969033 471236178783 158495067640 481575794362 611534210285 311635405634 130913688755 52762430913 360020699261 616488925898 137489526231 106395611354 304194528033 423932230821 399469302108 155761124462 765285937985 766631394344 942382439894 961198229819 132310561233 442406110823 149268399405 781261915824 66910679765 758217919885 233957201027 119162859953 763525621204 683002452558 472464103211 448016106362 487081691927 32686126215 164935262712 26240663486 29706150731 284370105245 467014629762 66469793192 634203794652 987696705411 676072679040 307696295818 648067280313 295113077939 11451825465 63355104982 82249535380 338821180022 680874693237 248664240110 689465827858 955704521547 167945969962 710852577214 145707656349 465953578603 493283386587 362844971779 938941865403 254962245678 529860280098 186019227575 101250486584 164449326394 235893536691 817269200171 696842496211 423487304302 658678768425 725114358990 465001833305 495030430515 642123223879 201567197143 908293912273 732117706920 932595024970 683294463747 553944876203 296917464372 279665084996 587419771575 303769263689 285299287399 152610325798 336671733053 439921494115 156728478976 313505824787 647389804872 176157008095 521972630443 387048195887 513319230565 194283999327 236783594156 56222890672 630676664918 169970751075 476997526136 643795008337 435579676878 627969276289 745805374883 622068103854 446376925202 425457205068 814223184609 582285215726 805227397628 132725546819 480794875082 433489569483 199686429133 739131382378 79767112946 329658078174 276418638556 84168477254 530498891697 237737999497 529456154468 614558781020 883313964793 897621105432 782564449892 960139788762 187220605731 570914054215 493533931644 904280896782 258248334955 902379217499 562465958697 32498593655 112375999125 794122364499 397234530346 679700151787 125802748093 95434446205 281383212711 944897311955 571159280722 709059441617 915339940877 862883331732 225799832128 734949133617 498422551310 738640296097 276792421041 800865879009 764524175024 801288001460 376355131835 620827709979 180840467796 273059492267 108350504292 104181456771 104849325952 555838838175 652282245771 26810594439 888765442188 869881624055 856574343998 342226495638 63435978463 263090327959 924457769885 648884512180 576257852479 948742849106 9659479690 840651826293 760394270037 22306386690 406372099840 254317287681 802052131420 107621473764 913229277497 215619784495 893937941020 252887483128 741472904405 773532739677 760656049172 953161774291 338749313580 927762892853 549335387240 934866864340 420730490705 248372387649 571044169612 712631388196 97583679487 77210959043 696350276920 170135757198 722894476677 41172920704 173487904289 813386678898 2919391150 874947609056 288683998869 253150854664 565681006427 14730782079 559745118689 568830616302 312478453435 639763140205 973817426074 605246709894 482804169246 721917224548 206524878851 883739283784 706834357373 584338383009 58845258010 321883179956 343762275166 501150432198 157183167636 258976745919 172035092485 802102730883 219092665894 204734563561 906847566517 989711289270 832623517776 734370210343 182128300431 724245328521 268855344916 626350244294 231814716674 928118361070 873352803825 661761088686 824279093286 488688901318 256687998390 742905034183 950541150832 857303221913 234539291307 205163001809 644658734562 219460681423 92593653485 980143938838 626444432547 737972740795 531218243204 381494956431 150560142153 556844598991 282238949663 625495848407 452216701639 356135857714 645706936887 769097813886 933693922384 14350227098 982554812783 377776090838 248467198613 359654203134 149022057827 307446246969 58291408766 424744656355 927300565919 547892175505 516198654381 360535497008 279661672475 839410275628 304828357888 826907635739 514213418001 649387124837 96661876934 537899430419 703083164229 783231533871 99273688882 442965298974 422999215470 827996977206 210895044349 741088268760 964064257049 722800164863 549508087489 473331557599 360718475461 788694254166 286605823062 64999043760 521783630570 238851311498 733396354155 235942247025 11517903527 168308613802 659663726565 625424105009 40605380106 651618575027 441690064407 245155179838 991736109584 578189148564 644248646115 909100654052 782578290231 596945778285 53645658772 794363431857 606546148346 722393910786 805109552530 562248194115 606853189661 268710433190 685003092308 499712339894 997940849210 996295609505 161236304959 36780840519 430366682836 269130488478 126238352820 771853048704 568786307590 961074849839 849145698335 340655076170 197398960220 674988537212 376173516325 478767625660 218288720474 538329466007 603701862617 438718020839 703065605111 608979785737 289357388384 440726331594 181851264741 885224298188 123999932941 978295319536 227555323800 324449470260 434350213699 316392921156 175150470660 983834122021 502143446053 530746042458 212729526669 555075095125 992249269486 413924023011 294598786221 517458711292 441305381330 515985861555 386952375889 800601280431 303183003608 464407417294 618574726736 274314610915 742066225049 141137571238 1000000000000
3 27
3 5 1
57 873556464914
10881 11244 12643 11179 13084 13354 14712 16190 15134 17646 19222 10191 12312 12901 21244 17956 14255 15661 20986 10552 25753 25484 32525 16608 14485 34846 33754 25498 14054 18016 11488 15901 30663 32595 11899 35349 24472 35307 32042 44039 23504 29546 36392 25013 25537 51297 12094 38743 37027 22029 58717 56155 42577 21547 59562 55894 57640
30 235854142175
5 15 10 30 4 16 55 25 58 49 51 103 29 7 20 30 32 143 103 184 77 127 173 153 236 167 102 27 25 137
7 523
11 11 19 10 18 14 17
36 297691600521
10006537 10002597 10009441 10033985 10021946 10011479 10029314 10032148 10073081 10058529 10066994 10030238 10062913 10069018 10149939 10031066 10014352 10162830 10063631 10079145 10045216 10053204 10057461 10086502 10009876 10022282 10209109 10262379 10169541 10108655 10031213 10169836 10210811 10015431 10001758 10044849
447 397508166517
10006797 10005636 10004514 10033775 10020690 10040158 10003544 10066527 10078164 10090641 10007656 10091652 10021784 10019561 10007380 10117065 10014633 10069041 10109122 10041173 10133034 10185779 10180272 10089726 10070259 10060051 10192557 10074607 10050662 10224505 10275116 10043566 10200240 10074092 10048711 10143779 10204734 10128887 10055473 10097180 10320059 10238994 10201918 10116603 10189380 10268399 10226268 10206695 10265146 10140840 10150375 10355206 10275129 10216293 10513475 10197994 10455214 10549414 10261184 10298199 10523836 10550215 10036972 10224531 10218820 10522933 10375144 10468384 10299392 10199866 10604558 10020539 10165667 10081510 10473949 10056000 10335618 10721949 10276319 10463250 10203827 10084035 10136263 10171272 10461246 10760782 10613226 10668489 10649385 10304279 10024537 10535150 10736849 10045802 10682792 10951606 10915016 10561932 10688522 10953863 10601844 10977044 10518339 10939367 10530960 10691224 10498924 10763513 10393728 10313494 10202653 10539569 10942184 10794533 10624747 10776854 10733656 10095351 11188344 10595448 10164457 11087589 10452804 10437650 10079624 10732616 10595535 10846492 10677117 10563250 11182418 10398330 10940337 10290130 10354871 10033364 10296603 10940797 10299631 10333070 10183065 11367025 11316456 10398080 10757870 10875797 11215508 10824461 11043281 11371957 10534711 11410916 10087697 10151750 10904152 10986552 10664412 10986451 11254667 11154243 10828376 10584789 10285726 10949586 10789660 10763786 10203203 11158306 11029639 10981594 10595308 11300060 10011480 11026791 11639208 11746518 10098700 10042613 10145089 11357736 10140899 10069851 10638905 11698503 10348213 10509236 10141100 10504989 10240718 10277482 10120724 10462301 11263195 10118844 10919767 10315812 11141246 10329213 11641880 11995641 10340839 11184330 11981748 11795020 10524680 10476696 10167893 11242098 10529108 10677555 10667708 10411870 10087956 10845190 10571234 10617383 11364148 10281323 11198081 10647163 11539340 12002868 12081342 10483087 10600204 11427246 12249969 11452941 11883837 11324502 11327446 10475678 10428343 10229396 12117963 11815443 12024832 11507626 12334251 12331917 11128595 10399653 11344502 12285107 10235381 11144102 10360651 10071007 10941246 10714398 11373272 10178018 11711085 10496461 10444482 12232356 10488385 11346095 11652616 12098273 12045317 11045309 12436202 11335639 10637055 10838864 12223346 12460240 12186089 12286120 11752260 11676215 10745686 10604855 10350924 10373590 12370091 12621569 11821055 10758313 10499874 10503968 12519863 12569669 11931915 12645479 11802221 10412764 10901136 10463475 12532779 10492354 12046701 10055482 10150907 10285747 12193961 11000758 10993756 10333014 12893844 10588049 10851140 11522855 12370220 12890258 10369951 10123523 11582206 12130810 12265739 11044987 12857658 11470931 10687022 10545203 11227443 12335577 12913459 10012978 10175778 10442067 10619517 11947803 10741331 13009591 13028355 10053118 11935011 11474334 11385106 12971130 10656303 10570944 11177610 10649910 11779848 11434270 10802426 10265911 10475787 10027949 11072134 11188707 12594303 12319607 11373587 11658403 11123695 10772189 12923947 11242171 11624052 10004909 11125609 11633421 11311156 10834608 12080333 11700943 12818935 11134874 11524381 11273630 13308121 12413804 11616545 11264171 13681085 11655880 11540779 10139185 11367044 12332374 10805033 11797890 10515048 10348168 10537713 10779912 13730920 10346112 11618296 11603410 10461998 10655034 11109524 12519941 13225712 10103196 10959016 10144859 13052487 11093065 12713970 13083473 10908632 12501932 13894857 10329047 10650593 13171961 11148618 10671585 13800973 10914091 11768253 13126296 13333539 10911547 11934426 11998700 12017934 11936078 11862886 10321714 11571911 10796665 11858607 13849151 13460092 13042677 10678956 11298114 14230264 11900741 13346265 13344689 11492985 13796826 11485171 13228512 12286946 11161608 10915316 13122853 10159885 11213130 11313088 11299340 12712419 12738189 12230243 11429552 13896359 13253294 13815118
234 449352046920
11 6 28 29 36 15 33 81 20 49 22 114 39 66 76 42 41 147 37 28 119 208 224 236 28 65 238 62 227 264 119 316 303 236 223 160 209 313 148 168 25 383 309 52 207 42 243 314 125 237 354 470 465 432 517 554 485 578 166 313 178 391 7 221 11 412 294 560 644 185 210 307 295 576 529 507 436 682 781 100 200 474 606 755 262 196 786 439 169 425 445 186 703 125 109 455 892 945 727 251 787 3 553 71 782 815 958 575 967 643 433 113 1080 522 885 1080 667 746 984 638 3 642 1137 371 291 422 286 1122 464 510 565 199 78 437 1256 1255 897 1290 771 355 470 310 14 544 93 1265 211 570 469 241 58 304 218 1312 1261 944 898 1105 843 522 346 789 1616 1524 627 730 1163 1085 55 1020 340 347 843 7 1675 1552 1104 972 1759 1656 597 327 58 1522 1468 241 1 436 143 395 110 1753 1109 82 1472 223 381 1926 1735 901 1602 1263 1909 1100 110 253 875 1327 498 301 1122 1986 1134 199 254 1402 1573 1099 2046 1050 514 1938 815 1822 1726 1959 680 1895 2210 337 1737 84 2033 1164
475 106219126396
10063 10858 12944 12586 13215 11201 11839 14175 13756 13040 13341 19451 10197 16771 12110 13743 21572 10144 25155 11202 19261 12876 31089 23708 21566 35578 11684 32225 21835 18705 21602 13517 38508 39055 32669 25185 17913 14340 36206 14902 19554 13338 17205 49615 19891 54968 51805 15088 37836 36566 30085 25910 46601 28242 48424 49173 39214 29687 66980 10843 49204 45564 30238 33100 49206 34651 50660 63375 60743 11664 19502 47937 40588 81925 80652 74284 15647 61154 58705 12105 27315 83419 16278 50768 93646 42815 29541 92975 68743 91740 91647 47140 19070 14861 30214 24195 37388 53695 51009 25679 84788 73942 75914 98777 106588 114337 75861 88619 88530 57911 115645 59138 47772 41763 122958 49162 107251 19839 53400 83746 98558 88885 91073 119548 40850 37493 81556 105706 137429 76099 63164 129846 22926 25978 103810 95344 140104 145124 45195 103421 124062 61302 24423 51378 31238 27859 54291 126478 100506 64027 153006 38083 117109 112110 107491 99948 44360 84401 142388 74047 47970 163089 104443 106343 115993 52451 163529 77570 149533 163495 140739 78797 33995 73083 130098 109187 115880 128690 168518 179188 154242 143740 71785 69956 12473 135206 20314 165885 132717 179430 112557 51178 49801 101882 132323 43682 121037 70556 89841 170798 209904 155843 68601 111701 142034 104768 172670 38183 205846 19135 112611 174069 114584 29790 137396 152841 44742 146700 219769 219277 121893 202107 145327 81275 144331 103357 98622 150911 96730 226095 42233 97891 186769 229901 199234 82278 109915 177868 201855 224627 56660 213776 176493 49563 168066 155177 133392 65441 127284 39969 95022 22452 32924 57828 251360 187066 95081 145949 152369 143726 258481 224461 185399 228596 223974 202765 165746 135911 183585 150188 240186 179692 206205 209433 215508 147573 254900 39946 200068 216433 121921 268509 91672 243147 118419 76211 216049 216986 92262 112451 141576 160893 66105 198485 129048 303486 302516 254653 52028 309762 73213 76453 52439 298938 106566 283968 143127 14034 276686 263594 266129 165088 252935 300792 317448 232918 226301 137217 216429 172606 143597 52431 35822 113976 114417 162294 257367 274446 134539 188128 51870 58920 83485 108423 87209 101005 190231 126662 251965 94619 130073 10203 70615 339391 165337 353809 80011 130854 32735 70436 73496 76376 263569 31968 236535 241704 140187 248832 255992 35355 216640 367917 205727 200208 270090 226721 307551 304503 371147 49587 262069 208281 313159 375251 77422 26602 339579 319717 362509 51443 320963 390056 138973 264630 355781 226291 336863 252686 23293 88904 132286 348796 239255 105989 178469 273074 91716 174920 270893 62132 280800 278393 29959 47200 240729 77606 319789 113946 263548 40744 254429 161092 205091 19475 370995 202013 170147 410614 93729 119218 125216 357396 207567 238277 155749 380375 106175 246562 406082 106105 188722 382438 98540 126372 166392 334731 62734 209048 41348 428646 258640 46751 250461 447384 80795 368938 247285 45501 17268 437138 115916 166305 366524 361823 289235 338511 105273 221122 419391 65559 66944 216414 117904 342364 184052 17595 466061 278340 368437 149564 271181 90462 102559 419617 400562
12 722465297797
303402740690 629524146529 595449591555 257209618491 500550283031 506208864268 163180240283 16140906722 20870933501 298578171515 150160388735 174079236181
327 713951055226
909273186 1312942327 3107895377 3835187666 4347548996 4796719861 6948186379 15286265558 15791225420 16260072744 18689951539 25721556500 27031891302 33500701715 35240841654 35926346021 36948582977 41773921853 42065564702 49310713527 51939574594 52556292322 54111247855 54646171328 56437139514 56558585532 58883068439 66663482660 70404130722 73769933007 74503344372 75099557099 76366699633 78038272819 82982792182 87310216126 92058053117 93415055318 96247971098 97879110856 98752475194 99293126174 100035083793 100881726537 101950353959 102804569405 102981914790 104267597059 104456557628 112526343966 115542649516 118477793130 119065129604 128770343706 129867241009 130806662833 138415729433 139689419608 141405193399 144975016686 146446495330 148256213339 148968998812 149371431085 156925457449 158772120115 158873718926 159347682617 160247253234 162110547075 163118340216 165498842901 166090385524 166170623252 168300240008 169045315844 169231349459 170157582918 171258001694 173702572691 174720443712 176961606133 179321082368 180967868781 181229914803 190016783301 190428703545 192882857876 197688433551 203655633954 203963561611 204116810933 208380475176 208794442198 223149237076 224549833373 224574463712 227835502849 234455450698 240632146691 241924163597 242524186922 244441096995 248831723615 249704426497 250172520900 251443232066 253467903618 254469241465 254925220774 256855586835 258785541736 262831572927 265590875227 266557765710 267963489807 269418075160 269823082660 272221827921 277692491235 281680248150 282614773412 285388185232 285892290966 286998152406 288048763853 299335874545 299422720289 299461825921 299635216326 300547350649 303314598645 306810989413 307901864742 311355996189 313523248794 314140498073 316005105819 316096494677 319460327581 320869411902 321023913418 324577990665 325047405558 326159020072 326354377679 330935430128 339586727170 339841180966 340986596132 342299834185 342465736998 344938334875 346855463306 347331697467 347731813678 347923151053 349402247857 349766434291 350133610024 354197160537 355185319656 358662804568 358913948958 360223618672 362417286153 364277802761 366428388812 367794101438 368980161557 371238128448 373246547753 375698124320 376674372113 378294291042 378859060071 382328371230 385700500957 386413324641 386641775095 388892766351 396322319970 398642111525 399178733701 400486150614 401770245589 402997002802 407754543441 408135658537 408539143954 410422370191 411795965958 412810317466 416655436958 417625798475 418487822718 419067729892 419682517772 419966483515 420303132184 420910481897 425335046585 425597524365 426346827965 427513504362 428665821234 430151324088 431215822993 433930310877 434526020354 437155429430 438166635305 441871703901 445009571793 445600951829 447961788882 450669021952 451231726855 451387463510 454623019981 455300916174 459799581499 461355436315 463231725423 465799938086 466495182829 467116554286 470922289935 471944690586 471999287837 475657864864 478073540379 478848653325 481202339961 483981344606 484570009613 484678545789 487845791421 488549934842 488630695008 489636498500 499810244214 502270556838 502308045330 505794455575 507372923046 510581921921 516459628148 518125211876 519085935619 522897593198 524825398769 525618239154 529782226892 529850930678 530524997554 530918377987 531086111752 531487201761 531607882057 533732134040 534661459192 535008628194 535382014931 538640052087 545836817029 552906037561 560579879710 562566741878 564413359631 566597580187 567756865026 570872271436 571404185806 572048129843 572851427824 575685373531 575827344291 579905179730 583217624230 584527099333 584912571995 585424284714 585571487148 586989722470 593288313506 593382936706 593507922612 598458393374 606871679480 607063015621 609888421354 612359294754 618755187922 625901324669 631464355819 631577468390 634290700285 635138399405 639796671898 642775253736 656420632188 656518188222 657544741080 661725645796 666848281087 667352820870 668734414075 670952299343 671711441199 672190017845 678119237943 678876591817 682714663857 686638641749 690787285706 692452365563 693815541724 697578973225 698067950303 699106712605 699641032644 700538792356 705396346399 708767706047 709918612307 712046749799
991 940978777405
10005 10038 12077 12717 10537 13546 16768 17950 15825 11347 13408 17423 11785 15498 23624 16068 15965 26570 12315 26848 15912 27418 13254 13774 26167 34579 15218 18452 11164 29644 38534 18451 30637 24754 27489 34394 45549 23211 14848 43208 17050 11811 15473 13368 17540 38198 38959 53131 17609 40570 17273 61641 30461 22810 27256 39181 59127 63510 24874 24192 66989 47140 55936 71692 53415 45034 62797 68889 50610 62950 37910 55866 75562 56439 14497 31758 78275 55706 23583 86434 41032 27219 36154 48752 40448 43972 16701 69027 97545 68406 50802 63413 62997 17327 47288 104386 65425 40610 29955 70442 89008 42460 64236 98715 112512 27425 115845 45293 47175 81104 17830 107112 110117 82318 61263 117731 13301 15378 10460 42589 88844 24821 67798 35624 72864 127497 52475 100300 36746 110868 112667 99436 122716 109222 50767 16263 26763 105321 108967 18087 21549 15276 34258 150206 26874 119184 153109 35323 137955 105812 155757 129569 27078 128394 127423 142831 99570 72293 159440 84960 96023 44878 101080 22261 149156 71934 152507 165139 51409 13557 41575 53194 12240 143638 113707 118749 40835 70159 102953 187818 129011 120919 164199 34644 142843 92812 137973 75649 144077 32724 125561 148094 72206 36523 89019 74962 108551 102590 78258 196008 208339 63599 142271 17907 40031 214768 189960 216164 46332 180878 100584 31080 210116 136852 34402 84824 96594 26529 185496 144360 161454 65610 50944 187501 129934 47073 187740 199177 206594 96223 164577 59946 136337 136985 83368 121695 60892 129544 212070 188154 85199 238030 43963 60753 164038 160343 140343 231857 92888 99909 62312 180557 87184 171293 249521 34917 266429 39858 54764 60012 24980 53508 242468 209417 149085 11217 11221 172229 34935 210789 208739 208525 86629 209897 213736 138200 100780 46166 73515 187500 23765 281644 124904 82216 127543 92121 231967 267972 280125 231071 55331 177605 106563 290617 100474 26247 35443 52256 29491 63327 104616 73772 93742 34731 238273 46518 146170 64829 246737 236225 101385 186615 14556 165708 111690 83139 69563 173172 94560 142308 111221 75906 185225 192612 212051 318879 169955 213393 234299 182382 114077 316993 116673 169856 227100 60759 339054 13601 24638 155844 206629 103238 32754 168591 113697 203984 289695 20862 194436 80162 155456 249089 169033 318805 232652 317996 276582 68449 103500 73011 103414 196132 237749 306344 310163 270493 143826 179320 309989 299300 101292 153909 83438 110059 136744 11191 337422 196754 143489 153381 113295 343185 325208 262953 329738 366567 38920 386667 199512 364062 19099 165886 332906 338860 386845 386045 283674 282375 175000 146896 205993 227981 379126 226431 26313 167086 378526 69310 157443 357997 217948 117673 389395 76471 185857 423751 234875 186133 122208 121582 216075 163635 125159 136175 277609 201771 31314 380625 309329 144471 203073 197380 124144 365511 167819 227092 301367 142664 285341 92294 219932 268399 42097 350294 263979 89669 126408 146434 32510 428733 160312 89559 427932 140568 200648 300237 434842 422726 404270 65409 130432 34339 67059 444806 69857 186366 452197 468132 197205 337142 360126 12753 196002 44333 146915 372244 68305 153238 479405 153440 178689 176352 353615 418473 226097 184064 335491 176503 299076 206149 486096 424760 296101 381508 236414 477845 465080 491997 301592 334012 334792 35209 313764 247621 222600 106394 88477 311773 42561 29083 466720 25650 278688 128759 457308 374115 270348 431678 229681 105230 351511 337826 23168 416954 157274 313764 57393 438201 181287 442003 370390 391941 215373 203214 268282 65846 324573 124977 25929 258147 232660 407010 273227 51207 164061 455964 398186 322932 132548 353833 181363 124417 254299 536406 510288 249142 169419 423683 249271 461001 279416 281383 351315 10050 216444 541071 567430 283767 235015 157134 285720 386741 14254 23457 109130 70453 194349 491471 382793 478295 50828 493152 413366 470246 41174 34646 453359 15928 154079 318545 340529 389788 463512 179490 155689 497713 586691 226178 143446 253067 540591 583853 52367 212677 47793 367259 539442 252225 294546 526897 256575 192195 205979 320980 101114 494822 154701 290125 511669 344765 522171 525508 23210 583477 242714 463264 117403 392955 446018 181201 371429 176740 121475 322394 354957 123324 615468 184384 226724 46130 614675 561419 561568 627871 231369 484142 216242 506711 317747 230737 206819 500073 510614 219123 444336 30787 656302 399975 665579 643025 91704 388809 480353 210661 394391 50789 137914 226894 415882 145400 588293 49845 602884 239547 506442 163632 251548 584824 281122 19736 262895 349522 607792 326010 463601 363780 650291 379081 433888 493418 564205 449947 326755 462358 350960 688314 161828 647762 126498 383828 164078 417477 627044 442827 196185 533471 578570 615532 211931 451233 576005 696048 481518 342156 492448 416606 301559 137043 463321 565447 47275 400322 580087 399802 506756 358681 179755 33014 191587 537947 263704 434049 443663 276024 691967 236492 492207 231973 192082 571014 400127 162634 683962 191878 74449 217806 172842 463433 141585 396009 13798 325241 624224 207215 545037 436617 219344 194436 409900 676947 665447 341839 277096 145449 338726 755191 291868 716340 74367 389083 549033 205620 317119 501543 149400 554970 336961 87875 289036 36089 225474 311824 566732 352769 69968 663598 141423 516369 457472 564106 498615 212816 255600 363892 118173 774147 478537 554841 355537 38812 437636 227077 339008 587944 415229 616219 138703 37889 32458 471218 569066 319639 387899 197683 763375 465472 583794 483363 290638 380317 804152 303251 604235 197039 250609 310098 84082 17820 443522 241812 596838 808086 781719 632901 357299 159882 686242 550458 678197 108105 556352 187874 82278 504756 287790 793183 15792 519118 515422 412482 286558 203151 357815 383187 721134 656153 284501 666110 69285 45293 828417 171501 741678 375453 117847 612960 627525 59100 739131 587789 34302 182131 275488 241266 83420 38557 507405 218204 147737 641142 757289 750566 377825 407316 701715 321769 658356 420889 110887 634680 890552 804963 125614 322264 382713 401422 376596 620539 484706 70497 873417 708369 642138 401014 526213 681510 813762 287801 623952 257705 804615 848106 646313 776853 463272 546513 382750 664144 692547 621911 246754 42306 770288 355415 448031 163256 372899 424810 760339 739850 193990 497479 449638 498597 699160 421672 37171 769226 471775 730149 558847 340941 647892 866850 660477 886292 466918 99562 98199 829839 307799 525164 930924 348273 306340 152222 519351 277649 616832 435175 160880 55274 393017 799668 709473 547014 256983 190532 498794 259057 684609 270841 663320 502791 418361 613132 623672 246838 907986 681529 60666 864841 424966 103264 340227 697332 490578 83369 426621 313247 342617
880 431451947642
10572 11309 12996 10602 14023 13612 12670 17718 13172 10291 11765 14188 11198 14849 10421 20297 20752 14432 26150 26441 26984 12665 14672 28616 15922 26659 25118 23194 27213 37590 10349 19084 10601 35200 18718 11398 20225 23798 47668 11841 12570 26508 38936 35747 30918 14448 19017 34468 42039 24477 58720 44142 19917 31427 40567 40995 54727 47744 35679 56706 30125 34365 56390 70792 27248 10685 70768 16508 66911 41299 27698 67373 18748 82476 17594 60411 85944 11925 14100 27646 88104 46219 67267 11319 76118 90538 30186 19182 19416 92612 89831 34989 64658 16197 12234 78988 50401 22369 23001 28550 103262 20187 102404 84525 101669 12473 17818 116061 100555 115881 88473 47417 82230 60040 116703 65731 21655 78205 122600 26524 44485 86799 22023 18187 122709 67683 90355 110740 52204 15780 131268 128302 11590 134006 123730 42558 29338 116195 133345 34190 42092 80347 109054 118388 142918 114237 86965 102007 90600 21588 75744 25009 99168 95413 117534 52020 79735 55167 24324 85363 155166 76534 154532 32083 164406 141174 79138 14048 148515 90220 121047 162349 42763 77204 124770 47872 129711 41385 22570 116267 50542 105539 114644 58171 179432 52833 45393 166956 20465 60603 152061 179151 13068 35335 93196 38616 194419 121198 34075 143954 78169 126963 163677 53578 15205 116182 161558 114844 135932 98248 210060 155227 201114 13123 224246 220385 102726 178244 171982 101212 22807 79764 115106 166694 153369 132401 226691 159228 146887 17992 23944 129706 112696 240977 53169 13890 142017 191121 145210 124141 248765 30438 249117 170929 11493 119812 69142 52299 133499 224919 36054 145909 13690 60402 196983 86958 253378 186201 64124 236123 230309 63682 177854 96698 59176 250041 45629 190958 45259 104724 27407 268708 140635 111336 121450 227389 262440 281808 142438 67411 224570 111377 110788 79511 16019 290008 102578 111495 139732 291189 212803 70903 231925 17100 89269 194954 54249 284329 44862 74247 171839 217583 22703 170708 234263 272974 15672 262912 185761 181446 304386 210485 32878 46583 124958 260465 296286 92354 20646 214399 314838 226757 115564 126790 117800 171936 167864 327231 322585 108687 64752 325520 301533 106727 75577 50621 335925 295036 280940 120334 285462 163991 322895 202107 96529 76474 160934 333785 76142 200921 90547 202276 221630 122267 213681 261957 282623 250663 113018 159310 366269 327432 168106 292310 33422 285215 347782 159112 134888 261438 117799 332187 34766 372653 162544 132263 225465 311345 61136 378687 28424 132161 126726 135992 58314 121681 288599 199366 81538 206993 150884 256113 153567 88228 81642 327870 224522 208926 75024 17000 101446 371892 407243 89970 103168 277957 294378 410945 236389 70811 166394 413526 326626 229070 237989 99406 208593 140050 189269 64061 194806 216699 370981 121073 173324 167803 230686 76047 91691 96952 246919 197337 308619 285378 253646 14746 335843 380217 151298 307499 80921 337954 303089 338712 448286 120923 452908 81670 235515 403617 178091 158951 335149 449241 57324 113331 235928 111010 377030 78123 99286 96845 24525 190826 339723 140157 238693 431953 281822 339796 61579 285337 476349 67839 295938 443358 377841 480312 132987 367859 92443 117193 371646 171876 185665 124039 189269 57777 299494 116289 251579 276105 79664 237901 82449 178897 75139 416871 249527 242426 176943 362911 280696 276613 352963 357433 491504 251909 451380 486916 304445 493164 126664 314639 398673 475563 309732 365909 63394 518992 122053 80674 312608 171821 191743 139388 262587 66847 248282 497864 246351 342288 276228 40921 302976 473345 154064 205414 544146 474928 505780 132728 55615 242793 534989 408047 382408 249956 193618 276946 166124 477978 308904 312434 96187 516887 513316 58951 306879 344332 248474 521686 160879 478154 561170 356238 233011 169625 150484 21442 389841 339803 224622 416096 571988 280756 14177 301300 87415 314784 553198 24955 363465 486753 476091 362748 468944 427243 213902 198921 457433 217005 447229 501836 173553 188112 341710 394620 219261 526925 585898 170195 303565 68681 72841 74092 220477 141339 480923 396149 334529 404306 296588 575982 153652 586375 62770 439947 591316 450069 310320 81321 64022 143389 565455 54375 50441 87172 479159 177917 172072 376559 298055 302359 78597 42826 159471 572718 114401 624819 137375 50039 144611 521654 395310 369731 465030 192176 12821 642261 470301 449455 618261 657117 281074 197004 93377 109641 117430 273537 461339 50290 179790 236467 326395 445979 474243 282264 607812 589871 55541 272809 513873 589815 614897 38745 166011 281334 661928 475827 97487 177526 27319 692336 28029 297370 417590 27503 568223 321680 547483 341675 365744 231243 42513 505294 631538 601693 86800 534475 327744 706201 236630 544825 114179 691806 316167 660663 639087 415328 259856 285624 92455 236306 493421 183681 460679 177799 445737 22957 321416 692552 492011 678407 193922 618808 384186 200519 256021 321282 418332 737373 230054 573693 330060 169586 635195 718206 85910 44189 332051 543218 124923 630589 57320 107935 204627 451914 613295 153242 470350 489999 492089 702498 491600 220606 628689 638849 471968 115382 316743 140420 66139 728234 769417 681002 91845 65168 270304 69343 664486 616814 95083 663947 63376 63528 624236 642151 561997 312060 495028 275257 485844 153429 84562 225179 58115 112314 82312 626274 530705 656911 75774 216902 529614 70600 779816 127864 794305 440279 637301 712205 511835 79096 793206 223631 557887 641736 15150 343689 463872 162155 93307 775073 775133 110558 424424 547512 455895 730657 373258 68736 64529 810717 442784 568687 754041 89269 260580 389832 205521 48477 598725 784343 386361 368793 313337 444655 134714 425587 394166 20755 458163 242446 296170 587549 841903 415532 206543 102435 381243 763460 292046 358575 111646 245390 210129 584243 638255 296373 215946 747174 628036 636866 103942 308848 324148 321232 51518 80379 869196 249997 481727 536121 262709 852917 61339 273311 352914 99339
111 3
5 6 6 7 7 7 8 10 10 11 13 13 14 14 15 15 15 17 17 17 18 19 20 21 21 22 23 25 25 25 27 28 28 30 30 30 32 33 33 33 35 35 39 40 41 41 41 43 47 48 49 49 50 51 51 53 53 53 54 54 55 58 59 61 61 62 62 62 65 65 67 68 70 73 75 75 75 76 79 80 80 80 82 82 83 85 88 90 90 93 96 96 97 98 99 99 100 100 101 102 102 105 107 107 109 111 111 112 113 113 114
23 545463962873
10005397 10012350 10004294 10001170 10011833 10059219 10004053 10062026 10050833 10001552 10041411 10083749 10085105 10023312 10060273 10052994 10122039 10051432 10118579 10056471 10146528 10096663 10021128
146 795
11 12 12 14 20 18 12 18 28 20 22 23 48 52 28 51 12 11 38 55 46 53 45 56 60 61 18 84 47 22 43 80 17 91 32 80 82 49 27 32 41 105 71 93 11 10 130 88 107 65 72 83 150 34 87 76 53 58 43 189 160 151 89 81 89 85 165 26 132 26 148 20 20 82 47 103 152 128 137 155 104 187 194 144 262 124 124 258 58 16 74 183 194 12 43 121 182 271 253 224 258 208 89 241 32 187 31 198 104 319 303 32 138 153 249 105 161 118 359 322 75 65 345 193 35 208 221 190 21 307 88 372 358 150 127 43 276 119 291 111 198 278 116 260 378 314
341 601332525343
10158 10200 10457 13621 12412 10300 16332 12828 17472 17373 10900 17553 15209 12555 15987 25087 21338 19220 19774 22922 18186 24267 23657 28320 14411 11211 28298 22732 34505 28055 24535 11370 16630 15057 18662 12797 36410 15835 17848 39767 26672 30997 27271 32228 15149 20611 34472 10433 11434 37049 13729 14233 13013 27965 21059 15671 56027 28877 49660 64712 39835 12230 60459 38524 46330 48141 62686 29389 35952 62584 53338 24197 31966 73554 49118 71105 28603 58897 58672 50214 16501 51996 59017 72233 40189 60485 43108 45635 77364 24803 15893 48437 80210 25378 26921 66487 86768 48428 61248 20871 86839 24658 83767 39065 43200 104804 75309 53623 44651 23340 16253 95691 21106 121616 97216 68598 119489 83229 68471 15406 54977 82449 65768 107495 118064 40846 65174 52638 26895 39140 61122 86353 138824 124904 24005 23681 60975 146236 94917 139353 114185 126330 93060 13617 140988 95914 114185 48134 114858 80608 93102 94137 155279 24612 93622 88835 98649 90572 128946 75675 118638 137493 156990 37535 116119 147461 174811 85084 74398 101061 105987 49473 45396 177110 171571 180241 185822 73108 115839 91179 12513 103694 27706 20928 85290 189413 42233 55220 100098 72233 150570 89099 29201 195751 201779 112047 75793 104600 69893 38096 70183 82802 57029 56935 209596 126420 159019 190301 205510 185968 212588 83144 219627 64673 189571 139469 158463 130206 205289 160914 10185 113675 24795 199889 213214 162421 164609 213682 215785 148718 42382 32358 238789 210321 79641 75909 12609 122360 223306 190251 24884 126364 60685 130988 98417 179006 247712 101392 17687 102768 18776 123766 233758 40361 62034 67142 156800 126362 26704 125523 202622 68645 179856 205700 171846 186142 74387 236322 180468 274374 68704 96789 118923 278542 27367 221659 149854 97165 218403 175357 225301 154374 77483 235872 101725 213307 262385 189962 49515 254835 36335 146180 234773 301392 163023 18084 180713 253306 195074 244065 170371 228661 29722 221315 23348 77909 74381 50736 115487 203940 32241 272142 91679 132430 190012 13754 17747 118534 328121 217616 15288 136986 100608 170232 19746 69948 174895 139407 243950 308589 185177 127111 98961 27734 37547 157046 263769 26018 27476 334346 250458
43 24775654
100 115 120 128 143 157 134 141 189 111 175 180 157 174 202 176 138 180 274 121 191 117 181 274 140 229 186 181 382 309 103 326 114 148 242 267 404 408 319 439 367 194 455
42 19360695
1024 1088 1124 1005 1091 1282 1016 1319 1317 1302 1414 1438 1093 1418 1297 1091 1032 1670 1341 1868 1126 1939 1369 1430 1476 2188 1495 1725 2129 1806 2240 1628 2372 1652 1541 2213 2331 1381 1215 2051 3017 2405
25 87507260407
10980 10250 10339 11772 12276 15642 14377 16248 15520 18616 20576 19777 19363 21772 10439 12070 16430 22802 28664 19523 26013 11476 30805 29377 14903
495 816892751817
10009823 10013629 10020750 10016306 10000655 10011608 10065919 10022739 10084172 10014025 10100358 10107866 10042028 10020218 10110636 10024061 10115488 10038920 10067582 10036981 10007399 10142456 10090914 10164681 10016482 10119759 10131535 10067002 10022851 10111320 10088271 10221815 10151650 10054261 10031622 10322995 10041217 10331324 10055462 10062234 10026380 10028668 10375422 10005139 10388322 10216192 10045596 10106171 10165745 10207066 10407481 10012577 10217874 10495185 10270058 10527042 10362020 10197892 10274688 10189074 10276122 10253172 10171761 10079213 10385642 10499297 10406071 10144019 10480566 10302638 10085845 10641503 10261047 10715179 10717653 10558058 10193170 10170582 10746909 10540254 10050673 10230271 10254225 10338442 10708252 10501609 10671687 10768145 10743934 10016120 10273827 10593070 10033976 10115426 10624251 10741977 10018993 10129459 10376151 10570842 10593159 10314044 10774988 10633065 10327310 10542453 10015086 10500234 10147349 10824917 10231655 10394525 10510456 10463620 10788262 10182559 10071378 10836481 10618217 10072862 10056958 10777005 10957271 10133847 11154122 10113098 10153485 10784392 10878655 10737486 10107592 11212925 10696389 11179353 10537136 10189025 11139811 11139599 10877251 10558149 10331901 11058048 11235328 10037574 11094782 11390650 10978078 10341243 10213433 10571639 10379903 10988251 10343584 11118140 10407777 11190916 11005450 10560800 10174895 11371236 10382189 10313624 10818541 11049874 10922714 10262944 10453781 10942233 10261274 11273123 11491743 10496747 11521751 10673157 11007567 11287453 11503113 11015821 11032653 10937717 10772007 10029814 10583004 10199706 10623641 10343862 10459602 11370941 10817279 11237973 10243952 11663190 10913133 11162486 11652189 10032822 10970771 10005101 11336003 11852614 10599236 11906508 10701491 11375691 11180885 10398108 11217812 11671717 10864212 10694223 10077174 11969290 11625640 10070770 10316261 11980841 11487910 11199712 10153142 10626825 11295144 10039021 11584516 12043917 12201390 12073558 10780503 10220136 11710774 10924961 12305583 12289332 10230447 11610197 11391073 11271440 12325710 10192005 11507053 11951138 10954795 11613748 12098425 11903702 10488177 11421970 11895054 11739936 12406184 12481860 11859595 11564777 11236603 11979865 11334766 11507879 10180566 10564637 11587986 12059501 10524429 10061701 12002766 10379264 10477845 11812139 10081961 10881546 11688148 12596580 10712027 10245498 11365717 12089030 12356986 11718877 12134964 11218764 10978483 10536730 10967301 12475042 12328245 12617731 10075590 10274386 10077793 12560219 12081998 11627659 10973114 11586247 11047657 11610927 11549483 11471680 12894678 10116683 11962321 11828408 10621189 11246934 12017477 12348383 12963383 11808889 12220582 12060148 11140012 12257839 13080060 11507738 13087444 11878546 11146289 10694977 13074162 11903507 12569084 10928805 10735526 12403924 12727713 10992540 13206595 13184131 12219761 10468466 12480896 12436870 12118982 13208176 13254943 11832809 11142984 12622963 10985030 12565876 11597547 13123187 10083973 11097739 10098079 12629964 11428886 11864554 11996537 12042763 10119315 10875027 11924286 10551127 11386871 13492033 12237859 11690457 12423584 12670865 11510597 12333257 12460792 10916140 10911447 12228458 10595746 10369578 13037121 10869901 11693170 12870061 10483017 11843415 12482201 12582382 12845566 12680327 11379470 11946174 12199502 11475196 13654446 11403817 13136739 12454612 12606571 12012381 13215422 13137879 11800966 13046847 13820247 13380315 12351300 12347484 12361782 11018615 13490123 11863120 10603141 11911398 11289466 13392902 12366208 12804062 11519333 12665666 13275518 10755167 12417163 12425815 13109941 10967688 12973993 13820244 10579576 13844808 11440519 13582321 13250466 11094266 13915849 11951433 13453949 12972052 10386470 13328853 12193930 11767619 10936043 13829491 13949014 11422657 11901094 12003899 13719905 10602242 10567575 12178506 12221237 13281331 10090971 12209245 14300376 13716349 11514246 14244215 14437433 13943584 13457276 13058984 11428830 13325484 11555217 13572803 10342827 13584454 12066510 11610046 11807451 12225124 11014732 11244499 14474281 12974588 11379437 14383863 14322293 14434344 14583720 10807021 11912073 11071274 10881037 10656951 13131808 10360913 11142131 12614599 14189783 14688118 12571058 14209641 10581673 10729315 13894066 11204003 11741661 12966899 13915086 11690647 12856635 14233435 11735334 11239700 14033535
392 3393282
105 111 114 120 148 124 162 149 189 179 151 149 228 174 127 217 230 164 104 274 164 281 121 152 160 339 315 198 205 181 366 177 384 231 261 129 392 217 475 325 395 459 324 180 288 453 186 106 319 229 564 238 440 346 107 460 544 406 224 139 661 600 533 701 428 546 186 634 389 632 632 683 285 444 182 824 711 693 856 750 370 612 251 420 158 625 736 650 906 916 557 542 434 894 916 936 620 1080 998 1024 1070 622 430 695 449 585 885 721 908 210 368 893 538 864 235 792 559 1181 788 722 284 365 265 409 949 1060 1090 1317 325 1391 1256 434 1131 521 293 1064 1230 1255 1154 245 836 478 1126 134 509 131 100 1523 1582 583 175 1297 592 1459 346 1539 991 1261 1051 1600 1247 345 1676 543 1739 236 623 1626 1481 789 774 1728 1136 374 1842 1429 1668 150 1310 1741 1259 123 759 1135 674 1689 737 591 1096 416 807 174 487 342 542 865 693 1036 1263 1294 2108 1308 2019 521 1010 1752 1773 571 1257 1682 222 236 2062 1612 1218 1158 1476 2010 639 1449 1092 910 708 515 2134 942 214 2157 497 1167 1596 1759 1761 1382 1857 2375 1508 1644 2412 991 1223 1625 1457 2354 282 1015 1265 1300 2406 666 528 471 546 900 1183 556 2474 861 787 2371 1378 681 233 1424 312 1694 754 2598 2085 842 2423 914 205 2363 1093 2321 1440 2509 635 368 2001 265 1154 2501 2743 1433 130 2184 692 171 2508 997 2902 1026 1604 599 2312 1915 1999 1706 1581 2822 1583 1099 250 628 436 730 2190 1045 439 297 701 2668 2967 2742 227 2227 2920 2581 3177 2237 759 775 1838 3345 904 996 3141 3334 467 981 2042 1456 2791 1970 356 2278 2555 409 1321 1407 2707 2447 2802 441 1649 1787 1275 2480 270 2028 3506 2375 926 135 2219 3268 233 3139 856 2348 3511 3136 1249 170 870 1634 1777 1789 1779 2428 3609 3380 831 2625 1866 3045 1954 1456 130 3296 3369 1487 2497 2181 3017 1839 1142 3350 3440 1385
355 861873943969
6 8 16 10 14 42 57 43 55 37 23 102 61 30 124 33 130 28 67 145 128 35 94 104 99 100 125 270 251 280 39 157 130 211 312 20 295 243 146 343 137 367 58 293 296 236 426 120 482 324 67 365 198 531 146 220 107 238 339 101 541 205 63 296 539 283 189 31 319 535 35 424 68 397 688 495 559 403 303 244 745 392 764 399 250 160 211 784 29 258 895 456 128 286 413 225 534 128 593 915 327 381 241 411 466 43 567 936 138 518 524 8 532 379 536 314 517 930 681 450 744 195 812 1051 833 1118 1190 530 1111 1093 67 505 88 995 260 151 820 539 1284 1350 574 748 921 97 560 1428 1327 753 741 952 502 1404 1250 1231 70 717 34 87 1571 131 1552 1366 256 1371 154 559 635 194 137 607 691 807 1161 1019 1600 690 953 716 1410 332 144 1578 1674 1072 363 1490 1223 1363 1350 1056 137 602 1010 664 272 1231 801 533 1957 1562 1187 1702 211 141 501 1881 1286 1480 967 1721 764 383 598 814 910 335 1072 1282 1426 1805 1457 59 1928 1241 2189 1325 790 1280 284 64 939 1275 1548 595 1132 768 537 1852 555 915 503 1306 1460 2264 1247 1788 1756 778 2444 2492 41 2289 660 1597 384 635 707 1314 454 1831 1632 542 1244 2275 1240 1380 330 2393 2034 2190 2241 2249 2634 596 1289 816 1151 1733 77 2674 812 394 134 2293 902 1320 2076 2359 2569 2296 281 1880 257 22 649 214 2360 507 754 1165 735 1700 281 2193 217 555 1938 584 2960 834 2207 2296 1998 2139 1236 1993 658 1474 1384 2045 2401 813 149 2317 2675 789 3233 169 104 2922 1604 1581 2536 2925 413 1406 1757 2813 2998 2509 932 281 1657 2759 2694 3308 580 1151 447 1244 3116 2147 2528 1933 2545
110 201619306830
10009827 10013254 10000645 10035118 10009056 10035361 10028549 10028695 10044507 10095967 10005180 10089063 10011667 10132287 10026568 10016867 10078734 10003773 10184925 10197305 10136869 10002489 10031905 10176564 10173418 10169940 10236820 10155137 10161774 10048917 10084411 10310139 10194200 10024779 10199089 10280133 10242406 10079097 10050349 10324892 10248051 10129462 10412335 10082297 10401185 10086482 10342615 10429800 10370925 10356599 10165709 10328842 10237322 10097667 10236903 10046036 10054991 10404267 10409493 10180444 10545885 10271185 10596757 10235501 10632905 10331453 10613649 10600378 10557922 10576072 10247659 10198206 10328945 10561386 10244887 10252227 10051302 10445905 10264229 10477256 10229173 10281137 10064109 10027883 10386308 10010054 10357588 10177387 10645387 10029444 10358286 10866729 10213404 10166117 10487746 10396886 10317006 10745679 10486283 10340969 10586929 10653005 10185928 10371466 10382401 10611875 10853037 10801094 10527585 10586841
3 18
1 9 6
172 19988869
1011 1055 1043 1027 1223 1264 1007 1193 1168 1242 1374 1543 1158 1492 1582 1552 1482 1213 1191 1521 1934 1210 1192 1304 1490 1579 1424 1327 2204 1776 1599 1111 2531 1378 1828 2595 1210 2718 1472 2789 2723 3070 1152 3146 3195 1346 3120 1375 1844 2783 2844 2193 2449 1321 2501 1802 2264 2558 3307 1303 3270 3814 2963 3866 2226 3417 1558 1117 2310 3792 2984 3744 3342 2053 2115 4202 1997 4545 4309 2096 3855 3973 3587 5109 1560 1507 3195 2188 4858 3038 2685 1959 5226 4179 1133 1457 3631 4635 2178 5090 4749 5558 2434 4907 6124 2878 1855 5063 6124 2014 4759 1033 5378 4057 1081 5482 4671 2453 5583 4942 2337 1652 7028 5400 4864 5556 4598 3542 3186 6583 1074 1371 2323 2821 4726 7620 7566 6291 1598 4230 6233 1908 5271 5744 6121 3819 6918 7264 7008 1411 1129 4515 6805 7722 1859 5020 3526 3468 5303 4853 8395 6526 2488 7513 5167 4065 8548 4379 6318 5161 2883 8646
219 169519740783
7 11 23 30 34 9 50 10 58 24 77 55 130 24 11 22 106 57 43 51 60 145 108 141 216 17 61 19 71 201 311 107 1 153 304 216 300 262 381 213 334 204 162 90 329 88 274 270 180 189 86 414 360 221 300 18 4 384 233 285 592 567 83 539 261 646 529 227 132 468 13 162 351 502 477 459 505 377 30 8 45 730 438 752 383 750 595 474 505 560 26 891 513 24 771 475 56 966 788 950 862 574 988 746 485 645 559 861 1062 1034 402 47 468 265 1101 530 694 124 118 138 170 442 870 28 308 1101 653 675 994 596 671 366 970 638 897 516 129 908 798 1131 657 547 1063 57 957 427 881 1134 1429 144 743 1217 1087 734 1004 697 649 664 1133 527 8 565 1616 850 1221 1527 1390 838 362 104 1054 949 491 1500 1473 586 547 696 772 949 661 676 1617 1213 42 1126 1550 1384 152 379 1745 1327 1359 1313 49 1720 713 401 1803 1132 1006 1723 377 1120 125 225 1840 537 48 1335 1906 1875 48 1496 122 20 350 1167 429
171 913261609440
106786 114853 121438 121883 147928 143683 134577 165580 132803 132664 143084 121700 180388 133062 107843 202380 158339 244003 190233 155182 270856 145068 172434 171817 253312 338388 277310 227854 239096 186866 244011 229689 159709 359866 394319 426514 410421 457160 283995 377816 417361 298283 166430 151554 540901 457720 537912 445022 288413 140541 413081 236119 467624 343008 122994 171286 147413 137260 647556 558049 590970 529527 713203 180058 680130 256845 583407 765427 536758 111472 247031 145863 728058 119179 613519 692557 118603 337158 287373 588618 441977 125986 613224 679108 582400 266337 162189 899516 451681 216167 254731 178223 611473 786878 471035 277819 903715 581785 505463 1008287 907308 600023 751450 266938 197048 568028 565431 763540 1049922 1098600 1042623 237516 1073402 1158897 395916 268276 634224 755288 798938 290547 971496 1059515 960907 989585 392134 1175384 250550 435890 534454 738741 1265484 948191 712344 1319084 400803 1133838 303811 688768 133273 917835 1332886 1147869 1404074 1232682 888545 346559 807117 676050 123404 544110 1464668 1523246 189495 718909 282431 1033079 1004589 647209 982219 342844 632682 1337891 778614 129162 533356 319143 540623 1220757 733741 1557401 1516728
60 173722119341
10544 11198 11989 12999 14665 10278 15521 13369 17967 13462 14644 20178 21448 18410 11817 13864 16432 22996 16631 17989 28090 12312 12280 27381 27809 35573 22847 27960 15332 25730 13100 25190 25843 13318 12054 10942 31497 33788 42876 26428 28750 24565 14305 43467 18867 24756 18742 22487 23153 13865 57138 13009 34505 17379 39761 11270 30944 45582 65883 66586
8 230
5 11 12 15 13 7 23 7
958 259625947972
110 100 103 101 105 141 163 148 150 192 138 126 204 221 233 258 142 164 198 223 140 198 198 213 204 210 164 241 258 385 146 348 140 267 103 193 384 400 121 363 503 289 230 205 486 520 231 401 319 165 343 163 178 136 184 597 510 213 490 652 485 136 518 554 137 521 704 492 209 618 764 235 562 421 731 220 581 422 618 500 597 356 130 563 451 543 385 552 664 993 619 130 234 327 844 785 264 551 1059 103 952 487 395 313 596 1084 168 1161 286 631 164 237 413 831 877 214 413 288 900 1095 1266 1269 921 475 230 160 654 558 1193 544 1397 218 715 1007 1416 598 1172 1086 1030 287 1404 372 320 643 636 459 1159 1212 322 556 1281 718 727 1345 478 981 308 1635 630 1073 1491 804 1173 1426 954 1287 964 565 978 414 816 1115 1659 864 1589 445 1300 148 126 219 734 503 1132 626 453 381 332 903 656 1612 1843 883 1987 715 191 694 1810 682 885 1650 1169 538 1118 1069 108 1179 1219 234 1094 1910 742 483 1164 567 1613 148 2257 2047 379 1275 2150 892 1596 1283 1595 186 930 171 1609 434 2010 1572 1531 435 660 989 2054 1758 1957 1107 1197 1632 1301 1717 2213 2391 1299 954 412 321 2113 1676 740 1890 2458 1449 2482 2025 1186 910 1270 1097 2645 991 905 1496 2389 888 1667 2341 1896 266 1621 444 707 1931 1320 1671 1742 354 1499 671 1328 2910 2086 383 933 1299 949 1389 1886 1206 2684 2670 307 699 1346 1080 2168 1092 482 203 2094 1666 719 2040 1807 1227 2927 994 2629 458 1313 835 166 3250 1480 1804 1790 2925 3168 1029 1429 2521 1581 1792 893 808 541 1038 2476 1787 2871 1774 2133 2736 683 1729 1773 1168 1626 2393 2152 2399 269 1082 262 1914 2689 554 2917 3070 318 828 1606 2189 1091 1293 2344 2392 1153 2842 500 3158 2693 3156 1506 1732 3169 3587 1874 578 156 2588 1840 2258 1839 1168 1894 2599 1521 2599 1966 170 2023 1075 124 3586 1763 2180 899 682 625 3094 654 1830 3637 3480 311 1775 794 817 203 3526 2131 3100 3839 3434 735 1709 2552 4010 2359 2817 1458 2387 1080 2142 470 3813 3982 2057 2755 2938 2068 226 2030 735 3055 876 4302 4063 1341 3200 3583 3345 808 3761 1673 4215 4293 3835 1046 3350 523 2645 2103 1123 1021 2722 3361 4100 3555 2372 3551 1374 2020 2047 138 3370 206 4065 1598 714 3038 4303 3175 1770 2544 3245 2841 2133 2135 1338 4600 3981 618 1181 3723 4800 1507 2824 2303 289 3918 2092 596 3610 144 396 4713 2611 3258 3753 2923 2938 1485 2851 1605 588 4184 3951 3152 821 119 3693 2980 3998 573 3630 2558 2995 4725 4572 1095 1831 1877 683 4115 3115 855 3226 1088 1574 1706 2377 2738 1982 2248 5251 393 3030 3930 3692 860 4761 277 2423 1380 365 3061 1765 1685 5033 5017 4928 2475 4832 4802 4129 1034 2024 5098 4944 2168 208 3837 339 4383 4676 838 2001 4306 3612 2370 5310 1421 570 445 4604 1996 1384 4789 4611 2164 4515 1801 166 3933 4651 3550 771 4455 4660 2940 1798 5327 1998 1163 2952 413 1415 5417 3140 2421 1217 956 6016 299 2381 2405 4661 6071 1195 2555 2952 263 5857 1198 895 999 4348 4337 1281 4831 4247 2650 2329 4851 296 5645 3032 207 1909 984 955 2325 2636 178 5759 3647 4054 5055 5122 410 1376 1378 4582 3588 4288 5133 3995 4364 5078 2515 3473 5732 644 494 5084 6133 3651 4597 1624 3378 1646 1390 5981 2805 1377 5871 643 6705 3863 2991 603 620 3705 1545 6744 779 2858 727 734 6240 2966 449 5772 5143 4606 4875 2915 5813 4194 5553 4653 1865 5166 2690 5708 1052 2311 990 2547 3064 2457 3341 5628 3664 5624 4791 6731 4079 3465 1426 2630 1039 6462 854 5785 4327 611 3901 640 1806 5211 6436 2575 6579 4037 6999 149 1779 5739 2004 912 1850 5634 572 436 3367 4049 1571 3071 5818 140 2155 2937 351 5554 1964 3390 762 3407 2335 3405 5043 5003 5335 2163 5723 3647 5244 918 724 181 5227 4178 1363 961 1179 7313 7698 3219 2341 3453 4168 4328 388 413 7216 3153 1000 2267 6482 4571 319 5191 4633 7109 3785 5936 1406 6684 2937 1159 1373 2342 7445 7948 1015 7041 7127 1546 1804 6925 3299 1286 1783 2427 3140 4218 108 3158 1802 4345 6218 5639 255 2293 3161 463 2380 1951 8018 4045 750 2499 5616 2542 401 3752 4959 7811 6229 8238 8327 7166 1042 1405 1444 2298 5237 2170 6617 4719 7417 5520 6764 1486 974 3102 6575 2809 5533 8037 3786 6642 3795 3500 3637 4057 8069 7666 7436 1370 2411 2612 2797 1581 2089 5971 2755 6664 3570 1390 3624 8689 3656 5219 989 7884 6057 161 3008 8150 1009 8167 7132 2423 7773 1467 2507 7150 6190 4427 7267 3519 6234 6318 7526 5182 1560 8971 3549 2586 7812 1507 2320 267 9000 1390 3562 2925 329 5676 7509 9112 2078 1491 208 1321 9086 1374 3059 8932 1256 1340 3698 755 612 916 7857 6317 9222 5058 1284 9247 7262 2428 1847 9387 3066 1329 2682 8452 7533 6965 7249 4124 3896 5823 657 2929 4868 967 3391 8756 7502 4643 795 8188 2994 5199 3451 3880 7623 1746
332 1662798
104 111 100 114 120 104 111 106 161 166 149 196 168 148 129 122 190 131 185 125 102 295 110 182 281 265 153 108 243 326 372 393 343 236 314 258 254 361 191 469 306 371 480 513 514 148 505 303 140 456 479 125 351 486 418 123 533 375 610 534 108 440 242 652 191 616 665 186 604 672 477 161 546 799 380 439 219 400 812 630 869 591 131 439 668 334 407 487 142 749 956 917 870 348 755 962 483 375 144 362 202 524 309 161 135 952 189 140 1118 829 686 862 1100 682 125 824 663 706 1157 100 470 845 612 428 567 954 252 540 520 313 563 399 430 288 141 1282 907 350 150 371 1421 1493 1288 211 1125 106 477 1380 1385 407 621 543 200 1195 346 1311 705 281 396 1684 189 543 814 362 736 1502 1009 663 514 986 224 428 619 1631 870 380 104 109 993 1645 171 1660 1236 1200 419 514 682 115 1222 1047 809 990 617 582 290 1221 1087 1517 632 827 1777 1825 540 1290 551 625 1419 1803 521 1197 1443 961 488 895 648 2171 1921 615 1119 404 1093 939 441 1400 660 1998 2348 1380 711 1645 976 184 876 1197 177 852 1960 2217 204 2492 1484 1119 726 2136 2082 415 1974 2296 410 1936 1483 2548 1244 1327 175 2407 580 835 2001 330 2501 1754 1986 1159 2127 2018 2460 2097 730 206 1036 1860 183 2786 1673 205 796 589 1153 1196 869 239 980 606 1724 288 2613 760 1021 973 2925 604 286 829 2558 729 2537 325 2263 2056 3081 484 2036 691 2893 2911 2746 2461 3177 1795 1975 869 677 1828 2513 2875 1171 2457 1469 1068 1562 2728 970 2033 1761 3086 1864 1479 1385 375 485 955
144 280
1 2 4 6 11 13 9 4 6 10 7 16 4 19 9 25 20 20 37 22 38 18 36 7 21 39 12 49 46 49 27 54 27 30 44 15 71 9 28 59 71 38 4 26 40 86 18 71 66 90 82 52 87 70 63 36 4 28 67 120 109 44 6 55 63 36 116 92 12 105 5 24 142 53 6 95 46 10 89 122 80 27 8 133 80 6 162 82 177 43 77 52 59 171 84 136 98 11 199 78 163 63 126 42 58 193 172 95 44 167 176 72 2 132 178 230 43 114 127 196 63 38 46 179 4 133 174 82 183 89 141 158 159 122 181 197 273 254 93 124 44 267 282 119
12 66629817
1627975 1656262 7142058 10787776 12665809 13959624 17619666 21677562 23317785 34374255 62366753 63129688
144 446
101 104 107 111 109 116 111 116 115 123 127 119 109 100 145 122 143 153 117 128 157 112 119 114 107 112 121 100 162 160 173 194 193 129 107 167 126 131 164 177 212 106 186 212 186 140 139 123 148 157 206 156 243 130 152 259 224 210 101 128 162 174 204 204 194 152 236 114 181 112 162 128 143 209 277 138 149 232 286 214 154 345 318 318 287 278 182 176 192 213 344 188 111 153 384 284 112 331 321 234 348 310 370 335 298 392 361 404 378 189 409 216 318 273 424 180 295 196 250 173 117 233 442 243 420 366 332 228 355 308 357 178 457 444 279 448 497 470 389 196 359 497 111 346
