Case #1: 59521
408 408 408 408 408 408 408 408 408 408 408 408 408 408 408 408 408 408 408 408 408 408 408 408 408 408 408 408 408 408 408 408 408 408 408 408 408 408 408 408 408 408 408 408 408 408 408 408 408 408 408 408 408 408 408 408 408 408 408 408 408 408 408 408 408 408 408 408 408 408 408 408 408 408 408 408 408 408 408 408 408 408 408 408 408 408 408 408 408 408 408 408 408 408 408 408 408 408 408 407 407 407 407 407 407 407 407 407 407 407 407 407 407 407 407 407 407 407 407 407 407 407 407 407 407 407 407 407 407 407 407 407 407 407 407 407 407 407 407 407 407 407 407 407 407 407
Case #2: 7902280
17798 17798 17798 17798 17798 17798 17798 17798 17798 17798 17798 17798 17798 17798 17798 17798 17798 17798 17798 17798 17798 17798 17798 17798 17798 17798 17798 17798 17798 17798 17798 17798 17798 17798 17798 17798 17798 17798 17798 17798 17798 17798 17798 17798 17798 17798 17798 17798 17798 17798 17798 17798 17798 17798 17798 17798 17798 17798 17798 17798 17798 17798 17798 17798 17798 17798 17798 17798 17798 17798 17798 17798 17798 17798 17798 17798 17798 17798 17798 17798 17798 17798 17798 17798 17798 17798 17798 17798 17798 17798 17798 17798 17798 17798 17798 17798 17798 17798 17798 17798 17798 17798 17798 17798 17798 17798 17798 17798 17798 17798 17798 17798 17798 17798 17798 17798 17798 17798 17798 17798 17798 17798 17798 17798 17798 17798 17798 17798 17798 17798 17798 17798 17798 17798 17798 17798 17798 17798 17798 17798 17798 17798 17798 17798 17798 17798 17798 17798 17798 17798 17798 17798 17798 17798 17798 17798 17798 17798 17798 17798 17798 17798 17798 17798 17798 17798 17798 17798 17798 17798 17798 17798 17798 17798 17798 17798 17798 17798 17798 17798 17798 17798 17798 17798 17798 17798 17798 17798 17798 17798 17798 17798 17798 17798 17798 17798 17798 17798 17798 17798 17798 17798 17798 17798 17798 17798 17798 17798 17798 17798 17798 17798 17798 17798 17798 17798 17798 17798 17798 17798 17798 17798 17798 17798 17798 17798 17798 17798 17798 17798 17798 17798 17798 17798 17798 17798 17798 17798 17798 17798 17798 17798 17798 17798 17798 17798 17798 17798 17798 17798 17798 17798 17798 17798 17798 17798 17798 17798 17798 17798 17798 17798 17798 17798 17798 17798 17798 17798 17798 17798 17798 17798 17798 17798 17798 17798 17798 17798 17798 17798 17798 17798 17798 17798 17798 17798 17798 17798 17798 17798 17798 17798 17798 17798 17798 17798 17798 17798 17798 17798 17798 17798 17798 17798 17798 17798 17798 17798 17798 17798 17798 17798 17798 17798 17798 17798 17798 17798 17798 17798 17798 17798 17798 17798 17798 17798 17798 17798 17798 17798 17798 17798 17798 17798 17798 17798 17798 17798 17798 17798 17798 17798 17798 17798 17798 17798 17798 17798 17798 17798 17798 17798 17798 17798 17798 17798 17798 17798 17798 17798 17798 17798 17798 17798 17798 17798 17798 17798 17798 17798 17798 17798 17798 17798 17798 17798 17798 17798 17798 17798 17798 17798 17798 17798 17798 17798 17798 17798 17798 17798 17798 17798 17798 17798 17798 17798 17798 17798 17798 17798 17798 17798 17798 17798 17798 17798 17798 17798 17798 17798 17798 17798 17798 17798 17798 17798 17798 17798 17798 17798 17798 17798 17798 17798 17798 17798 17798 17798 17798 17798 17798 17798 17798 17798 17798 17798 17798 17798 17798 17798 17798 17788 17787 17787
Case #3: 30
1 1 1 1 1 1 1 1 1 1 1 1 1 1 1 1 1 1 1 1 1 1 1 1 1 1 1 1 1 1 0 0 0 0 0 0 0 0 0 0 0 0 0 0 0 0 0 0 0 0 0 0 0 0 0 0 0 0 0 0 0 0 0 0 0 0 0 0 0 0 0 0 0 0 0 0 0 0 0 0 0 0 0 0 0 0 0 0 0 0 0 0 0 0 0 0 0
Case #4: 68239
1950 1950 1950 1950 1950 1950 1950 1950 1950 1950 1950 1950 1950 1950 1950 1950 1950 1950 1950 1950 1950 1950 1950 1950 1949 1949 1949 1949 1949 1949 1949 1949 1949 1949 1949
Case #5: 3571098
142844 142844 142844 142844 142844 142844 142844 142844 142844 142844 142844 142844 142844 142844 142844 142844 142844 142844 142844 142844 142844 142844 142844 142843 142843
Case #6: 7
1 1 1 1 1 1 1 0 0 0
Case #7: 319319
721 721 721 721 721 721 721 721 721 721 721 721 721 721 721 721 721 721 721 721 721 721 721 721 721 721 721 721 721 721 721 721 721 721 721 721 721 721 721 721 721 721 721 721 721 721 721 721 721 721 721 721 721 721 721 721 721 721 721 721 721 721 721 721 721 721 721 721 721 721 721 721 721 721 721 721 721 721 721 721 721 721 721 721 721 721 721 721 721 721 721 721 721 721 721 721 721 721 721 721 721 721 721 721 721 721 721 721 721 721 721 721 721 721 721 721 721 721 721 721 721 721 721 721 721 721 721 721 721 721 721 721 721 721 721 721 721 721 721 721 721 721 721 721 721 721 721 721 721 721 721 721 721 721 721 721 721 721 721 721 721 721 721 721 721 721 721 721 721 721 721 721 721 721 721 721 721 721 721 721 721 721 721 721 721 721 721 721 721 721 721 721 721 721 721 721 721 721 721 721 721 721 721 721 721 721 721 721 721 721 721 721 721 721 721 721 721 721 721 721 721 721 721 721 721 721 721 721 721 721 721 721 721 721 721 721 721 721 721 721 721 721 721 721 721 721 721 721 721 721 721 721 721 721 721 721 721 721 721 721 721 721 721 721 721 721 721 721 721 721 721 721 721 721 721 721 721 721 721 721 721 721 721 721 721 721 721 721 721 721 721 721 721 721 721 721 721 721 721 721 721 721 721 721 721 721 721 721 721 721 721 721 721 721 721 721 721 721 721 721 721 721 721 721 721 721 721 721 721 721 721 721 721 721 721 721 721 721 721 721 721 721 721 721 721 721 721 721 721 721 721 721 721 721 721 721 721 721 721 721 721 721 721 721 721 721 721 721 721 721 721 721 721 721 721 721 721 721 721 721 721 721 721 721 721 721 721 721 721 721 721 721 721 721 721 721 721 721 721 721 721 721 721 721 721 721 721 721 721 721 721 721 721 721 721 721 721 721 721 721 721 721 721 721 721 721 721 721 721 721 721 721 721 721 721 721 721 721 721 721 721 679 679
Case #8: 1004902
7790 7790 7790 7790 7790 7790 7790 7790 7790 7790 7790 7790 7790 7790 7790 7790 7790 7790 7790 7790 7790 7790 7790 7790 7790 7790 7790 7790 7790 7790 7790 7790 7790 7790 7790 7790 7790 7790 7790 7790 7790 7790 7790 7790 7790 7790 7790 7790 7790 7790 7790 7790 7790 7790 7790 7790 7790 7790 7790 7790 7790 7790 7790 7790 7790 7790 7790 7790 7790 7790 7790 7790 7790 7790 7790 7790 7790 7790 7790 7790 7790 7790 7790 7790 7790 7790 7790 7790 7790 7790 7790 7790 7790 7790 7790 7790 7790 7790 7790 7790 7790 7790 7790 7790 7790 7790 7790 7790 7790 7790 7790 7790 7790 7790 7790 7790 7790 7790 7790 7790 7790 7790 7790 7790 7790 7788 7788 7788 7788
Case #9: 2
2 0 0 0 0 0 0 0 0 0 0 0 0 0 0 0 0 0 0 0 0 0 0 0 0 0 0 0 0 0 0 0 0 0 0 0 0 0 0 0 0 0 0 0 0 0 0 0 0 0 0 0 0 0 0 0 0 0 0 0 0 0 0 0 0 0 0 0 0 0 0 0 0 0 0 0 0 0 0 0 0 0 0 0 0 0 0 0 0 0 0 0 0 0 0 0 0 0 0 0 0 0 0 0 0 0 0 0 0 0 0 0 0 0 0 0 0 0 0 0 0 0 0 0 0 0 0 0 0 0 0 0 0 0 0 0 0 0 0 0 0 0 0 0 0 0 0 0 0 0
Case #10: 4326084
240338 240338 240338 240338 240338 240338 240338 240338 240338 240338 240338 240338 240338 240338 240338 240338 240338 240338
Case #11: 620024948012
20000804775 20000804775 20000804775 20000804775 20000804775 20000804775 20000804775 20000804775 20000804775 20000804775 20000804775 20000804775 20000804775 20000804775 20000804775 20000804775 20000804775 20000804775 20000804775 20000804775 20000804775 20000804775 20000804775 20000804775 20000804775 20000804775 20000804775 20000804775 20000804771 20000804771 20000804770 0 0 0 0 0 0 0 0 0 0 0 0 0 0 0 0 0 0 0 0 0 0 0 0 0 0 0 0 0 0 0 0 0 0 0 0 0 0 0 0 0 0 0 0 0 0 0 0 0 0 0 0 0 0 0 0 0 0 0 0 0 0 0 0 0 0 0 0 0 0 0 0 0 0 0 0 0 0 0 0 0 0 0 0 0 0 0 0 0 0 0 0 0 0 0 0 0 0 0 0 0 0 0 0 0 0 0 0 0 0 0
Case #12: 2822117
16313 16313 16313 16313 16313 16313 16313 16313 16313 16313 16313 16313 16313 16313 16313 16313 16313 16313 16313 16313 16313 16313 16313 16313 16313 16313 16313 16313 16313 16313 16313 16313 16313 16313 16313 16313 16313 16313 16313 16313 16313 16313 16313 16313 16313 16313 16313 16313 16313 16313 16313 16313 16313 16313 16313 16313 16313 16313 16313 16313 16313 16313 16313 16313 16313 16313 16313 16313 16313 16313 16313 16313 16313 16313 16313 16313 16313 16313 16313 16313 16313 16313 16313 16313 16313 16313 16313 16313 16313 16313 16313 16313 16313 16313 16313 16313 16313 16313 16313 16313 16313 16313 16313 16313 16313 16313 16313 16313 16313 16313 16313 16313 16313 16313 16313 16313 16313 16313 16313 16313 16313 16313 16313 16313 16313 16313 16313 16313 16313 16313 16313 16313 16313 16313 16313 16313 16313 16313 16313 16313 16313 16313 16313 16313 16312 16312 16312 16312 16312 16312 16312 16312 16312 16312 16312 16312 16312 16312 16312 16312 16312 16312 16312 16312 16312 16312 16312 16312 16312 16312 16311 16311 16311
Case #13: 1541114
1797 1797 1797 1797 1797 1797 1797 1797 1797 1797 1797 1797 1797 1797 1797 1797 1797 1797 1797 1797 1797 1797 1797 1797 1797 1797 1797 1797 1797 1797 1797 1797 1797 1797 1797 1797 1797 1797 1797 1797 1797 1797 1797 1797 1797 1797 1797 1797 1797 1797 1797 1797 1797 1797 1797 1797 1797 1797 1797 1797 1797 1797 1797 1797 1797 1797 1797 1797 1797 1797 1797 1797 1797 1797 1797 1797 1797 1797 1797 1797 1797 1797 1797 1797 1797 1797 1797 1797 1797 1797 1797 1797 1797 1797 1797 1797 1797 1797 1797 1797 1797 1797 1797 1797 1797 1797 1797 1797 1797 1797 1797 1797 1797 1797 1797 1797 1797 1797 1797 1797 1797 1797 1797 1797 1797 1797 1797 1797 1797 1797 1797 1797 1797 1797 1797 1797 1797 1797 1797 1797 1797 1797 1797 1797 1797 1797 1797 1797 1797 1797 1797 1797 1797 1797 1797 1797 1797 1797 1797 1797 1797 1797 1797 1797 1797 1797 1797 1797 1797 1797 1797 1797 1797 1797 1797 1797 1797 1797 1797 1797 1797 1797 1797 1797 1797 1797 1797 1797 1797 1797 1797 1797 1797 1797 1797 1797 1797 1797 1797 1797 1797 1797 1797 1797 1797 1797 1797 1797 1797 1797 1797 1797 1797 1797 1797 1797 1797 1797 1797 1797 1797 1797 1797 1797 1797 1797 1797 1797 1797 1797 1797 1797 1797 1797 1797 1797 1797 1797 1797 1797 1797 1797 1797 1797 1797 1797 1797 1797 1797 1797 1797 1797 1797 1797 1797 1797 1797 1797 1797 1797 1797 1797 1797 1797 1797 1797 1797 1797 1797 1797 1797 1797 1797 1797 1797 1797 1797 1797 1797 1797 1797 1797 1797 1797 1797 1797 1797 1797 1797 1797 1797 1797 1797 1797 1797 1797 1797 1797 1797 1797 1797 1797 1797 1797 1797 1797 1797 1797 1797 1797 1797 1797 1797 1797 1797 1797 1797 1797 1797 1797 1797 1797 1797 1797 1797 1797 1797 1797 1797 1797 1797 1797 1797 1797 1797 1797 1797 1797 1797 1797 1797 1797 1797 1797 1797 1797 1797 1797 1797 1797 1797 1797 1797 1797 1797 1797 1797 1797 1797 1797 1797 1797 1797 1797 1797 1797 1797 1797 1797 1797 1797 1797 1797 1797 1797 1797 1797 1797 1797 1797 1797 1797 1797 1797 1797 1797 1797 1797 1797 1797 1797 1797 1797 1797 1797 1797 1797 1797 1797 1797 1797 1797 1797 1797 1797 1797 1797 1797 1797 1797 1797 1797 1797 1797 1797 1797 1797 1797 1797 1797 1797 1797 1797 1797 1797 1797 1797 1797 1797 1797 1797 1797 1797 1797 1797 1797 1797 1797 1797 1797 1797 1797 1797 1797 1797 1797 1797 1797 1797 1797 1797 1797 1797 1797 1797 1797 1797 1797 1797 1797 1797 1797 1797 1797 1797 1797 1797 1797 1797 1797 1797 1797 1797 1797 1797 1797 1797 1797 1797 1797 1797 1797 1797 1797 1797 1797 1797 1797 1797 1797 1797 1797 1797 1797 1797 1797 1797 1797 1797 1797 1797 1797 1797 1797 1797 1797 1797 1797 1797 1797 1797 1797 1797 1797 1797 1797 1797 1797 1797 1797 1797 1797 1797 1797 1797 1797 1797 1797 1797 1797 1797 1797 1797 1797 1797 1797 1797 1797 1797 1797 1797 1797 1797 1797 1797 1797 1797 1797 1797 1797 1797 1797 1797 1797 1797 1797 1797 1797 1797 1797 1797 1797 1797 1797 1797 1797 1797 1797 1797 1797 1797 1797 1797 1797 1797 1797 1797 1797 1797 1797 1797 1797 1797 1797 1797 1797 1797 1797 1797 1797 1797 1797 1797 1797 1797 1797 1797 1797 1797 1797 1797 1797 1797 1797 1797 1797 1797 1797 1797 1797 1797 1797 1797 1797 1797 1797 1797 1797 1797 1797 1797 1797 1797 1797 1797 1797 1797 1797 1797 1797 1797 1797 1797 1797 1797 1797 1797 1797 1797 1797 1797 1797 1797 1797 1797 1797 1797 1797 1797 1797 1797 1797 1797 1797 1797 1797 1797 1797 1797 1797 1797 1797 1797 1797 1797 1797 1797 1797 1797 1797 1797 1797 1797 1797 1797 1797 1797 1797 1797 1797 1797 1797 1797 1797 1797 1797 1797 1797 1797 1797 1797 1797 1797 1797 1797 1797 1797 1797 1797 1797 1797 1797 1797 1797 1797 1797 1797 1797 1797 1797 1797 1797 1797 1797 1797 1797 1797 1797 1797 1797 1797 1797 1797 1797 1797 1797 1797 1797 1797 1797 1797 1797 1797 1797 1797 1797 1797 1797 1797 1797 1797 1797 1797 1797 1797 1797 1797 1797 1797 1797 1797 1797 1797 1797 1797 1797 1797 1797 1797 1797 1797 1797 1797 1797 1797 1797 1797 1797 1797 1797 1797 1797 1797 1797 1797 1797 1797 1797 1797 1797 1797 1797 1797 1797 1797 1797 1797 1797 1797 1797 1797 1797 1797 1797 1797 1797 1797 1797 1797 1797 1797 1797 1797 1797 1797 1797 1797 1797 1797 1797 1797 1797 1797 1797 1797 1797 1797 1797 1797 1797 1797 1797 1797 1797 1797 1797 1797 1797 1797 1797 1797 1797 1797 1797 1797 1797 1797 1797 1797 1797 1797 1797 1797 1797 1797 1797 1797 1797 1797 1797 1797 1797 1797 1797 1797 1797 1797 1085
Case #14: 27240
1816 1816 1816 1816 1816 1816 1816 1816 1816 1816 1816 1816 1816 1816 1816 0 0 0 0 0
Case #15: 1046
3 3 3 3 3 3 3 3 3 3 3 3 3 3 3 3 3 3 3 3 3 3 3 3 3 3 3 3 3 3 3 3 3 3 3 3 3 3 3 3 3 3 3 3 3 3 3 3 3 3 3 3 3 3 3 3 3 3 3 3 3 3 3 3 3 3 3 3 3 3 3 3 3 3 3 3 3 3 3 3 3 3 3 3 3 3 3 3 3 3 3 3 3 3 3 3 3 3 3 3 3 3 3 3 3 3 3 3 3 3 3 3 3 3 3 3 3 3 3 3 3 3 3 3 3 3 3 3 3 3 3 3 3 3 3 3 3 3 3 3 3 3 3 3 3 3 3 3 3 3 3 3 3 3 3 3 3 3 3 3 3 3 3 3 3 3 3 3 3 3 3 3 3 3 3 3 3 3 3 3 3 3 3 3 3 3 3 3 3 3 3 3 3 3 3 3 3 3 3 3 3 3 3 3 3 3 3 3 3 3 3 3 3 3 3 3 3 3 3 3 3 3 3 3 3 3 3 3 3 3 3 3 3 3 3 3 3 3 3 3 3 3 3 3 3 3 3 3 3 3 3 3 3 3 3 3 3 3 3 3 3 3 3 3 3 3 3 3 3 3 3 3 3 3 3 3 3 3 3 3 3 3 3 3 3 3 3 3 3 3 3 3 3 3 3 3 3 3 3 3 3 3 3 3 3 3 3 3 3 3 3 3 3 3 3 3 3 3 3 3 3 3 3 3 3 3 3 3 3 3 3 2 2 2 2 2 2 2 2 2 2 2 2 2 2 2 2 2 2 2 2 2 2 2 2 2 2 1 0 0 0 0 0 0 0 0 0 0 0 0 0 0 0 0 0 0 0 0 0 0 0 0 0 0 0 0 0 0 0 0 0 0 0 0 0 0 0 0
Case #16: 1572223818
7980831 7980831 7980831 7980831 7980831 7980831 7980831 7980831 7980831 7980831 7980831 7980831 7980831 7980831 7980831 7980831 7980831 7980831 7980831 7980831 7980831 7980831 7980831 7980831 7980831 7980831 7980831 7980831 7980831 7980831 7980831 7980831 7980831 7980831 7980831 7980831 7980831 7980831 7980831 7980831 7980831 7980831 7980831 7980831 7980831 7980831 7980831 7980831 7980831 7980831 7980831 7980831 7980831 7980831 7980831 7980831 7980831 7980831 7980831 7980831 7980831 7980831 7980831 7980831 7980831 7980831 7980831 7980831 7980831 7980831 7980831 7980831 7980831 7980831 7980831 7980831 7980831 7980831 7980831 7980831 7980831 7980831 7980831 7980831 7980831 7980831 7980831 7980831 7980831 7980831 7980831 7980831 7980831 7980831 7980831 7980831 7980831 7980831 7980831 7980831 7980831 7980831 7980831 7980831 7980831 7980831 7980831 7980831 7980831 7980831 7980831 7980831 7980831 7980831 7980831 7980831 7980831 7980831 7980831 7980831 7980831 7980831 7980831 7980831 7980831 7980831 7980831 7980831 7980831 7980831 7980831 7980831 7980831 7980831 7980831 7980831 7980831 7980831 7980831 7980831 7980831 7980831 7980831 7980831 7980831 7980831 7980831 7980831 7980831 7980831 7980831 7980831 7980831 7980831 7980831 7980831 7980831 7980831 7980831 7980831 7980831 7980831 7980831 7980831 7980831 7980831 7980831 7980831 7980831 7980831 7980831 7980831 7980831 7980831 7980831 7980831 7980831 7980831 7980831 7980831 7980831 7980831 7980831 7980831 7980831 7980831 7980831 7980831 7980831 7980831 7980831 7980831 7980831 7980831 7980831 7980831 7980831 111
Case #17: 8224
21 21 21 21 21 21 21 21 21 21 21 21 21 21 21 21 21 21 21 21 21 21 21 21 21 21 21 21 21 21 21 21 21 21 21 21 21 21 21 21 21 21 21 21 21 21 21 21 21 21 21 21 21 21 21 21 21 21 21 21 21 21 21 21 21 21 21 21 21 21 21 21 21 21 21 21 21 21 21 21 21 21 21 21 21 21 21 21 21 21 21 21 21 21 21 21 21 21 21 21 21 21 21 21 21 21 21 21 21 21 21 21 21 21 21 21 21 21 21 21 21 21 21 21 21 21 21 21 21 21 21 21 21 21 21 21 21 21 21 21 21 21 21 21 21 21 21 21 21 21 21 21 21 21 21 21 21 21 21 21 21 21 21 21 21 21 21 21 21 21 21 21 21 21 21 21 21 21 21 21 21 21 21 21 21 21 21 21 21 21 21 21 21 21 21 21 21 21 21 21 21 21 21 21 21 21 21 21 21 21 21 21 21 21 21 21 21 21 21 21 21 21 21 21 21 21 21 21 21 21 21 21 21 21 21 21 21 21 21 21 21 21 21 21 21 21 21 21 21 21 21 21 21 21 21 21 21 21 21 21 21 21 21 21 21 21 21 21 21 21 21 21 21 21 21 21 21 21 21 21 21 21 21 21 21 21 21 21 21 21 21 21 21 21 21 21 21 21 21 21 21 21 21 21 21 21 21 21 21 21 21 21 21 21 21 21 21 21 21 21 21 21 21 21 21 21 21 21 21 21 21 21 21 21 21 21 21 21 21 21 21 21 21 21 21 21 21 21 21 21 21 21 21 21 21 21 21 21 21 21 21 21 21 21 21 21 21 21 21 21 21 21 21 21 21 21 21 21 21 21 21 21 21 21 21 21 21 21 21 19 18 18
Case #18: 851572843
6652913 6652913 6652913 6652913 6652913 6652913 6652913 6652913 6652913 6652913 6652913 6652913 6652913 6652913 6652913 6652913 6652913 6652913 6652913 6652913 6652913 6652913 6652913 6652913 6652913 6652913 6652913 6652913 6652913 6652913 6652913 6652913 6652913 6652913 6652913 6652913 6652913 6652913 6652913 6652913 6652913 6652913 6652913 6652913 6652913 6652913 6652913 6652913 6652913 6652913 6652913 6652913 6652913 6652913 6652913 6652913 6652913 6652913 6652913 6652913 6652913 6652913 6652913 6652913 6652913 6652913 6652913 6652913 6652913 6652913 6652913 6652913 6652913 6652913 6652913 6652913 6652913 6652913 6652913 6652913 6652913 6652913 6652913 6652913 6652913 6652913 6652913 6652913 6652913 6652913 6652913 6652913 6652913 6652913 6652913 6652913 6652913 6652913 6652913 6652913 6652913 6652913 6652913 6652913 6652913 6652913 6652913 6652913 6652913 6652913 6652913 6652913 6652913 6652913 6652913 6652913 6652913 6652913 6652913 6652913 6652913 6652913 6652913 6652913 6652913 6652906 6652906 6652906
Case #19: 107
11 11 11 11 11 11 11 11 11 8 0
Case #20: 6934581
75376 75376 75376 75376 75376 75376 75376 75376 75376 75376 75376 75376 75376 75376 75376 75376 75376 75376 75376 75376 75376 75376 75376 75376 75376 75376 75376 75376 75376 75376 75376 75376 75376 75376 75376 75376 75376 75376 75376 75376 75376 75376 75376 75376 75376 75376 75376 75376 75376 75376 75376 75376 75376 75376 75376 75376 75376 75376 75376 75376 75376 75376 75376 75376 75376 75376 75376 75376 75376 75376 75376 75376 75376 75376 75376 75376 75376 75376 75376 75376 75376 75376 75375 75375 75375 75375 75375 75375 75375 75375 75375 75374
Case #21: 8463
24 24 24 24 24 24 24 24 24 24 24 24 24 24 24 24 24 24 24 24 24 24 24 24 24 24 24 24 24 24 24 24 24 24 24 24 24 24 24 24 24 24 24 24 24 24 24 24 24 24 24 24 24 24 24 24 24 24 24 24 24 24 24 24 24 24 24 24 24 24 24 24 24 24 24 24 24 24 24 24 24 24 24 24 24 24 24 24 24 24 24 24 24 24 24 24 24 24 24 24 24 24 24 24 24 24 24 24 24 24 24 24 24 24 24 24 24 24 24 24 24 24 24 24 24 24 24 24 24 24 24 24 24 24 24 24 24 24 24 24 24 24 24 24 24 24 24 24 24 24 24 24 24 24 24 24 24 24 24 24 24 24 24 24 24 24 24 24 24 24 24 24 24 24 24 24 24 24 24 24 24 24 24 24 24 24 24 24 24 24 24 24 24 24 24 24 24 24 24 24 24 24 24 24 24 24 24 24 24 24 24 24 24 24 24 24 24 24 24 24 24 24 24 24 24 24 24 24 24 24 24 24 24 24 24 24 24 24 24 24 24 24 24 24 24 24 24 24 24 24 24 24 24 24 24 24 24 24 24 24 24 24 24 24 24 24 24 24 24 24 24 24 24 24 24 24 24 24 24 24 24 24 24 24 24 24 24 24 24 24 24 24 24 24 24 24 24 24 24 24 24 24 24 24 24 24 24 24 24 24 24 24 24 24 24 24 24 24 24 24 24 23 23 23 23 23 23 23 23 23 23 23 23 23 23 23 23 23 23 23 23 23 23 23 23 23 23 23 23 23 23 23 23 23
Case #22: 4686186
10391 10391 10391 10391 10391 10391 10391 10391 10391 10391 10391 10391 10391 10391 10391 10391 10391 10391 10391 10391 10391 10391 10391 10391 10391 10391 10391 10391 10391 10391 10391 10391 10391 10391 10391 10391 10391 10391 10391 10391 10391 10391 10391 10391 10391 10391 10391 10391 10391 10391 10391 10391 10391 10391 10391 10391 10391 10391 10391 10391 10391 10391 10391 10391 10391 10391 10391 10391 10391 10391 10391 10391 10391 10391 10391 10391 10391 10391 10391 10391 10391 10391 10391 10391 10391 10391 10391 10391 10391 10391 10391 10391 10391 10391 10391 10391 10391 10391 10391 10391 10391 10391 10391 10391 10391 10391 10391 10391 10391 10391 10391 10391 10391 10391 10391 10391 10391 10391 10391 10391 10391 10391 10391 10391 10391 10391 10391 10391 10391 10391 10391 10391 10391 10391 10391 10391 10391 10391 10391 10391 10391 10391 10391 10391 10391 10391 10391 10391 10391 10391 10391 10391 10391 10391 10391 10391 10391 10391 10391 10391 10391 10391 10391 10391 10391 10391 10391 10391 10391 10391 10391 10391 10391 10391 10391 10391 10391 10391 10391 10391 10391 10391 10391 10391 10391 10391 10391 10391 10391 10391 10391 10391 10391 10391 10391 10391 10391 10391 10391 10391 10391 10391 10391 10391 10391 10391 10391 10391 10391 10391 10391 10391 10391 10391 10391 10391 10391 10391 10391 10391 10391 10391 10391 10391 10391 10391 10391 10391 10391 10391 10391 10391 10391 10391 10391 10391 10391 10391 10391 10391 10391 10391 10391 10391 10391 10391 10391 10391 10391 10391 10391 10391 10391 10391 10391 10391 10391 10391 10391 10391 10391 10391 10391 10391 10391 10391 10391 10391 10391 10391 10391 10391 10391 10391 10391 10391 10391 10391 10391 10391 10391 10391 10391 10391 10391 10391 10391 10391 10391 10391 10391 10391 10391 10391 10391 10391 10391 10391 10391 10391 10391 10391 10391 10391 10391 10391 10391 10391 10391 10391 10391 10391 10391 10391 10391 10391 10391 10391 10391 10391 10391 10391 10391 10391 10391 10391 10391 10391 10391 10391 10391 10391 10391 10391 10391 10391 10391 10391 10391 10391 10391 10391 10391 10391 10391 10391 10391 10391 10391 10391 10391 10391 10391 10391 10391 10391 10391 10391 10391 10391 10391 10391 10391 10391 10391 10391 10391 10391 10391 10391 10391 10391 10391 10391 10391 10391 10391 10391 10391 10391 10391 10391 10391 10391 10391 10391 10391 10391 10391 10391 10391 10391 10391 10391 10391 10391 10391 10391 10391 10391 10391 10391 10391 10391 10391 10391 10391 10391 10391 10391 10391 10391 10391 10391 10391 10391 10391 10391 10391 10391 10391 10391 10391 10391 10391 10391 10391 10391 10391 10391 10391 10391 10391 10391 10391 10391 10391 10391 10391 10391 10391 10391 10391 10391 10391 10391 10391 10391 10391 10314 10313
Case #23: 317531559700
317531559700 0 0 0 0 0 0 0 0 0 0 0 0 0 0 0 0 0 0 0 0 0 0 0 0 0 0 0 0 0 0 0 0 0 0 0 0 0 0 0 0 0 0 0 0 0 0 0 0 0 0 0 0 0 0 0 0 0 0 0 0 0 0 0 0 0 0 0 0 0 0 0 0 0 0 0 0 0 0 0 0 0 0 0 0 0 0 0 0 0 0 0 0 0 0 0 0 0 0 0 0 0 0 0 0 0 0 0 0 0 0 0 0 0 0 0 0 0 0 0 0 0 0 0 0 0 0 0 0 0 0 0 0 0 0 0 0 0 0 0 0 0 0 0 0 0 0 0 0 0 0 0 0 0 0 0 0 0 0 0 0 0 0 0 0 0 0 0
Case #24: 9999091
10000 10000 10000 10000 10000 10000 10000 10000 10000 10000 10000 10000 10000 10000 10000 10000 10000 10000 10000 10000 10000 10000 10000 10000 10000 10000 10000 10000 10000 10000 10000 10000 10000 10000 10000 10000 10000 10000 10000 10000 10000 10000 10000 10000 10000 10000 10000 10000 10000 10000 10000 10000 10000 10000 10000 10000 10000 10000 10000 10000 10000 10000 10000 10000 10000 10000 10000 10000 10000 10000 10000 10000 10000 10000 10000 10000 10000 10000 10000 10000 10000 10000 10000 10000 10000 10000 10000 10000 10000 10000 10000 10000 10000 10000 10000 10000 10000 10000 10000 10000 10000 10000 10000 10000 10000 10000 10000 10000 10000 10000 10000 10000 10000 10000 10000 10000 10000 10000 10000 10000 10000 10000 10000 10000 10000 10000 10000 10000 10000 10000 10000 10000 10000 10000 10000 10000 10000 10000 10000 10000 10000 10000 10000 10000 10000 10000 10000 10000 10000 10000 10000 10000 10000 10000 10000 10000 10000 10000 10000 10000 10000 10000 10000 10000 10000 10000 10000 10000 10000 10000 10000 10000 10000 10000 10000 10000 10000 10000 10000 10000 10000 10000 10000 10000 10000 10000 10000 10000 10000 10000 10000 10000 10000 10000 10000 10000 10000 10000 10000 10000 10000 10000 10000 10000 10000 10000 10000 10000 10000 10000 10000 10000 10000 10000 10000 10000 10000 10000 10000 10000 10000 10000 10000 10000 10000 10000 10000 10000 10000 10000 10000 10000 10000 10000 10000 10000 10000 10000 10000 10000 10000 10000 10000 10000 10000 10000 10000 10000 10000 10000 10000 10000 10000 10000 10000 10000 10000 10000 10000 10000 10000 10000 10000 10000 10000 10000 10000 10000 10000 10000 10000 10000 10000 10000 10000 10000 10000 10000 10000 10000 10000 10000 10000 10000 10000 10000 10000 10000 10000 10000 10000 10000 10000 10000 10000 10000 10000 10000 10000 10000 10000 10000 10000 10000 10000 10000 10000 10000 10000 10000 10000 10000 10000 10000 10000 10000 10000 10000 10000 10000 10000 10000 10000 10000 10000 10000 10000 10000 10000 10000 10000 10000 10000 10000 10000 10000 10000 10000 10000 10000 10000 10000 10000 10000 10000 10000 10000 10000 10000 10000 10000 10000 10000 10000 10000 10000 10000 10000 10000 10000 10000 10000 10000 10000 10000 10000 10000 10000 10000 10000 10000 10000 10000 10000 10000 10000 10000 10000 10000 10000 10000 10000 10000 10000 10000 10000 10000 10000 10000 10000 10000 10000 10000 10000 10000 10000 10000 10000 10000 10000 10000 10000 10000 10000 10000 10000 10000 10000 10000 10000 10000 10000 10000 10000 10000 10000 10000 10000 10000 10000 10000 10000 10000 10000 10000 10000 10000 10000 10000 10000 10000 10000 10000 10000 10000 10000 10000 10000 10000 10000 10000 10000 10000 10000 10000 10000 10000 10000 10000 10000 10000 10000 10000 10000 10000 10000 10000 10000 10000 10000 10000 10000 10000 10000 10000 10000 10000 10000 10000 10000 10000 10000 10000 10000 10000 10000 10000 10000 10000 10000 10000 10000 10000 10000 10000 10000 10000 10000 10000 10000 10000 10000 10000 10000 10000 10000 10000 10000 10000 10000 10000 10000 10000 10000 10000 10000 10000 10000 10000 10000 10000 10000 10000 10000 10000 10000 10000 10000 10000 10000 10000 10000 10000 10000 10000 10000 10000 10000 10000 10000 10000 10000 10000 10000 10000 10000 10000 10000 10000 10000 10000 10000 10000 10000 10000 10000 10000 10000 10000 10000 10000 10000 10000 10000 10000 10000 10000 10000 10000 10000 10000 10000 10000 10000 10000 10000 10000 10000 10000 10000 10000 10000 10000 10000 10000 10000 10000 10000 10000 10000 10000 10000 10000 10000 10000 10000 10000 10000 10000 10000 10000 10000 10000 10000 10000 10000 10000 10000 10000 10000 10000 10000 10000 10000 10000 10000 10000 10000 10000 10000 10000 10000 10000 10000 10000 10000 10000 10000 10000 10000 10000 10000 10000 10000 10000 10000 10000 10000 10000 10000 10000 10000 10000 10000 10000 10000 10000 10000 10000 10000 10000 10000 10000 10000 10000 10000 10000 10000 10000 10000 10000 10000 10000 10000 10000 10000 10000 10000 10000 10000 10000 10000 10000 10000 10000 10000 10000 10000 10000 10000 10000 10000 10000 10000 10000 10000 10000 10000 10000 10000 10000 10000 10000 10000 10000 10000 10000 10000 10000 10000 10000 10000 10000 10000 10000 10000 10000 10000 10000 10000 10000 10000 10000 10000 10000 10000 10000 10000 10000 10000 10000 10000 10000 10000 10000 10000 10000 10000 10000 10000 10000 10000 10000 10000 10000 10000 10000 10000 10000 10000 10000 10000 10000 10000 10000 10000 10000 10000 10000 10000 10000 10000 10000 10000 10000 10000 10000 10000 10000 10000 10000 10000 10000 10000 10000 10000 10000 10000 10000 10000 10000 10000 10000 10000 10000 10000 10000 10000 10000 10000 10000 10000 10000 10000 10000 10000 10000 10000 10000 10000 10000 10000 10000 10000 10000 10000 10000 10000 10000 10000 10000 10000 10000 10000 10000 10000 10000 10000 10000 10000 10000 10000 10000 10000 10000 10000 10000 10000 10000 10000 10000 10000 10000 10000 10000 10000 10000 10000 10000 10000 10000 10000 10000 10000 10000 10000 10000 10000 10000 10000 10000 10000 10000 10000 10000 10000 10000 10000 10000 10000 10000 10000 10000 10000 10000 10000 10000 10000 10000 10000 10000 10000 10000 10000 10000 10000 10000 10000 10000 10000 10000 10000 10000 10000 10000 10000 10000 10000 10000 10000 10000 10000 10000 10000 10000 10000 10000 10000 10000 10000 10000 10000 10000 10000 10000 10000 10000 10000 10000 10000 10000 10000 10000 10000 10000 10000 10000 10000 10000 10000 10000 10000 10000 10000 10000 10000 10000 10000 10000 10000 10000 10000 10000 10000 10000 10000 10000 10000 10000 10000 10000 10000 10000 10000 10000 10000 10000 10000 10000 10000 10000 10000 10000 10000 10000 10000 10000 10000 10000 10000 10000 10000 10000 10000 10000 10000 10000 10000 10000 10000 10000 10000 10000 10000 10000 10000 10000 10000 10000 10000 10000 10000 10000 10000 10000 10000 10000 10000 10000 10000 10000 10000 10000 10000 10000 10000 10000 10000 10000 10000 10000 10000 10000 10000 10000 10000 10000 10000 10000 10000 10000 10000 10000 10000 10000 10000 10000 10000 10000 9091
Case #25: 6184651
6197 6197 6197 6197 6197 6197 6197 6197 6197 6197 6197 6197 6197 6197 6197 6197 6197 6197 6197 6197 6197 6197 6197 6197 6197 6197 6197 6197 6197 6197 6197 6197 6197 6197 6197 6197 6197 6197 6197 6197 6197 6197 6197 6197 6197 6197 6197 6197 6197 6197 6197 6197 6197 6197 6197 6197 6197 6197 6197 6197 6197 6197 6197 6197 6197 6197 6197 6197 6197 6197 6197 6197 6197 6197 6197 6197 6197 6197 6197 6197 6197 6197 6197 6197 6197 6197 6197 6197 6197 6197 6197 6197 6197 6197 6197 6197 6197 6197 6197 6197 6197 6197 6197 6197 6197 6197 6197 6197 6197 6197 6197 6197 6197 6197 6197 6197 6197 6197 6197 6197 6197 6197 6197 6197 6197 6197 6197 6197 6197 6197 6197 6197 6197 6197 6197 6197 6197 6197 6197 6197 6197 6197 6197 6197 6197 6197 6197 6197 6197 6197 6197 6197 6197 6197 6197 6197 6197 6197 6197 6197 6197 6197 6197 6197 6197 6197 6197 6197 6197 6197 6197 6197 6197 6197 6197 6197 6197 6197 6197 6197 6197 6197 6197 6197 6197 6197 6197 6197 6197 6197 6197 6197 6197 6197 6197 6197 6197 6197 6197 6197 6197 6197 6197 6197 6197 6197 6197 6197 6197 6197 6197 6197 6197 6197 6197 6197 6197 6197 6197 6197 6197 6197 6197 6197 6197 6197 6197 6197 6197 6197 6197 6197 6197 6197 6197 6197 6197 6197 6197 6197 6197 6197 6197 6197 6197 6197 6197 6197 6197 6197 6197 6197 6197 6197 6197 6197 6197 6197 6197 6197 6197 6197 6197 6197 6197 6197 6197 6197 6197 6197 6197 6197 6197 6197 6197 6197 6197 6197 6197 6197 6197 6197 6197 6197 6197 6197 6197 6197 6197 6197 6197 6197 6197 6197 6197 6197 6197 6197 6197 6197 6197 6197 6197 6197 6197 6197 6197 6197 6197 6197 6197 6197 6197 6197 6197 6197 6197 6197 6197 6197 6197 6197 6197 6197 6197 6197 6197 6197 6197 6197 6197 6197 6197 6197 6197 6197 6197 6197 6197 6197 6197 6197 6197 6197 6197 6197 6197 6197 6197 6197 6197 6197 6197 6197 6197 6197 6197 6197 6197 6197 6197 6197 6197 6197 6197 6197 6197 6197 6197 6197 6197 6197 6197 6197 6197 6197 6197 6197 6197 6197 6197 6197 6197 6197 6197 6197 6197 6197 6197 6197 6197 6197 6197 6197 6197 6197 6197 6197 6197 6197 6197 6197 6197 6197 6197 6197 6197 6197 6197 6197 6197 6197 6197 6197 6197 6197 6197 6197 6197 6197 6197 6197 6197 6197 6197 6197 6197 6197 6197 6197 6197 6197 6197 6197 6197 6197 6197 6197 6197 6197 6197 6197 6197 6197 6197 6197 6197 6197 6197 6197 6197 6197 6197 6197 6197 6197 6197 6197 6197 6197 6197 6197 6197 6197 6197 6197 6197 6197 6197 6197 6197 6197 6197 6197 6197 6197 6197 6197 6197 6197 6197 6197 6197 6197 6197 6197 6197 6197 6197 6197 6197 6197 6197 6197 6197 6197 6197 6197 6197 6197 6197 6197 6197 6197 6197 6197 6197 6197 6197 6197 6197 6197 6197 6197 6197 6197 6197 6197 6197 6197 6197 6197 6197 6197 6197 6197 6197 6197 6197 6197 6197 6197 6197 6197 6197 6197 6197 6197 6197 6197 6197 6197 6197 6197 6197 6197 6197 6197 6197 6197 6197 6197 6197 6197 6197 6197 6197 6197 6197 6197 6197 6197 6197 6197 6197 6197 6197 6197 6197 6197 6197 6197 6197 6197 6197 6197 6197 6197 6197 6197 6197 6197 6197 6197 6197 6197 6197 6197 6197 6197 6197 6197 6197 6197 6197 6197 6197 6197 6197 6197 6197 6197 6197 6197 6197 6197 6197 6197 6197 6197 6197 6197 6197 6197 6197 6197 6197 6197 6197 6197 6197 6197 6197 6197 6197 6197 6197 6197 6197 6197 6197 6197 6197 6197 6197 6197 6197 6197 6197 6197 6197 6197 6197 6197 6197 6197 6197 6197 6197 6197 6197 6197 6197 6197 6197 6197 6197 6197 6197 6197 6197 6197 6197 6197 6197 6197 6197 6197 6197 6197 6197 6197 6197 6197 6197 6197 6197 6197 6197 6197 6197 6197 6197 6197 6197 6197 6197 6197 6197 6197 6197 6197 6197 6197 6197 6197 6197 6197 6197 6197 6197 6197 6197 6197 6197 6197 6197 6197 6197 6197 6197 6197 6197 6197 6197 6197 6197 6197 6197 6197 6197 6197 6197 6197 6197 6197 6197 6197 6197 6197 6197 6197 6197 6197 6197 6197 6197 6197 6197 6197 6197 6197 6197 6197 6197 6197 6197 6197 6197 6197 6197 6197 6197 6197 6197 6197 6197 6197 6197 6197 6197 6197 6197 6197 6197 6197 6197 6197 6197 6197 6197 6197 6197 6197 6197 6197 6197 6197 6197 6197 6197 6197 6197 6197 6197 6197 6197 6197 6197 6197 6197 6197 6197 6197 6197 6197 6197 6197 6197 6197 6197 6197 6197 6197 6197 6197 6197 6197 6197 6197 6197 6197 6197 6197 6197 6197 6197 6197 6197 6197 6197 6197 6197 6197 6197 6197 6197 6197 6197 6197 6197 6197 6197 6197 6197 6197 6197 6197 6197 6197 6197 6197 6197 6197 6197 6197 6197 6197 6197 6197 6197 6197 6197 6197 6197 6197 6197 6197 6197 6197 6197 6197 6197 6197 6197 6197 6197 6197 6197 6197 6197 6197 6197 6197 6197 6197 6197 6197 6197 6197 6197 6197 6197 6197 6197 6197 6197 6197 6197 6197 6197 6197 6197 6197 6197 6197 6197 6197 6197 6197 6197 6197 6197 6197 6197 6197 6197 6197 6197 6197 6197 6197 6197 6197 6197 6197 6197 6197 6197 6197 6197 6197 6197 6197 6197 6197 6197 6197 6197 6197 6197 6197 6197 6197 6197 6197 6197 6197 6197 6197 6197 6197 6197 6197 6197 6197 6197 6197 6197 6197 6197 6197 6197 6197 6197 6197 6197 6197 6197 6197 6197 6197 6197 6197 6197 6197 6197 6197 6197 6197 6197 6197 6197 6197 6197 6197 6197 6197 6197 6197 6197 6197 6197 6197 6197 6197 6197 6197 6197 6197 6197 6197 6197 6197 6197 6197 6197 6197 45 0
Case #26: 6
1 1 1 1 1 1 0 0 0 0 0 0 0 0 0 0 0 0 0 0 0 0 0 0 0 0 0 0 0 0 0 0 0 0 0 0 0 0 0 0 0 0 0 0 0 0 0 0 0 0 0 0 0 0 0 0 0 0 0 0 0 0 0 0 0 0 0 0 0 0 0 0 0 0 0 0 0 0 0 0 0 0 0 0 0 0 0 0 0 0 0 0 0 0 0 0 0 0 0 0 0 0 0 0 0 0 0 0 0 0 0 0 0 0 0 0 0 0 0 0 0 0 0 0 0 0 0 0 0 0 0 0 0
Case #27: 1125
3 3 3 3 3 3 3 3 3 3 3 3 3 3 3 3 3 3 3 3 3 3 3 3 3 3 3 3 3 3 3 3 3 3 3 3 3 3 3 3 3 3 3 3 3 3 3 3 3 3 3 3 3 3 3 3 3 3 3 3 3 3 3 3 3 3 3 3 3 3 3 3 3 3 3 3 3 3 3 3 3 3 3 3 3 3 3 3 3 3 3 3 3 3 3 3 3 3 3 3 3 3 3 3 3 3 3 3 3 3 3 3 3 3 3 3 3 3 3 3 3 3 3 3 3 3 3 3 3 3 3 3 3 3 3 3 3 3 3 3 3 3 3 3 3 3 3 3 3 3 3 3 3 3 3 3 3 3 3 3 3 3 3 3 3 3 3 3 3 3 3 3 3 3 3 3 3 3 3 3 3 3 3 3 3 3 3 3 3 3 3 3 3 3 3 3 3 3 3 3 3 3 3 3 3 3 3 3 3 3 3 2 2 2 2 2 2 2 2 2 2 2 2 2 2 2 2 2 2 2 2 2 2 2 2 2 2 2 2 2 2 2 2 2 2 2 2 2 2 2 2 2 2 2 2 2 2 2 2 2 2 2 2 2 2 2 2 2 2 2 2 2 2 2 2 2 2 2 2 2 2 2 2 2 2 2 2 2 2 2 2 2 2 2 2 2 2 2 2 2 2 2 2 2 2 2 2 2 2 2 2 2 2 2 2 2 2 2 2 2 2 2 2 2 2 2 2 2 2 2 2 2 2 2 2 2 2 2 2 2 2 2 2 2 2 2 2 2 2 2 2 2 2 2 2 2 2 2 2 2 2 2 2 2 2 2 2 2 2 2 2 2 2 2 2 2 2 2 2 2 2 2 2 2 2 2 2 2 2 2 2 2 2 2 2 2 2 2 2 2 2 2 2 2 2 2 2 2 2 2 2 2 2 2 2 2 2 2 2 2 2 2 2 2 2 2 2 2 2 2 2 2 2 2 2 2 2 2 2 2 2 2 2 2 2 2 2 2 2 2 2 2 2 2 2 2 2
Case #28: 61974
730 730 730 730 730 730 730 730 730 729 729 729 729 729 729 729 729 729 729 729 729 729 729 729 729 729 729 729 729 729 729 729 729 729 729 729 729 729 729 729 729 729 729 729 729 729 729 729 729 729 729 729 729 729 729 729 729 729 729 729 729 729 729 729 729 729 729 729 729 729 729 729 729 729 729 729 729 729 729 729 729 729 729 729 729
Case #29: 16
1 1 1 1 1 1 1 1 1 1 1 1 1 1 1 1 0 0 0 0 0 0 0 0 0 0 0 0 0 0 0 0 0 0 0 0 0 0 0 0 0 0 0 0 0 0 0 0 0 0 0 0 0 0 0 0 0 0 0 0 0 0 0 0 0 0 0 0 0 0 0 0 0 0 0 0 0 0 0 0 0 0 0 0 0 0 0 0 0 0 0 0 0 0 0 0 0 0 0 0 0 0 0 0 0 0 0 0 0 0 0 0 0 0 0 0 0 0 0 0 0 0 0 0 0 0 0 0 0 0 0 0 0 0 0 0 0 0 0 0 0 0 0 0 0 0 0 0 0 0 0 0 0 0 0 0 0 0 0 0 0 0 0 0
Case #30: 8
4 4 0
Case #31: 25
1 1 1 1 1 1 1 1 1 1 1 1 1 1 1 1 1 1 1 1 1 1 1 1 1 0 0 0 0 0 0 0 0 0 0 0 0 0 0 0 0 0 0 0 0 0 0 0 0 0 0 0 0 0 0 0 0 0 0 0 0 0 0 0 0 0 0 0 0 0 0 0 0 0 0 0 0 0 0 0 0 0 0 0 0 0 0 0 0 0 0 0 0 0 0 0 0 0 0 0 0 0 0 0 0 0 0 0 0 0 0 0 0 0 0 0 0 0 0 0 0 0 0 0 0 0 0 0 0 0 0 0 0 0 0 0 0 0 0 0 0 0 0 0 0 0 0 0
Case #32: 11
3 3 3 2 0
Case #33: 998001
999 999 999 999 999 999 999 999 999 999 999 999 999 999 999 999 999 999 999 999 999 999 999 999 999 999 999 999 999 999 999 999 999 999 999 999 999 999 999 999 999 999 999 999 999 999 999 999 999 999 999 999 999 999 999 999 999 999 999 999 999 999 999 999 999 999 999 999 999 999 999 999 999 999 999 999 999 999 999 999 999 999 999 999 999 999 999 999 999 999 999 999 999 999 999 999 999 999 999 999 999 999 999 999 999 999 999 999 999 999 999 999 999 999 999 999 999 999 999 999 999 999 999 999 999 999 999 999 999 999 999 999 999 999 999 999 999 999 999 999 999 999 999 999 999 999 999 999 999 999 999 999 999 999 999 999 999 999 999 999 999 999 999 999 999 999 999 999 999 999 999 999 999 999 999 999 999 999 999 999 999 999 999 999 999 999 999 999 999 999 999 999 999 999 999 999 999 999 999 999 999 999 999 999 999 999 999 999 999 999 999 999 999 999 999 999 999 999 999 999 999 999 999 999 999 999 999 999 999 999 999 999 999 999 999 999 999 999 999 999 999 999 999 999 999 999 999 999 999 999 999 999 999 999 999 999 999 999 999 999 999 999 999 999 999 999 999 999 999 999 999 999 999 999 999 999 999 999 999 999 999 999 999 999 999 999 999 999 999 999 999 999 999 999 999 999 999 999 999 999 999 999 999 999 999 999 999 999 999 999 999 999 999 999 999 999 999 999 999 999 999 999 999 999 999 999 999 999 999 999 999 999 999 999 999 999 999 999 999 999 999 999 999 999 999 999 999 999 999 999 999 999 999 999 999 999 999 999 999 999 999 999 999 999 999 999 999 999 999 999 999 999 999 999 999 999 999 999 999 999 999 999 999 999 999 999 999 999 999 999 999 999 999 999 999 999 999 999 999 999 999 999 999 999 999 999 999 999 999 999 999 999 999 999 999 999 999 999 999 999 999 999 999 999 999 999 999 999 999 999 999 999 999 999 999 999 999 999 999 999 999 999 999 999 999 999 999 999 999 999 999 999 999 999 999 999 999 999 999 999 999 999 999 999 999 999 999 999 999 999 999 999 999 999 999 999 999 999 999 999 999 999 999 999 999 999 999 999 999 999 999 999 999 999 999 999 999 999 999 999 999 999 999 999 999 999 999 999 999 999 999 999 999 999 999 999 999 999 999 999 999 999 999 999 999 999 999 999 999 999 999 999 999 999 999 999 999 999 999 999 999 999 999 999 999 999 999 999 999 999 999 999 999 999 999 999 999 999 999 999 999 999 999 999 999 999 999 999 999 999 999 999 999 999 999 999 999 999 999 999 999 999 999 999 999 999 999 999 999 999 999 999 999 999 999 999 999 999 999 999 999 999 999 999 999 999 999 999 999 999 999 999 999 999 999 999 999 999 999 999 999 999 999 999 999 999 999 999 999 999 999 999 999 999 999 999 999 999 999 999 999 999 999 999 999 999 999 999 999 999 999 999 999 999 999 999 999 999 999 999 999 999 999 999 999 999 999 999 999 999 999 999 999 999 999 999 999 999 999 999 999 999 999 999 999 999 999 999 999 999 999 999 999 999 999 999 999 999 999 999 999 999 999 999 999 999 999 999 999 999 999 999 999 999 999 999 999 999 999 999 999 999 999 999 999 999 999 999 999 999 999 999 999 999 999 999 999 999 999 999 999 999 999 999 999 999 999 999 999 999 999 999 999 999 999 999 999 999 999 999 999 999 999 999 999 999 999 999 999 999 999 999 999 999 999 999 999 999 999 999 999 999 999 999 999 999 999 999 999 999 999 999 999 999 999 999 999 999 999 999 999 999 999 999 999 999 999 999 999 999 999 999 999 999 999 999 999 999 999 999 999 999 999 999 999 999 999 999 999 999 999 999 999 999 999 999 999 999 999 999 999 999 999 999 999 999 999 999 999 999 999 999 999 999 999 999 999 999 999 999 999 999 999 999 999 999 999 999 999 999 999 999 999 999 999 999 999 999 999 999 999 999 999 999 999 999 999 999 999 999 999 999 999 999 999 999 999 999 999 999 999 999 999 999 999 999 999 999 999 999 999 999 999 999 999 999 999 999 999 999 999 999 999 999 999 999 999 999 999 999 999 999 999 999 999 999 999 999 999 999 999 999 999 999 999 999 999 999 999 999 999 999 999 999 999 999 999 999 999 999 999 999 999 999 999 999 999 999 999 999 999 999 999 999 999 999 999 999 999 999 999 999 999 999 999 999 999 999 999 999 999 999 999 999 999 999 999 999 999 0
Case #34: 16213761
337786 337786 337786 337786 337786 337786 337786 337786 337786 337786 337786 337786 337786 337786 337786 337786 337786 337786 337786 337786 337786 337786 337786 337786 337786 337786 337786 337786 337786 337786 337786 337786 337786 337786 337786 337786 337786 337786 337786 337786 337786 337786 337786 337786 337786 337786 337786 337786 11 11 11
Case #35: 172681
1234 1234 1234 1234 1234 1234 1234 1234 1234 1234 1234 1234 1234 1234 1234 1234 1234 1234 1234 1234 1234 1234 1234 1234 1234 1234 1234 1234 1234 1234 1234 1234 1234 1234 1234 1234 1234 1234 1234 1234 1234 1234 1234 1234 1234 1234 1234 1234 1234 1234 1234 1234 1234 1234 1234 1234 1234 1234 1234 1234 1234 1233 1233 1233 1233 1233 1233 1233 1233 1233 1233 1233 1233 1233 1233 1233 1233 1233 1233 1233 1233 1233 1233 1233 1233 1233 1233 1233 1233 1233 1233 1233 1233 1233 1233 1233 1233 1233 1233 1233 1233 1233 1233 1233 1233 1233 1233 1233 1233 1233 1233 1233 1233 1233 1233 1233 1233 1233 1233 1233 1233 1233 1233 1233 1233 1233 1233 1233 1233 1233 1233 1233 1233 1233 1233 1233 1233 1233 1233 1233
Case #36: 8676
77 77 77 77 77 77 77 77 77 77 77 77 77 77 77 77 77 77 77 77 77 77 77 77 77 77 77 77 77 77 77 77 77 77 77 77 77 77 77 77 77 77 77 77 77 77 77 77 77 77 77 77 77 77 77 77 77 77 77 77 77 77 77 77 77 77 77 77 77 77 77 77 77 77 77 77 77 77 77 77 77 77 77 77 77 77 77 77 77 77 77 77 77 77 77 77 77 77 77 77 77 77 77 77 77 77 77 77 77 77 77 77 26 26
Case #37: 134645
1307 1307 1307 1307 1307 1307 1307 1307 1307 1307 1307 1307 1307 1307 1307 1307 1307 1307 1307 1307 1307 1307 1307 1307 1307 1307 1307 1307 1307 1307 1307 1307 1307 1307 1307 1307 1307 1307 1307 1307 1307 1307 1307 1307 1307 1307 1307 1307 1307 1307 1307 1307 1307 1307 1307 1307 1307 1307 1307 1307 1307 1307 1307 1307 1307 1307 1307 1307 1307 1307 1307 1307 1307 1307 1307 1307 1307 1307 1307 1307 1307 1307 1307 1307 1307 1307 1307 1307 1307 1307 1307 1307 1307 1307 1307 1307 1307 1307 1307 1307 1307 1307 1307 12 12
Case #38: 4
1 1 1 1 0 0 0 0 0 0 0 0 0 0 0 0 0 0 0 0 0 0 0 0 0 0 0 0 0 0 0 0 0 0 0 0 0 0 0 0 0 0 0 0 0 0 0 0 0 0 0 0 0 0 0 0 0 0 0 0 0 0 0 0 0 0 0 0 0 0 0 0 0 0 0 0 0 0 0 0 0 0 0 0 0 0 0 0 0 0 0 0 0 0 0 0 0 0 0 0 0 0 0 0 0 0 0 0 0 0 0 0 0 0 0 0 0 0 0 0 0 0 0 0 0 0 0 0 0 0 0 0 0 0 0 0 0 0 0 0 0 0 0 0 0 0 0 0 0 0 0 0 0 0 0 0 0 0 0 0 0 0 0 0 0 0 0 0 0 0 0 0 0 0 0 0 0 0 0 0 0 0 0 0 0 0 0 0 0 0 0 0 0 0 0 0 0 0 0 0 0 0 0 0 0 0 0 0 0 0 0 0 0 0 0 0 0 0 0 0 0 0 0 0 0 0 0 0 0 0 0 0 0 0 0 0 0 0 0 0 0 0 0 0 0 0 0 0 0 0 0 0 0 0 0 0 0 0 0 0 0 0 0 0 0 0 0 0 0 0 0 0 0 0 0 0 0 0 0 0 0 0 0 0 0 0 0 0 0 0 0 0 0 0 0 0 0 0 0 0 0 0 0 0 0 0 0 0 0 0 0 0 0 0 0 0 0 0 0 0 0 0 0 0 0 0 0 0 0 0 0 0 0 0 0 0 0 0 0 0 0 0 0 0 0 0 0 0 0 0 0 0 0 0 0 0 0 0 0
Case #39: 530571801
1695118 1695118 1695118 1695118 1695118 1695118 1695118 1695118 1695118 1695118 1695118 1695118 1695118 1695118 1695118 1695118 1695118 1695118 1695118 1695118 1695118 1695118 1695118 1695118 1695118 1695118 1695118 1695118 1695118 1695118 1695118 1695118 1695118 1695118 1695118 1695118 1695118 1695118 1695118 1695118 1695118 1695118 1695118 1695118 1695118 1695118 1695118 1695118 1695118 1695118 1695118 1695118 1695118 1695118 1695118 1695118 1695118 1695118 1695118 1695118 1695118 1695118 1695118 1695118 1695118 1695118 1695118 1695118 1695118 1695118 1695118 1695118 1695118 1695118 1695118 1695118 1695118 1695118 1695118 1695118 1695118 1695118 1695118 1695118 1695118 1695118 1695118 1695118 1695118 1695118 1695118 1695118 1695118 1695118 1695118 1695118 1695118 1695118 1695118 1695118 1695118 1695118 1695118 1695118 1695118 1695118 1695118 1695118 1695118 1695118 1695118 1695118 1695118 1695118 1695118 1695118 1695118 1695118 1695118 1695118 1695118 1695118 1695118 1695118 1695118 1695118 1695118 1695118 1695118 1695118 1695118 1695118 1695118 1695118 1695118 1695118 1695118 1695118 1695118 1695118 1695118 1695118 1695118 1695118 1695118 1695118 1695118 1695118 1695118 1695118 1695118 1695118 1695118 1695118 1695118 1695118 1695118 1695118 1695118 1695118 1695118 1695118 1695118 1695118 1695118 1695118 1695118 1695118 1695118 1695118 1695118 1695118 1695118 1695118 1695118 1695118 1695118 1695118 1695118 1695118 1695118 1695118 1695118 1695118 1695118 1695118 1695118 1695118 1695118 1695118 1695118 1695118 1695118 1695118 1695118 1695118 1695118 1695118 1695118 1695118 1695118 1695118 1695118 1695118 1695118 1695118 1695118 1695118 1695118 1695118 1695118 1695118 1695118 1695118 1695118 1695118 1695118 1695118 1695118 1695118 1695118 1695118 1695118 1695118 1695118 1695118 1695118 1695118 1695118 1695118 1695118 1695118 1695118 1695118 1695118 1695118 1695118 1695118 1695118 1695118 1695118 1695118 1695118 1695118 1695118 1695118 1695118 1695118 1695118 1695118 1695118 1695118 1695118 1695118 1695118 1695118 1695118 1695118 1695118 1695118 1695118 1695118 1695118 1695118 1695118 1695118 1695118 1695118 1695118 1695118 1695118 1695118 1695118 1695118 1695118 1695118 1695118 1695118 1695118 1695118 1695118 1695118 1695118 1695118 1695118 1695118 1695118 1695118 1695118 1695118 1695118 1695118 1695118 1695118 1695118 1695118 1695118 1695118 1695118 1695118 1695118 1695118 1695118 1695118 1695118 1695118 1695118 1695118 1695118 1695118 1695118 1695118 1694985
Case #40: 2
1 1 0 0 0 0 0 0 0 0 0 0 0 0 0 0 0 0 0 0 0 0 0 0 0 0 0 0 0 0 0 0 0 0 0 0 0 0 0 0 0 0 0 0 0 0 0 0 0 0 0 0 0 0 0 0 0 0 0 0 0 0 0 0 0 0 0 0 0 0 0 0 0 0 0 0 0 0 0 0 0 0 0 0 0 0 0 0 0 0 0 0 0 0 0 0 0 0 0 0 0 0 0 0 0 0 0 0 0 0 0 0 0 0 0 0 0 0 0 0 0 0 0 0 0 0 0 0 0 0 0 0 0 0 0 0 0 0 0 0 0 0 0 0 0 0 0 0 0 0 0 0 0 0 0 0 0 0 0 0 0 0 0 0 0 0 0 0 0 0 0 0 0 0 0 0 0 0 0 0 0 0 0 0 0 0 0 0 0 0 0 0 0 0 0 0 0 0 0 0
Case #41: 313669
4613 4613 4613 4613 4613 4613 4613 4613 4613 4613 4613 4613 4613 4613 4613 4613 4613 4613 4613 4613 4613 4613 4613 4613 4613 4613 4613 4613 4613 4613 4613 4613 4613 4613 4613 4613 4613 4613 4613 4613 4613 4613 4613 4613 4613 4613 4613 4613 4613 4613 4613 4613 4613 4613 4613 4613 4613 4613 4613 4613 4613 4613 4613 4613 4610 4609 4609 4609
Case #42: 324537
10818 10818 10818 10818 10818 10818 10818 10818 10818 10818 10818 10818 10818 10818 10818 10818 10818 10818 10818 10818 10818 10818 10818 10818 10818 10818 10818 10817 10817 10817 0
Case #43: 70118603583
458291527 458291527 458291527 458291527 458291527 458291527 458291527 458291527 458291527 458291527 458291527 458291527 458291527 458291527 458291527 458291527 458291527 458291527 458291527 458291527 458291527 458291527 458291527 458291527 458291527 458291527 458291527 458291527 458291527 458291527 458291527 458291527 458291527 458291527 458291527 458291527 458291527 458291527 458291527 458291527 458291527 458291527 458291527 458291527 458291527 458291527 458291527 458291527 458291527 458291527 458291527 458291527 458291527 458291527 458291527 458291527 458291527 458291527 458291527 458291527 458291527 458291527 458291527 458291527 458291527 458291527 458291527 458291527 458291527 458291527 458291527 458291527 458291527 458291527 458291527 458291527 458291527 458291527 458291527 458291527 458291527 458291527 458291527 458291527 458291527 458291527 458291527 458291527 458291527 458291527 458291527 458291527 458291527 458291527 458291527 458291527 458291527 458291527 458291527 458291527 458291527 458291527 458291527 458291527 458291527 458291526 458291526 458291526 458291526 458291526 458291526 458291526 458291526 458291526 458291526 458291526 458291526 458291526 458291526 458291526 458291526 458291526 458291526 458291526 458291526 458291526 458291526 458291526 458291526 458291526 458291526 458291526 458291526 458291526 458291526 458291526 458291526 458291526 458291526 458291526 458291526 458291526 458291526 458291526 458291526 458291526 458291526 458291526 458291526 458291526 458291526 458291526 458291526
Case #44: 427429280960
142476426988 142476426986 142476426986 0 0 0 0 0 0 0 0 0 0 0 0 0 0 0 0 0 0 0 0 0 0 0 0 0 0 0 0 0 0 0 0 0 0 0 0 0 0 0 0 0 0 0 0 0 0 0 0 0 0 0 0 0 0 0 0 0 0 0 0 0 0 0 0 0 0 0 0 0 0 0 0 0 0 0 0 0 0 0 0 0 0 0 0 0 0 0 0 0 0 0 0 0 0 0 0 0 0 0 0 0 0 0 0 0 0 0 0 0 0 0 0 0 0 0 0 0 0 0 0 0 0 0 0 0 0 0 0 0 0 0 0 0 0 0 0 0 0 0 0 0 0 0 0 0 0 0 0 0 0 0 0 0 0 0 0 0 0 0 0 0 0 0 0 0 0 0 0 0 0 0 0 0 0 0 0 0 0 0 0 0 0 0 0 0 0 0 0 0 0 0 0 0 0 0 0 0 0 0 0 0 0 0 0 0 0 0 0 0 0 0 0 0 0 0 0 0 0 0 0 0 0 0 0 0 0 0 0 0 0 0 0 0 0 0 0 0 0 0 0 0 0 0 0 0 0 0 0 0 0 0 0 0 0 0 0 0 0 0 0 0 0 0 0 0 0 0 0 0 0 0 0 0 0 0 0 0 0 0 0 0 0 0 0 0 0 0 0
Case #45: 24
1 1 1 1 1 1 1 1 1 1 1 1 1 1 1 1 1 1 1 1 1 1 1 1 0 0 0 0 0 0 0 0 0 0 0 0 0 0 0 0 0 0 0 0 0 0 0 0 0 0 0 0 0 0 0 0 0 0 0 0 0 0 0 0 0 0 0 0 0 0 0 0 0 0 0 0 0 0 0 0 0 0 0 0 0 0 0 0 0 0 0 0 0 0 0 0 0 0 0 0 0 0 0 0 0 0 0 0 0 0 0 0 0 0 0 0 0 0 0 0 0 0 0 0 0 0 0 0 0 0 0 0 0 0 0 0 0 0 0 0 0 0 0 0 0 0 0 0 0 0 0 0 0 0 0 0 0 0 0 0 0 0 0 0 0 0 0 0 0 0 0 0 0 0 0 0 0 0 0 0 0 0 0 0 0 0 0 0 0 0 0 0 0 0 0 0 0 0 0 0 0 0 0 0 0 0 0 0 0 0 0 0 0 0 0 0 0 0 0 0 0 0 0 0 0 0 0 0 0 0 0 0 0 0 0 0 0 0 0 0 0 0 0 0 0 0 0 0 0 0 0 0 0 0 0 0 0 0 0 0 0 0 0 0 0 0 0 0 0 0 0 0 0 0 0 0 0 0 0 0 0 0 0 0 0 0 0 0 0 0 0 0 0 0 0 0 0 0 0 0 0 0 0 0 0 0 0 0 0 0 0 0 0 0 0
Case #46: 8
1 1 1 1 1 1 1 1 0 0 0 0 0 0 0 0 0 0 0 0 0 0 0 0 0 0 0 0 0 0 0 0 0 0 0 0 0 0 0 0 0 0 0 0 0 0 0 0 0 0 0 0 0 0 0 0 0 0 0 0 0 0 0 0 0 0 0 0 0 0 0 0 0 0 0 0 0 0 0 0 0 0 0 0 0 0 0 0 0 0 0 0 0 0 0 0 0 0 0 0 0 0 0 0 0 0 0 0 0 0 0 0 0 0 0 0 0 0 0 0 0 0 0 0 0 0 0 0 0 0 0 0 0 0 0 0 0 0 0 0 0 0 0 0 0 0 0 0 0 0 0 0 0 0 0 0 0 0 0 0 0 0 0 0 0 0 0 0 0 0 0 0 0 0 0 0 0 0 0 0 0 0 0 0 0 0 0 0 0 0 0
Case #47: 235249815
9409992 9409992 9409992 9409992 9409992 9409992 9409992 9409992 9409992 9409992 9409992 9409992 9409992 9409992 9409992 9409992 9409992 9409992 9409992 9409992 9409992 9409992 9409992 9409992 9409992 15
Case #48: 15657
39 39 39 39 39 39 39 39 39 39 39 39 39 39 39 39 39 39 39 39 39 39 39 39 39 39 39 39 39 39 39 39 39 39 39 39 39 39 39 39 39 39 39 39 39 39 39 39 39 39 39 39 39 39 39 39 39 39 39 39 39 39 39 39 39 39 39 39 39 39 39 39 39 39 39 39 39 39 39 39 39 39 39 39 39 39 39 39 39 39 39 39 39 39 39 39 39 39 39 39 39 39 39 39 39 39 39 39 39 39 39 39 39 39 39 39 39 39 39 39 39 39 39 39 39 39 39 39 39 39 39 39 39 39 39 39 39 39 39 39 39 39 39 39 39 39 39 39 39 39 39 39 39 39 39 39 39 39 39 39 39 39 39 39 39 39 39 39 39 39 39 39 39 39 39 39 39 39 39 39 39 39 39 39 39 39 39 39 39 39 39 39 38 38 38 38 38 38 38 38 38 38 38 38 38 38 38 38 38 38 38 38 38 38 38 38 38 38 38 38 38 38 38 38 38 38 38 38 38 38 38 38 38 38 38 38 38 38 38 38 38 38 38 38 38 38 38 38 38 38 38 38 38 38 38 38 38 38 38 38 38 38 38 38 38 38 38 38 38 38 38 38 38 38 38 38 38 38 38 38 38 38 38 38 38 38 38 38 38 38 38 38 38 38 38 38 38 38 38 38 38 38 38 38 38 38 38 38 38 38 38 38 38 38 38 38 38 38 38 38 38 38 38 38 38 38 38 38 38 38 38 38 38 38 38 38 38 38 38 38 38 38 38 38 38 38 38 38 38 38 38 38 38 38 38 38 38 38 38 38 38 38 38 38 38 38 38 38 38 38 38 38 38 38 38 38 38 38 38 38 38 38 38 38 38 38 38 38 38 38 38 38 38 38 38 38 38 38 38 38 38 38 38 38 38 38 37
Case #49: 4906
59 59 59 59 59 59 59 59 59 59 59 59 59 59 59 59 59 59 59 59 59 59 59 59 59 59 59 59 59 59 59 59 59 59 59 59 59 59 59 59 59 59 59 59 59 59 59 59 59 59 59 59 59 59 59 59 59 59 59 59 59 59 59 59 59 59 59 59 59 59 59 59 59 59 59 59 59 59 59 59 59 59 59 9
Case #50: 3
1 1 1 0 0 0 0 0 0 0 0 0 0 0 0 0 0 0 0 0 0 0 0 0 0 0 0 0 0 0 0 0
Case #51: 104977
568 568 568 568 568 568 568 568 568 568 568 568 568 568 568 568 568 568 568 568 568 568 568 568 568 568 568 568 568 568 568 568 568 568 568 568 568 568 568 568 568 568 568 568 568 568 568 568 568 568 568 568 568 568 568 568 568 568 568 568 568 568 568 568 568 568 568 568 568 568 568 568 568 568 568 568 568 568 568 568 568 568 567 567 567 567 567 567 567 567 567 567 567 567 567 567 567 567 567 567 567 567 567 567 567 567 567 567 567 567 567 567 567 567 567 567 567 567 567 567 567 567 567 567 567 567 567 567 567 567 567 567 567 567 567 567 567 567 567 567 567 567 567 567 567 567 567 567 567 567 567 567 567 567 567 567 567 567 567 567 567 567 567 567 567 567 567 567 567 567 567 567 567 567 567 567 567 567 567 567 567 567 567 567 567
Case #52: 265562
676 676 676 676 676 676 676 676 676 676 676 676 676 676 676 676 676 676 676 676 676 676 676 676 676 676 676 676 676 676 676 676 676 676 676 676 676 676 676 676 676 676 676 676 676 676 676 676 676 676 676 676 676 676 676 676 676 676 676 676 676 676 676 676 676 676 676 676 676 676 676 676 676 676 676 676 676 676 676 676 676 676 676 676 676 676 676 676 676 676 676 676 676 676 676 676 676 676 676 676 676 676 676 676 676 676 676 676 676 676 676 676 676 676 676 676 676 676 676 676 676 676 676 676 676 676 676 676 676 676 676 676 676 676 676 676 676 676 676 676 676 676 676 676 676 676 676 676 676 676 676 676 676 676 676 676 676 676 676 676 676 676 676 676 676 676 676 676 676 676 676 676 676 676 676 676 676 676 676 676 676 676 676 676 676 676 676 676 676 676 676 676 676 676 676 676 676 676 676 676 676 676 676 676 676 676 676 676 676 676 676 676 676 676 676 676 676 676 676 676 676 676 676 676 676 676 676 676 676 676 676 676 676 676 676 676 676 676 676 676 676 676 676 676 676 676 676 676 676 676 676 676 676 676 676 676 676 676 676 676 676 676 676 676 676 676 676 676 676 676 676 676 676 676 676 676 676 676 676 676 676 676 676 676 676 676 676 676 676 676 676 676 676 676 676 676 676 676 676 676 676 676 676 676 676 676 676 676 676 676 676 676 676 676 676 676 676 676 676 676 676 676 676 676 676 676 676 676 676 676 676 676 676 676 676 676 676 676 676 676 676 676 676 676 676 676 676 676 676 676 676 676 676 676 676 676 676 676 676 676 676 676 676 676 676 676 676 676 676 676 676 676 676 676 676 676 676 676 676 676 676 676 676 676 676 676 676 676 676 676 676 676 570
Case #53: 1522
4 4 4 4 4 4 4 4 4 4 4 4 4 4 4 4 4 4 4 4 4 4 4 4 4 4 4 4 4 4 4 4 4 4 4 4 4 4 4 4 4 4 4 4 4 4 4 4 4 4 4 4 4 4 4 4 4 4 4 4 4 4 4 4 4 4 4 4 4 4 4 4 4 4 4 4 4 4 4 4 4 4 4 4 4 4 4 4 4 4 4 4 4 4 4 4 4 4 4 4 4 4 4 4 4 4 4 4 4 4 4 4 4 4 4 4 4 4 4 4 4 4 4 4 4 4 4 4 4 4 4 4 4 4 4 4 4 4 4 4 4 4 4 4 4 4 4 4 4 4 4 4 4 4 4 4 4 4 4 4 4 4 4 4 4 4 4 4 4 4 4 4 4 4 4 4 4 4 4 4 4 4 4 4 4 4 4 4 4 4 4 4 4 4 4 4 4 4 4 4 4 4 4 4 4 4 4 4 4 4 4 4 4 4 4 4 4 4 4 4 4 4 4 4 4 4 4 4 4 4 4 4 4 4 4 4 4 4 4 4 4 4 4 4 4 4 4 4 4 4 4 4 4 4 4 4 4 4 4 4 4 4 4 4 4 4 4 4 4 4 4 4 4 4 4 4 4 4 4 4 4 4 4 4 4 4 4 4 4 4 4 4 4 4 4 4 4 4 4 4 4 4 4 4 4 4 4 4 4 4 4 4 4 4 4 4 4 4 4 4 4 4 4 4 4 4 4 4 4 4 4 4 4 4 4 4 4 4 4 4 4 4 4 4 4 4 4 4 4 4 4 4 4 4 4 4 4 4 4 4 4 3 3 3 3 3 3 3 3 3 3 3 3 3 3 3 3 3 3 3 3 3 3 3 3 3 3
Case #54: 5462809
21593 21593 21593 21593 21593 21593 21593 21593 21593 21593 21593 21593 21593 21593 21593 21593 21593 21593 21593 21593 21593 21593 21593 21593 21593 21593 21593 21593 21593 21593 21593 21593 21593 21592 21592 21592 21592 21592 21592 21592 21592 21592 21592 21592 21592 21592 21592 21592 21592 21592 21592 21592 21592 21592 21592 21592 21592 21592 21592 21592 21592 21592 21592 21592 21592 21592 21592 21592 21592 21592 21592 21592 21592 21592 21592 21592 21592 21592 21592 21592 21592 21592 21592 21592 21592 21592 21592 21592 21592 21592 21592 21592 21592 21592 21592 21592 21592 21592 21592 21592 21592 21592 21592 21592 21592 21592 21592 21592 21592 21592 21592 21592 21592 21592 21592 21592 21592 21592 21592 21592 21592 21592 21592 21592 21592 21592 21592 21592 21592 21592 21592 21592 21592 21592 21592 21592 21592 21592 21592 21592 21592 21592 21592 21592 21592 21592 21592 21592 21592 21592 21592 21592 21592 21592 21592 21592 21592 21592 21592 21592 21592 21592 21592 21592 21592 21592 21592 21592 21592 21592 21592 21592 21592 21592 21592 21592 21592 21592 21592 21592 21592 21592 21592 21592 21592 21592 21592 21592 21592 21592 21592 21592 21592 21592 21592 21592 21592 21592 21592 21592 21592 21592 21592 21592 21592 21592 21592 21592 21592 21592 21592 21592 21592 21592 21592 21592 21592 21592 21592 21592 21592 21592 21592 21592 21592 21592 21592 21592 21592 21592 21592 21592 21592 21592 21592 21592 21592 21592 21592 21592 21592 21592 21592 21592 21592 21592 21592 21592 21592 21592 21592 21592 21592
Case #55: 668002328
668670 668670 668670 668670 668670 668670 668670 668670 668670 668670 668670 668670 668670 668670 668670 668670 668670 668670 668670 668670 668670 668670 668670 668670 668670 668670 668670 668670 668670 668670 668670 668670 668670 668670 668670 668670 668670 668670 668670 668670 668670 668670 668670 668670 668670 668670 668670 668670 668670 668670 668670 668670 668670 668670 668670 668670 668670 668670 668670 668670 668670 668670 668670 668670 668670 668670 668670 668670 668670 668670 668670 668670 668670 668670 668670 668670 668670 668670 668670 668670 668670 668670 668670 668670 668670 668670 668670 668670 668670 668670 668670 668670 668670 668670 668670 668670 668670 668670 668670 668670 668670 668670 668670 668670 668670 668670 668670 668670 668670 668670 668670 668670 668670 668670 668670 668670 668670 668670 668670 668670 668670 668670 668670 668670 668670 668670 668670 668670 668670 668670 668670 668670 668670 668670 668670 668670 668670 668670 668670 668670 668670 668670 668670 668670 668670 668670 668670 668670 668670 668670 668670 668670 668670 668670 668670 668670 668670 668670 668670 668670 668670 668670 668670 668670 668670 668670 668670 668670 668670 668670 668670 668670 668670 668670 668670 668670 668670 668670 668670 668670 668670 668670 668670 668670 668670 668670 668670 668670 668670 668670 668670 668670 668670 668670 668670 668670 668670 668670 668670 668670 668670 668670 668670 668670 668670 668670 668670 668670 668670 668670 668670 668670 668670 668670 668670 668670 668670 668670 668670 668670 668670 668670 668670 668670 668670 668670 668670 668670 668670 668670 668670 668670 668670 668670 668670 668670 668670 668670 668670 668670 668670 668670 668670 668670 668670 668670 668670 668670 668670 668670 668670 668670 668670 668670 668670 668670 668670 668670 668670 668670 668670 668670 668670 668670 668670 668670 668670 668670 668670 668670 668670 668670 668670 668670 668670 668670 668670 668670 668670 668670 668670 668670 668670 668670 668670 668670 668670 668670 668670 668670 668670 668670 668670 668670 668670 668670 668670 668670 668670 668670 668670 668670 668670 668670 668670 668670 668670 668670 668670 668670 668670 668670 668670 668670 668670 668670 668670 668670 668670 668670 668670 668670 668670 668670 668670 668670 668670 668670 668670 668670 668670 668670 668670 668670 668670 668670 668670 668670 668670 668670 668670 668670 668670 668670 668670 668670 668670 668670 668670 668670 668670 668670 668670 668670 668670 668670 668670 668670 668670 668670 668670 668670 668670 668670 668670 668670 668670 668670 668670 668670 668670 668670 668670 668670 668670 668670 668670 668670 668670 668670 668670 668670 668670 668670 668670 668670 668670 668670 668670 668670 668670 668670 668670 668670 668670 668670 668670 668670 668670 668670 668670 668670 668670 668670 668670 668670 668670 668670 668670 668670 668670 668670 668670 668670 668670 668670 668670 668670 668670 668670 668670 668670 668670 668670 668670 668670 668670 668670 668670 668670 668670 668670 668670 668670 668670 668670 668670 668670 668670 668670 668670 668670 668670 668670 668670 668670 668670 668670 668670 668670 668670 668670 668670 668670 668670 668670 668670 668670 668670 668670 668670 668670 668670 668670 668670 668670 668670 668670 668670 668670 668670 668670 668670 668670 668670 668670 668670 668670 668670 668670 668670 668670 668670 668670 668670 668670 668670 668670 668670 668670 668670 668670 668670 668670 668670 668670 668670 668670 668670 668670 668670 668670 668670 668670 668670 668670 668670 668670 668670 668670 668670 668670 668670 668670 668670 668670 668670 668670 668670 668670 668670 668670 668670 668670 668670 668670 668670 668670 668670 668670 668670 668670 668670 668670 668670 668670 668670 668670 668670 668670 668670 668670 668670 668670 668670 668670 668670 668670 668670 668670 668670 668670 668670 668670 668670 668670 668670 668670 668670 668670 668670 668670 668670 668670 668670 668670 668670 668670 668670 668670 668670 668670 668670 668670 668670 668670 668670 668670 668670 668670 668670 668670 668670 668670 668670 668670 668670 668670 668670 668670 668670 668670 668670 668670 668670 668670 668670 668670 668670 668670 668670 668670 668670 668670 668670 668670 668670 668670 668670 668670 668670 668670 668670 668670 668670 668670 668670 668670 668670 668670 668670 668670 668670 668670 668670 668670 668670 668670 668670 668670 668670 668670 668670 668670 668670 668670 668670 668670 668670 668670 668670 668670 668670 668670 668670 668670 668670 668670 668670 668670 668670 668670 668670 668670 668670 668670 668670 668670 668670 668670 668670 668670 668670 668670 668670 668670 668670 668670 668670 668670 668670 668670 668670 668670 668670 668670 668670 668670 668670 668670 668670 668670 668670 668670 668670 668670 668670 668670 668670 668670 668670 668670 668670 668670 668670 668670 668670 668670 668670 668670 668670 668670 668670 668670 668670 668670 668670 668670 668670 668670 668670 668670 668670 668670 668670 668670 668670 668670 668670 668670 668670 668670 668670 668670 668670 668670 668670 668670 668670 668670 668670 668670 668670 668670 668670 668670 668670 668670 668670 668670 668670 668670 668670 668670 668670 668670 668670 668670 668670 668670 668670 668670 668670 668670 668670 668670 668670 668670 668670 668670 668670 668670 668670 668670 668670 668670 668670 668670 668670 668670 668670 668670 668670 668670 668670 668670 668670 668670 668670 668670 668670 668670 668670 668670 668670 668670 668670 668670 668670 668670 668670 668670 668670 668670 668670 668670 668670 668670 668670 668670 668670 668670 668670 668670 668670 668670 668670 668670 668670 668670 668670 668670 668670 668670 668670 668670 668670 668670 668670 668670 668670 668670 668670 668670 668670 668670 668670 668670 668670 668670 668670 668670 668670 668670 668670 668670 668670 668670 668670 668670 668670 668670 668670 668670 668670 668670 668670 668670 668670 668670 668670 668670 668670 668670 668670 668670 668670 668670 668670 668670 668670 668670 668670 668670 668670 668670 668670 668670 668670 668670 668670 668670 668670 668670 668670 668670 668670 668670 668670 668670 668670 668670 668670 668670 668670 668670 668670 668670 668670 668670 668670 668670 668670 668670 668670 668670 668670 668670 668670 668670 668670 668670 668670 668670 668670 668670 668670 668670 668670 668670 668670 668670 668670 668670 668670 668670 668670 668670 668670 668670 668670 668670 668670 668670 668670 668670 668670 668670 668670 668670 668670 668670 668670 668670 668670 668670 668670 668670 668670 668670 668670 668670 668670 668670 668670 668670 668670 668670 668670 668670 668670 668670 668670 668670 668670 668670 668670 668670 668670 668670 668670 668670 668670 668670 668670 668670 668670 668670 668670 668670 668670 668670 668670 668670 668670 668670 668670 668670 668670 668670 668670 668670 668670 668670 668670 668670 668670 668670 668670 668670 668670 668670 668670 668670 668670 668670 668670 668670 668670 998
Case #56: 11519
209 209 209 209 209 209 209 209 209 209 209 209 209 209 209 209 209 209 209 209 209 209 209 209 209 209 209 209 209 209 209 209 209 209 209 209 209 209 209 209 209 209 209 209 209 209 209 209 209 209 209 209 209 209 209 24 0
Case #57: 354268895922
8051565817 8051565817 8051565817 8051565817 8051565817 8051565817 8051565817 8051565817 8051565817 8051565817 8051565817 8051565817 8051565817 8051565817 8051565817 8051565817 8051565817 8051565817 8051565816 8051565816 8051565816 8051565816 8051565816 8051565816 8051565816 8051565816 8051565816 8051565816 8051565816 8051565816 8051565816 8051565816 8051565816 8051565816 8051565816 8051565816 8051565816 8051565816 8051565816 8051565816 8051565816 8051565816 8051565816 8051565816
Case #58: 13
1 1 1 1 1 1 1 1 1 1 1 1 1 0 0 0 0 0 0 0 0 0 0 0 0 0 0 0 0 0 0 0 0 0 0 0 0 0 0 0 0 0 0 0 0 0 0 0 0 0 0 0 0 0 0 0 0 0 0 0 0 0 0 0 0 0 0 0 0 0 0 0 0 0 0 0 0 0 0 0 0 0 0 0 0 0 0 0 0 0
Case #59: 57
9 9 9 9 9 9 3 0
Case #60: 29850
30 30 30 30 30 30 30 30 30 30 30 30 30 30 30 30 30 30 30 30 30 30 30 30 30 30 30 30 30 30 30 30 30 30 30 30 30 30 30 30 30 30 30 30 30 30 30 30 30 30 30 30 30 30 30 30 30 30 30 30 30 30 30 30 30 30 30 30 30 30 30 30 30 30 30 30 30 30 30 30 30 30 30 30 30 30 30 30 30 30 30 30 30 30 30 30 30 30 30 30 30 30 30 30 30 30 30 30 30 30 30 30 30 30 30 30 30 30 30 30 30 30 30 30 30 30 30 30 30 30 30 30 30 30 30 30 30 30 30 30 30 30 30 30 30 30 30 30 30 30 30 30 30 30 30 30 30 30 30 30 30 30 30 30 30 30 30 30 30 30 30 30 30 30 30 30 30 30 30 30 30 30 30 30 30 30 30 30 30 30 30 30 30 30 30 30 30 30 30 30 30 30 30 30 30 30 30 30 30 30 30 30 30 30 30 30 30 30 30 30 30 30 30 30 30 30 30 30 30 30 30 30 30 30 30 30 30 30 30 30 30 30 30 30 30 30 30 30 30 30 30 30 30 30 30 30 30 30 30 30 30 30 30 30 30 30 30 30 30 30 30 30 30 30 30 30 30 30 30 30 30 30 30 30 30 30 30 30 30 30 30 30 30 30 30 30 30 30 30 30 30 30 30 30 30 30 30 30 30 30 30 30 30 30 30 30 30 30 30 30 30 30 30 30 30 30 30 30 30 30 30 30 30 30 30 30 30 30 30 30 30 30 30 30 30 30 30 30 30 30 30 30 30 30 30 30 30 30 30 30 30 30 30 30 30 30 30 30 30 30 30 30 30 30 30 30 30 30 30 30 30 30 30 30 30 30 30 30 30 30 30 30 30 30 30 30 30 30 30 30 30 30 30 30 30 30 30 30 30 30 30 30 30 30 30 30 30 30 30 30 30 30 30 30 30 30 30 30 30 30 30 30 30 30 30 30 30 30 30 30 30 30 30 30 30 30 30 30 30 30 30 30 30 30 30 30 30 30 30 30 30 30 30 30 30 30 30 30 30 30 30 30 30 30 30 30 30 30 30 30 30 30 30 30 30 30 30 30 30 30 30 30 30 30 30 30 30 30 30 30 30 30 30 30 30 30 30 30 30 30 30 30 30 30 30 30 30 30 30 30 30 30 30 30 30 30 30 30 30 30 30 30 30 30 30 30 30 30 30 30 30 30 30 30 30 30 30 30 30 30 30 30 30 30 30 30 30 30 30 30 30 30 30 30 30 30 30 30 30 30 30 30 30 30 30 30 30 30 30 30 30 30 30 30 30 30 30 30 30 30 30 30 30 30 30 30 30 30 30 30 30 30 30 30 30 30 30 30 30 30 30 30 30 30 30 30 30 30 30 30 30 30 30 30 30 30 30 30 30 30 30 30 30 30 30 30 30 30 30 30 30 30 30 30 30 30 30 30 30 30 30 30 30 30 30 30 30 30 30 30 30 30 30 30 30 30 30 30 30 30 30 30 30 30 30 30 30 30 30 30 30 30 30 30 30 30 30 30 30 30 30 30 30 30 30 30 30 30 30 30 30 30 30 30 30 30 30 30 30 30 30 30 30 30 30 30 30 30 30 30 30 30 30 30 30 30 30 30 30 30 30 30 30 30 30 30 30 30 30 30 30 30 30 30 30 30 30 30 30 30 30 30 30 30 30 30 30 30 30 30 30 30 30 30 30 30 30 30 30 30 30 30 30 30 30 30 30 30 30 30 30 30 30 30 30 30 30 30 30 30 30 30 30 30 30 30 30 30 30 30 30 30 30 30 30 30 30 30 30 30 30 30 30 30 30 30 30 30 30 30 30 30 30 30 30 30 30 30 30 30 30 30 30 30 30 30 30 30 30 30 30 30 30 30 30 30 30 30 30 30 30 30 30 30 30 30 30 30 30 30 30 30 30 30 30 30 30 30 30 30 30 30 30 30 30 30 30 30 30 30 30 30 30 30 30 30 30 30 30 30 30 30 30 30 30 30 30 30 30 30 30 30 30 30 30 30 30 30 30 30 30 30 30 30 30 30 30 30 30 30 30 29 29 29 29 29 29 29 29 29 29 29 29 29 29 29 29 29 29 29 29 29 29 29 29 29 29 29 29 29 29 29 29 29 29 29 29 29 29 29 29 29 29 29 29 29 29 29 29 29 29 29 29 29 29 29 29 29 29 29 29 29 29 29 29 29 29 29 29 29 29 29 23 23 23 23 23 23 23 0
Case #61: 977265346
17768461 17768461 17768461 17768461 17768461 17768461 17768461 17768461 17768461 17768461 17768461 17768461 17768461 17768461 17768461 17768461 17768461 17768461 17768461 17768461 17768461 17768461 17768461 17768461 17768461 17768461 17768461 17768461 17768461 17768461 17768461 17768461 17768461 17768461 17768461 17768461 17768461 17768461 17768461 17768461 17768461 17768461 17768461 17768461 17768461 17768461 17768460 17768460 17768460 17768460 17768460 17768460 17768460 17768460 17768460
Case #62: 813581
5611 5611 5611 5611 5611 5611 5611 5611 5611 5611 5611 5611 5611 5611 5611 5611 5611 5611 5611 5611 5611 5611 5611 5611 5611 5611 5611 5611 5611 5611 5611 5611 5611 5611 5611 5611 5611 5611 5611 5611 5611 5611 5611 5611 5611 5611 5611 5611 5611 5611 5611 5611 5611 5611 5611 5611 5611 5611 5611 5611 5611 5611 5611 5611 5611 5611 5611 5611 5611 5611 5611 5611 5611 5611 5611 5611 5611 5611 5611 5611 5611 5611 5611 5611 5611 5611 5611 5611 5611 5611 5611 5611 5611 5611 5611 5611 5611 5611 5611 5611 5611 5611 5611 5611 5611 5611 5611 5611 5611 5611 5611 5611 5611 5611 5611 5611 5611 5611 5611 5611 5611 5611 5611 5611 5611 5611 5611 5611 5611 5611 5611 5611 5610 5610 5610 5610 5610 5610 5610 5610 5610 5610 5610 5610 5609
Case #63: 128150
145 145 145 145 145 145 145 145 145 145 145 145 145 145 145 145 145 145 145 145 145 145 145 145 145 145 145 145 145 145 145 145 145 145 145 145 145 145 145 145 145 145 145 145 145 145 145 145 145 145 145 145 145 145 145 145 145 145 145 145 145 145 145 145 145 145 145 145 145 145 145 145 145 145 145 145 145 145 145 145 145 145 145 145 145 145 145 145 145 145 145 145 145 145 145 145 145 145 145 145 145 145 145 145 145 145 145 145 145 145 145 145 145 145 145 145 145 145 145 145 145 145 145 145 145 145 145 145 145 145 145 145 145 145 145 145 145 145 145 145 145 145 145 145 145 145 145 145 145 145 145 145 145 145 145 145 145 145 145 145 145 145 145 145 145 145 145 145 145 145 145 145 145 145 145 145 145 145 145 145 145 145 145 145 145 145 145 145 145 145 145 145 145 145 145 145 145 145 145 145 145 145 145 145 145 145 145 145 145 145 145 145 145 145 145 145 145 145 145 145 145 145 145 145 145 145 145 145 145 145 145 145 145 145 145 145 145 145 145 145 145 145 145 145 145 145 145 145 145 145 145 145 145 145 145 145 145 145 145 145 145 145 145 145 145 145 145 145 145 145 145 145 145 145 145 145 145 145 145 145 145 145 145 145 145 145 145 145 145 145 145 145 145 145 145 145 145 145 145 145 145 145 145 145 145 145 145 145 145 145 145 145 145 145 145 145 145 145 145 145 145 145 145 145 145 145 145 145 145 145 145 145 145 145 145 145 145 145 145 145 145 145 145 145 145 145 145 145 145 145 145 145 145 145 145 145 145 145 145 145 145 145 145 145 145 145 145 145 145 145 145 145 145 145 145 145 145 145 145 145 145 145 145 145 145 145 145 145 145 145 145 145 145 145 145 145 145 145 145 145 145 145 145 145 145 145 145 145 145 145 145 145 145 145 145 145 145 145 145 145 145 145 145 145 145 145 145 145 145 145 145 145 145 145 145 145 145 145 145 145 145 145 145 145 145 145 145 145 145 145 145 145 145 145 145 145 145 145 145 145 145 145 145 145 145 145 145 145 145 145 145 145 145 145 145 145 145 145 145 145 145 145 145 145 145 145 145 145 145 145 145 145 145 145 145 145 145 145 145 145 145 145 145 145 145 145 145 145 145 145 145 145 145 145 145 145 145 145 145 145 145 145 145 145 145 145 145 145 145 145 145 145 145 145 145 145 145 145 145 145 145 145 145 145 145 145 145 145 145 145 145 145 145 145 145 145 145 145 145 145 145 145 145 145 145 145 145 145 145 145 145 145 145 145 145 145 145 145 145 145 145 145 145 145 145 145 145 145 145 145 145 145 145 145 145 145 145 145 145 145 145 145 145 145 145 145 145 145 145 145 145 145 145 145 145 145 145 145 145 145 145 145 145 145 145 145 145 145 145 145 145 145 145 145 145 145 145 145 145 145 145 145 145 145 145 145 145 145 145 145 145 145 145 145 145 145 145 145 145 145 145 145 145 145 145 145 145 145 145 145 145 145 145 145 145 145 145 145 145 145 145 145 145 145 145 145 145 145 145 145 145 145 145 145 145 145 145 145 145 145 145 145 145 145 145 145 145 145 145 145 145 145 145 145 145 145 145 145 145 145 145 145 145 145 145 145 145 145 145 145 145 145 145 145 145 145 145 145 145 145 145 145 145 145 145 145 145 145 145 145 145 145 145 145 145 145 145 145 145 145 145 145 145 145 145 145 145 145 145 145 145 145 145 145 145 145 145 145 145 145 145 145 145 145 145 145 145 145 145 145 145 145 145 145 145 145 145 145 145 145 145 145 145 145 145 145 145 145 145 145 145 145 145 145 145 145 145 145 145 145 145 145 145 145 145 145 145 145 145 145 145 145 145 145 145 145 145 145 145 145 145 145 145 145 145 145 145 145 145 145 145 145 145 145 145 145 145 145 145 145 145 145 145 145 145 145 145 145 145 145 145 145 145 145 145 145 145 145 145 145 145 145 145 58 57
Case #64: 30612
86 86 86 86 86 86 86 86 86 86 86 86 86 86 86 86 86 86 86 86 86 86 86 86 86 86 86 86 86 86 86 86 86 86 86 86 86 86 86 86 86 86 86 86 86 86 86 86 86 86 86 86 86 86 86 86 86 86 86 86 86 86 86 86 86 86 86 86 86 86 86 86 86 86 86 86 86 86 86 86 86 86 86 86 86 86 86 86 86 86 86 86 86 86 86 86 86 86 86 86 86 86 86 86 86 86 86 86 86 86 86 86 86 86 86 86 86 86 86 86 86 86 86 86 86 86 86 86 86 86 86 86 86 86 86 86 86 86 86 86 86 86 86 86 86 86 86 86 86 86 86 86 86 86 86 86 86 86 86 86 86 86 86 86 86 86 86 86 86 86 86 86 86 86 86 86 86 86 86 86 86 86 86 86 86 86 86 86 86 86 86 86 86 86 86 86 86 86 86 86 86 86 86 86 86 86 86 86 86 86 86 86 86 86 86 86 86 86 86 86 86 86 86 86 86 86 86 86 86 86 86 86 86 86 86 86 86 86 86 86 86 86 86 86 86 86 86 86 86 86 86 86 86 86 86 86 86 86 86 86 86 86 86 86 86 86 86 86 86 86 86 86 86 86 86 86 86 86 86 86 86 86 86 86 86 86 86 86 86 86 86 86 86 86 86 86 86 86 86 86 86 86 86 86 86 86 86 86 86 86 86 86 86 86 86 86 86 86 86 86 86 86 86 86 86 86 86 86 86 86 86 86 86 86 86 86 86 86 86 86 86 86 86 86 86 86 86 86 86 86 86 86 85 85 85 85 0 0 0
Case #65: 17670856
184072 184072 184072 184072 184072 184072 184072 184072 184072 184072 184072 184072 184072 184072 184072 184072 184072 184072 184072 184072 184072 184072 184072 184072 184072 184072 184072 184072 184072 184072 184072 184072 184072 184072 184072 184072 184072 184072 184072 184072 184071 184071 184071 184071 184071 184071 184071 184071 184071 184071 184071 184071 184071 184071 184071 184071 184071 184071 184071 184071 184071 184071 184071 184071 184071 184071 184071 184071 184071 184071 184071 184071 184071 184071 184071 184071 184071 184071 184071 184071 184071 184071 184071 184071 184071 184071 184071 184071 184071 184071 184071 184071 184071 184071 184071 184071
Case #66: 687668155749
1129175953 1129175953 1129175953 1129175953 1129175953 1129175953 1129175953 1129175953 1129175953 1129175953 1129175953 1129175953 1129175953 1129175953 1129175953 1129175953 1129175953 1129175953 1129175953 1129175953 1129175953 1129175953 1129175953 1129175953 1129175953 1129175953 1129175953 1129175953 1129175953 1129175953 1129175953 1129175953 1129175953 1129175953 1129175953 1129175953 1129175953 1129175953 1129175953 1129175953 1129175953 1129175953 1129175953 1129175953 1129175953 1129175953 1129175953 1129175953 1129175953 1129175953 1129175953 1129175953 1129175953 1129175953 1129175953 1129175953 1129175953 1129175953 1129175953 1129175953 1129175953 1129175953 1129175953 1129175953 1129175953 1129175953 1129175953 1129175953 1129175953 1129175953 1129175953 1129175953 1129175953 1129175953 1129175953 1129175953 1129175953 1129175953 1129175953 1129175953 1129175953 1129175953 1129175953 1129175953 1129175953 1129175953 1129175953 1129175953 1129175953 1129175953 1129175953 1129175953 1129175953 1129175953 1129175953 1129175953 1129175953 1129175953 1129175953 1129175953 1129175953 1129175953 1129175953 1129175953 1129175953 1129175953 1129175953 1129175953 1129175953 1129175953 1129175953 1129175953 1129175953 1129175953 1129175953 1129175953 1129175953 1129175953 1129175953 1129175953 1129175953 1129175953 1129175953 1129175953 1129175953 1129175953 1129175953 1129175953 1129175953 1129175953 1129175953 1129175953 1129175953 1129175953 1129175953 1129175953 1129175953 1129175953 1129175953 1129175953 1129175953 1129175953 1129175953 1129175953 1129175953 1129175953 1129175953 1129175953 1129175953 1129175953 1129175953 1129175953 1129175953 1129175953 1129175953 1129175953 1129175953 1129175953 1129175953 1129175953 1129175953 1129175953 1129175953 1129175953 1129175953 1129175953 1129175953 1129175953 1129175953 1129175953 1129175953 1129175953 1129175953 1129175953 1129175953 1129175953 1129175953 1129175953 1129175953 1129175953 1129175953 1129175953 1129175953 1129175953 1129175953 1129175953 1129175953 1129175953 1129175953 1129175953 1129175953 1129175953 1129175953 1129175953 1129175953 1129175953 1129175953 1129175953 1129175953 1129175953 1129175953 1129175953 1129175953 1129175953 1129175953 1129175953 1129175953 1129175953 1129175953 1129175953 1129175953 1129175953 1129175953 1129175953 1129175953 1129175953 1129175953 1129175953 1129175953 1129175953 1129175953 1129175953 1129175953 1129175953 1129175953 1129175953 1129175953 1129175953 1129175953 1129175953 1129175953 1129175953 1129175953 1129175953 1129175953 1129175953 1129175953 1129175953 1129175953 1129175953 1129175953 1129175953 1129175953 1129175953 1129175953 1129175953 1129175953 1129175953 1129175953 1129175953 1129175953 1129175953 1129175953 1129175953 1129175953 1129175953 1129175953 1129175953 1129175953 1129175953 1129175953 1129175953 1129175953 1129175953 1129175953 1129175953 1129175953 1129175953 1129175953 1129175953 1129175953 1129175953 1129175953 1129175953 1129175953 1129175953 1129175953 1129175953 1129175953 1129175953 1129175953 1129175953 1129175953 1129175953 1129175953 1129175953 1129175953 1129175953 1129175953 1129175953 1129175953 1129175953 1129175953 1129175953 1129175953 1129175953 1129175953 1129175953 1129175953 1129175953 1129175953 1129175953 1129175953 1129175953 1129175953 1129175953 1129175953 1129175953 1129175953 1129175953 1129175953 1129175953 1129175953 1129175953 1129175953 1129175953 1129175953 1129175953 1129175953 1129175953 1129175953 1129175953 1129175953 1129175953 1129175953 1129175953 1129175953 1129175953 1129175953 1129175953 1129175953 1129175953 1129175953 1129175953 1129175953 1129175953 1129175953 1129175953 1129175953 1129175953 1129175953 1129175953 1129175953 1129175953 1129175953 1129175953 1129175953 1129175953 1129175953 1129175953 1129175953 1129175953 1129175953 1129175953 1129175953 1129175953 1129175953 1129175953 1129175953 1129175953 1129175953 1129175953 1129175953 1129175953 1129175953 1129175953 1129175953 1129175953 1129175953 1129175953 1129175953 1129175953 1129175953 1129175953 1129175953 1129175953 1129175953 1129175953 1129175953 1129175953 1129175953 1129175953 1129175953 1129175953 1129175953 1129175953 1129175953 1129175953 1129175953 1129175953 1129175953 1129175953 1129175953 1129175953 1129175953 1129175953 1129175953 1129175953 1129175953 1129175953 1129175953 1129175953 1129175953 1129175953 1129175953 1129175953 1129175953 1129175953 1129175953 1129175953 1129175953 1129175953 1129175953 1129175953 1129175953 1129175953 1129175953 1129175953 1129175953 1129175953 1129175953 1129175953 1129175953 1129175953 1129175953 1129175953 1129175953 1129175953 1129175953 1129175953 1129175953 1129175953 1129175953 1129175953 1129175953 1129175953 1129175953 1129175953 1129175953 1129175953 1129175953 1129175953 1129175953 1129175953 1129175953 1129175953 1129175953 1129175953 1129175953 1129175953 1129175953 1129175953 1129175953 1129175953 1129175953 1129175953 1129175953 1129175953 1129175953 1129175953 1129175953 1129175953 1129175953 1129175953 1129175953 1129175953 1129175953 1129175953 1129175953 1129175953 1129175953 1129175953 1129175953 1129175953 1129175953 1129175953 1129175953 1129175953 1129175953 1129175953 1129175953 1129175953 1129175953 1129175953 1129175953 1129175953 1129175953 1129175953 1129175953 1129175953 1129175953 1129175953 1129175953 1129175953 1129175953 1129175953 1129175953 1129175953 1129175953 1129175953 1129175953 1129175953 1129175953 1129175953 1129175953 1129175953 1129175953 1129175953 1129175953 1129175953 1129175953 1129175953 1129175953 1129175953 1129175953 1129175953 1129175953 1129175953 1129175953 1129175953 1129175953 1129175953 1129175953 1129175953 1129175953 1129175953 1129175953 1129175953 1129175953 1129175953 1129175953 1129175953 1129175953 1129175953 1129175953 1129175953 1129175953 1129175953 1129175953 1129175953 1129175953 1129175953 1129175953 1129175953 1129175953 1129175953 1129175953 1129175953 1129175953 1129175953 1129175953 1129175953 1129175953 1129175953 1129175953 1129175953 1129175953 1129175953 1129175953 1129175953 1129175953 1129175953 1129175953 1129175953 1129175953 1129175953 1129175953 1129175953 1129175953 1129175953 1129175953 1129175953 1129175953 1129175953 1129175953 1129175953 1129175953 1129175953 1129175953 1129175953 1129175953 1129175953 1129175953 1129175953 1129175953 1129175953 1129175953 1129175953 1129175953 1129175953 1129175953 1129175953 1129175953 1129175953 1129175953 1129175953 1129175953 1129175953 1129175953 1129175953 1129175953 1129175953 1129175953 1129175953 1129175953 1129175953 1129175953 1129175953 1129175953 7 1 1 1 1 1 1 1 1 1 1 1 1 1 1 1 1 1 1 1 1 1 1 1 1 1 1 1 1 1 1 1 1 1 1 1 1 1 1 1 1 1 1 1 1 1 1 1 1 1 1 1 1 1 1 1 1 1 1 1 1 1 1 1 1 1 1 1 1 1 1 1 1 1 1 1 1 1 1 1 1 1 1 1 1 1 1 1 1 1 1 1 1 1 1 1 1 1 1 1 1 1 1 1 1 1 1 1 1 1 1 1 1 1 1 1 1 1 1 1 1 1 1 1 1 1 1 1 1 1 1 1 1 1 1 1 1 1 1 1 1 1 1 1 1 1 1 1 1 1 1 1 1 1 1 1 1 1 1 1 1 1 1 1 1 1 1 1 1 1 1 1 1 1 1 1 1 1 1 1 1 1 1 1 1 1 1 1 1 1 1 1 1 1 1 1 1 1 1 1 1 1 1 1 1 1 1 1 1 1 1 1 1 1 1 1 1 1 1 1 1 1 1 1 1 1 1 1 1 1 1 1 1 1 1 1 1 1 1 1 1 1 1 1 1 1 1 1 1 1 1 1 1 1 1 1 1 1 1 1 1 1 1 1 1 1 1 1 1 1 1 1 1 1 1 1 1 1 1 1 1 1 1 1 1 1 1 1 1 1 1 1 1 1 1 1 1 1 1 1 1 1 1 1 1 1 1 1 1 1 1 1 1 1 1 1 1 1 1 1 1 1 1 1 1 1 1 1 1 1 1 1 1 1 1 1 1 1 1 1 1 1 1 1 1 1 1 1 1 1 1 1 1 1 1 1 1 1 1 1 1 1 1 1 1 1 0 0 0 0 0 0 0 0 0 0 0 0 0 0 0 0 0 0 0 0 0 0 0 0 0
Case #67: 7
4 3 0
Case #68: 34118654
598573 598573 598573 598573 598573 598573 598573 598573 598573 598573 598573 598573 598573 598573 598573 598573 598573 598573 598573 598573 598573 598573 598573 598573 598573 598573 598573 598573 598573 598573 598573 598573 598573 598573 598573 598573 598573 598573 598573 598573 598573 598573 598573 598573 598573 598573 598573 598573 598573 598573 598573 598573 598572 598572 598572 598571 598571
Case #69: 3177675571
117691688 117691688 117691688 117691688 117691688 117691688 117691688 117691688 117691688 117691688 117691688 117691688 117691688 117691688 117691688 117691688 117691688 117691688 117691688 117691688 117691688 117691688 117691688 117691688 117691688 117691688 117691683 0 0 0
Case #70: 37
6 6 6 5 5 5 4
Case #71: 29551
896 896 896 896 896 896 896 896 896 896 896 896 896 896 896 896 895 895 895 895 895 895 895 895 895 895 895 895 895 895 895 895 895 0 0 0
Case #72: 36023
81 81 81 81 81 81 81 81 81 81 81 81 81 81 81 81 81 81 81 81 81 81 81 81 81 81 81 81 81 81 81 81 81 81 81 81 81 81 81 81 81 81 81 81 81 81 81 81 81 81 81 81 81 81 81 81 81 81 81 81 81 81 81 81 81 81 81 81 81 81 81 81 81 81 81 81 81 81 81 81 81 81 81 81 81 81 81 81 81 81 81 81 81 81 81 81 81 81 81 81 81 81 81 81 81 81 81 81 81 81 81 81 81 81 81 81 81 81 81 81 81 81 81 81 81 81 81 81 81 81 81 81 81 81 81 81 81 81 81 81 81 81 81 81 81 81 81 81 81 81 81 81 81 81 81 81 81 81 81 81 81 81 81 81 81 81 81 81 81 81 81 81 81 81 81 81 81 81 81 81 81 81 81 81 81 81 81 81 81 81 81 81 81 81 81 81 81 81 81 81 81 81 81 81 81 81 81 81 81 81 81 81 81 81 81 81 81 81 81 81 81 81 81 81 81 81 81 81 81 81 81 81 81 81 81 81 81 81 81 81 81 81 81 81 81 81 81 81 81 81 81 81 81 81 81 81 81 81 81 81 81 81 81 80 80 80 80 80 80 80 80 80 80 80 80 80 80 80 80 80 80 80 80 80 80 80 80 80 80 80 80 80 80 80 80 80 80 80 80 80 80 80 80 80 80 80 80 80 80 80 80 80 80 80 80 80 80 80 80 80 80 80 80 80 80 80 80 80 80 80 80 80 80 80 80 80 80 80 80 80 80 80 80 80 80 80 80 80 80 80 80 80 80 80 80 80 80 80 80 80 80 80 80 80 80 80 80 80 80 80 80 80 80 80 80 80 80 80 80 80 80 80 80 80 80 80 80 80 80 80 80 80 80 80 80 80 80 80 80 80 80 80 80 80 80 80 80 80 80 80 80 80 80 80 80 80 80 80 80 80 80 80 80 80 80 80 80 80 80 80 80 80 80 80 80 80 80 80 80 80 80 80 80 80 80 80 80
Case #73: 756762650
3234029 3234029 3234029 3234029 3234029 3234029 3234029 3234029 3234029 3234029 3234029 3234029 3234029 3234029 3234029 3234029 3234029 3234029 3234029 3234029 3234029 3234029 3234029 3234029 3234029 3234029 3234029 3234029 3234029 3234029 3234029 3234029 3234029 3234029 3234029 3234029 3234029 3234029 3234029 3234029 3234029 3234029 3234029 3234029 3234029 3234029 3234029 3234029 3234029 3234029 3234029 3234029 3234029 3234029 3234029 3234029 3234029 3234029 3234029 3234029 3234029 3234029 3234029 3234029 3234029 3234029 3234029 3234029 3234029 3234029 3234029 3234029 3234029 3234029 3234029 3234029 3234029 3234029 3234029 3234029 3234029 3234029 3234029 3234029 3234029 3234029 3234029 3234029 3234029 3234029 3234029 3234029 3234029 3234029 3234029 3234029 3234029 3234029 3234028 3234028 3234028 3234028 3234028 3234028 3234028 3234028 3234028 3234028 3234028 3234028 3234028 3234028 3234028 3234028 3234028 3234028 3234028 3234028 3234028 3234028 3234028 3234028 3234028 3234028 3234028 3234028 3234028 3234028 3234028 3234028 3234028 3234028 3234028 3234028 3234028 3234028 3234028 3234028 3234028 3234028 3234028 3234028 3234028 3234028 3234028 3234028 3234028 3234028 3234028 3234028 3234028 3234028 3234028 3234028 3234028 3234028 3234028 3234028 3234028 3234028 3234028 3234028 3234028 3234028 3234028 3234028 3234028 3234028 3234028 3234028 3234028 3234028 3234028 3234028 3234028 3234028 3234028 3234028 3234028 3234028 3234028 3234028 3234028 3234028 3234028 3234028 3234028 3234028 3234028 3234028 3234028 3234028 3234028 3234028 3234028 3234028 3234028 3234028 3234028 3234028 3234028 3234028 3234028 3234028 3234028 3234028 3234028 3234028 3234028 3234028 3234028 3234028 3234028 3234028 3234028 3234028 3234028 3234028 3234028 3234028 3234028 3234028 3234028 3234028 3234028 3234028 3234028 3234028 3234028 3234028 3234028 3234028 3234028 3234028
Case #74: 804609
1694 1694 1694 1694 1694 1694 1694 1694 1694 1694 1694 1694 1694 1694 1694 1694 1694 1694 1694 1694 1694 1694 1694 1694 1694 1694 1694 1694 1694 1694 1694 1694 1694 1694 1694 1694 1694 1694 1694 1694 1694 1694 1694 1694 1694 1694 1694 1694 1694 1694 1694 1694 1694 1694 1694 1694 1694 1694 1694 1694 1694 1694 1694 1694 1694 1694 1694 1694 1694 1694 1694 1694 1694 1694 1694 1694 1694 1694 1694 1694 1694 1694 1694 1694 1694 1694 1694 1694 1694 1694 1694 1694 1694 1694 1694 1694 1694 1694 1694 1694 1694 1694 1694 1694 1694 1694 1694 1694 1694 1694 1694 1694 1694 1694 1694 1694 1694 1694 1694 1694 1694 1694 1694 1694 1694 1694 1694 1694 1694 1694 1694 1694 1694 1694 1694 1694 1694 1694 1694 1694 1694 1694 1694 1694 1694 1694 1694 1694 1694 1694 1694 1694 1694 1694 1694 1694 1694 1694 1694 1694 1694 1694 1694 1694 1694 1694 1694 1694 1694 1694 1694 1694 1694 1694 1694 1694 1694 1694 1694 1694 1694 1694 1694 1694 1694 1694 1694 1694 1694 1694 1694 1694 1694 1694 1694 1694 1694 1694 1694 1694 1694 1694 1694 1694 1694 1694 1694 1694 1694 1694 1694 1694 1694 1694 1694 1694 1694 1694 1694 1694 1694 1694 1694 1694 1694 1694 1694 1694 1694 1694 1694 1694 1694 1694 1694 1694 1694 1694 1694 1694 1694 1694 1694 1694 1694 1694 1694 1694 1694 1694 1694 1694 1694 1694 1694 1694 1694 1694 1694 1694 1694 1694 1694 1694 1694 1694 1694 1694 1694 1694 1694 1694 1694 1694 1694 1694 1694 1694 1694 1694 1694 1694 1694 1694 1694 1694 1694 1694 1694 1694 1694 1694 1694 1694 1694 1694 1694 1694 1694 1694 1694 1694 1694 1694 1694 1694 1694 1694 1694 1694 1694 1694 1694 1694 1694 1694 1694 1694 1694 1694 1694 1694 1694 1694 1694 1694 1694 1694 1694 1694 1694 1694 1694 1694 1694 1694 1694 1694 1694 1694 1694 1694 1694 1694 1694 1694 1694 1694 1694 1694 1694 1694 1694 1694 1694 1694 1694 1694 1694 1694 1694 1694 1694 1694 1694 1694 1694 1694 1694 1694 1694 1694 1694 1694 1694 1694 1694 1694 1694 1694 1694 1694 1694 1694 1694 1694 1694 1694 1694 1694 1694 1694 1694 1694 1694 1694 1694 1694 1694 1694 1694 1694 1694 1694 1694 1694 1694 1694 1694 1694 1694 1694 1694 1694 1694 1694 1694 1694 1694 1694 1694 1694 1694 1694 1694 1694 1694 1694 1694 1694 1694 1694 1694 1694 1694 1694 1694 1694 1694 1694 1694 1694 1694 1694 1694 1694 1694 1694 1694 1694 1694 1694 1694 1694 1694 1694 1693 1693 1693 1692 1692 1692 1692 1692 1692 1692 1692 1692 1692 1691 1691 1691 1691 1691 1691
Case #75: 22702734626
7567578209 7567578209 7567578208 0 0 0 0 0 0 0 0 0
Case #76: 94753304023
289765456 289765456 289765456 289765456 289765456 289765456 289765456 289765456 289765456 289765456 289765456 289765456 289765456 289765456 289765456 289765456 289765456 289765456 289765456 289765456 289765456 289765456 289765456 289765456 289765456 289765456 289765456 289765456 289765456 289765456 289765456 289765456 289765456 289765456 289765456 289765456 289765456 289765456 289765456 289765456 289765456 289765456 289765456 289765456 289765456 289765456 289765456 289765456 289765456 289765456 289765456 289765456 289765456 289765456 289765456 289765456 289765456 289765456 289765456 289765456 289765456 289765456 289765456 289765456 289765456 289765456 289765456 289765456 289765456 289765456 289765456 289765456 289765456 289765456 289765456 289765456 289765456 289765456 289765456 289765456 289765456 289765456 289765456 289765456 289765456 289765456 289765456 289765456 289765456 289765456 289765456 289765456 289765456 289765456 289765456 289765456 289765456 289765456 289765456 289765456 289765456 289765456 289765456 289765456 289765456 289765456 289765456 289765456 289765456 289765456 289765456 289765456 289765456 289765456 289765456 289765456 289765456 289765456 289765456 289765456 289765456 289765456 289765456 289765456 289765456 289765456 289765456 289765456 289765456 289765456 289765456 289765456 289765456 289765456 289765456 289765456 289765456 289765456 289765456 289765456 289765456 289765456 289765456 289765456 289765456 289765456 289765456 289765456 289765456 289765456 289765456 289765456 289765456 289765456 289765456 289765456 289765456 289765456 289765456 289765456 289765456 289765456 289765456 289765456 289765456 289765456 289765456 289765456 289765456 289765456 289765456 289765456 289765456 289765456 289765456 289765456 289765456 289765456 289765456 289765456 289765456 289765456 289765456 289765456 289765456 289765456 289765456 289765456 289765456 289765456 289765456 289765456 289765456 289765456 289765456 289765456 289765456 289765456 289765456 289765456 289765456 289765456 289765456 289765456 289765456 289765456 289765456 289765456 289765456 289765456 289765456 289765456 289765456 289765456 289765456 289765456 289765456 289765456 289765456 289765456 289765456 289765456 289765456 289765456 289765456 289765456 289765456 289765456 289765456 289765456 289765456 289765456 289765456 289765456 289765456 289765456 289765456 289765456 289765455 289765455 289765455 289765455 289765455 289765455 289765455 289765455 289765455 289765455 289765455 289765455 289765455 289765455 289765455 289765455 289765455 289765455 289765455 289765455 289765455 289765455 289765455 289765455 289765455 289765455 289765455 289765455 289765455 289765455 289765455 289765455 289765455 289765455 289765455 289765455 289765455 289765455 289765455 289765455 289765455 289765455 289765455 289765455 289765455 289765455 289765455 289765455 289765455 289765455 289765455 289765455 289765455 289765455 289765455 289765455 289765455 289765455 289765455 289765455 289765455 289765455 289765455 289765455 289765455 289765455 289765455 289765455 289765455 289765455 289765455 289765455 289765455 289765455 289765455 289765455 289765455 289765455 289765455 289765455 289765455 289765455 289765455 289765455 289765455 289765455 289765455 289765455 289765455
Case #77: 3710913
3745 3745 3745 3745 3745 3745 3745 3745 3745 3745 3745 3745 3745 3745 3745 3745 3745 3745 3745 3745 3745 3745 3745 3745 3745 3745 3745 3745 3745 3745 3745 3745 3745 3745 3745 3745 3745 3745 3745 3745 3745 3745 3745 3745 3745 3745 3745 3745 3745 3745 3745 3745 3745 3745 3745 3745 3745 3745 3745 3745 3745 3745 3745 3745 3745 3745 3745 3745 3745 3745 3745 3745 3745 3745 3745 3745 3745 3745 3745 3745 3745 3745 3745 3745 3745 3745 3745 3745 3745 3745 3745 3745 3745 3745 3745 3745 3745 3745 3745 3745 3745 3745 3745 3745 3745 3745 3745 3745 3745 3745 3745 3745 3745 3745 3745 3745 3745 3745 3745 3745 3745 3745 3745 3745 3745 3745 3745 3745 3745 3745 3745 3745 3745 3745 3745 3745 3745 3745 3745 3745 3745 3745 3745 3745 3745 3745 3745 3745 3745 3745 3745 3745 3745 3745 3745 3745 3745 3745 3745 3745 3745 3745 3745 3745 3745 3745 3745 3745 3745 3745 3745 3745 3745 3745 3745 3745 3745 3745 3745 3745 3745 3745 3745 3745 3745 3745 3745 3745 3745 3745 3745 3745 3745 3745 3745 3745 3745 3745 3745 3745 3745 3745 3745 3745 3745 3745 3745 3745 3745 3745 3745 3745 3745 3745 3745 3745 3745 3745 3745 3745 3745 3745 3745 3745 3745 3745 3745 3745 3745 3745 3745 3745 3745 3745 3745 3745 3745 3745 3745 3745 3745 3745 3745 3745 3745 3745 3745 3745 3745 3745 3745 3745 3745 3745 3745 3745 3745 3745 3745 3745 3745 3745 3745 3745 3745 3745 3745 3745 3745 3745 3745 3745 3745 3745 3745 3745 3745 3745 3745 3745 3745 3745 3745 3745 3745 3745 3745 3745 3745 3745 3745 3745 3745 3745 3745 3745 3745 3745 3745 3745 3745 3745 3745 3745 3745 3745 3745 3745 3745 3745 3745 3745 3745 3745 3745 3745 3745 3745 3745 3745 3745 3745 3745 3745 3745 3745 3745 3745 3745 3745 3745 3745 3745 3745 3745 3745 3745 3745 3745 3745 3745 3745 3745 3745 3745 3745 3745 3745 3745 3745 3745 3745 3745 3745 3745 3745 3745 3745 3745 3745 3745 3745 3745 3745 3745 3745 3745 3745 3745 3745 3745 3745 3745 3745 3745 3745 3745 3745 3745 3745 3745 3745 3745 3745 3745 3745 3745 3745 3745 3745 3745 3745 3745 3745 3745 3745 3745 3745 3745 3745 3745 3745 3745 3745 3745 3745 3745 3745 3745 3745 3745 3745 3745 3745 3745 3745 3745 3745 3745 3745 3745 3745 3745 3745 3745 3745 3745 3745 3745 3745 3745 3745 3745 3745 3745 3745 3745 3745 3745 3745 3745 3745 3745 3745 3745 3745 3745 3745 3745 3745 3745 3745 3745 3745 3745 3745 3745 3745 3745 3745 3745 3745 3745 3745 3745 3745 3745 3745 3745 3745 3745 3745 3745 3745 3745 3745 3745 3745 3745 3745 3745 3745 3745 3745 3745 3745 3745 3745 3745 3745 3745 3745 3745 3745 3745 3745 3745 3745 3745 3745 3745 3745 3745 3745 3745 3745 3745 3745 3745 3745 3745 3745 3745 3745 3745 3745 3745 3745 3745 3745 3745 3745 3745 3745 3745 3745 3745 3745 3745 3745 3745 3745 3745 3745 3745 3745 3745 3745 3745 3745 3745 3745 3745 3745 3745 3745 3745 3745 3745 3745 3745 3745 3745 3745 3745 3745 3745 3745 3745 3745 3745 3745 3745 3745 3745 3745 3745 3745 3745 3745 3745 3745 3745 3745 3745 3745 3745 3745 3745 3745 3745 3745 3745 3745 3745 3745 3745 3745 3745 3745 3745 3745 3745 3745 3745 3745 3745 3745 3745 3745 3745 3745 3745 3745 3745 3745 3745 3745 3745 3745 3745 3745 3745 3745 3745 3745 3745 3745 3745 3745 3745 3745 3745 3745 3745 3745 3745 3745 3745 3745 3745 3745 3745 3745 3745 3745 3745 3745 3745 3745 3745 3745 3745 3745 3745 3745 3745 3745 3745 3745 3745 3745 3745 3745 3745 3745 3745 3745 3745 3745 3745 3745 3745 3745 3745 3745 3745 3745 3745 3745 3745 3745 3745 3745 3745 3745 3745 3745 3745 3745 3745 3745 3745 3745 3745 3745 3745 3745 3745 3745 3745 3745 3745 3745 3745 3745 3745 3745 3745 3745 3745 3745 3745 3745 3745 3745 3745 3745 3745 3745 3745 3745 3745 3745 3745 3745 3745 3745 3745 3745 3745 3745 3745 3745 3745 3745 3745 3745 3745 3745 3745 3745 3745 3745 3745 3745 3745 3745 3745 3745 3745 3745 3745 3745 3745 3745 3745 3745 3745 3745 3745 3745 3745 3745 3745 3745 3745 3745 3745 3745 3745 3745 3745 3745 3745 3745 3745 3745 3745 3745 3745 3745 3745 3745 3745 3745 3745 3745 3745 3745 3745 3745 3745 3745 3745 3745 3745 3745 3745 3745 3745 3745 3745 3745 3745 3745 3745 3745 3745 3745 3745 3745 3745 3745 3745 3745 3745 3745 3745 3745 3745 3745 3745 3745 3745 3745 3745 3745 3745 3745 3745 3745 3745 3745 3745 3745 3745 3745 3745 3745 3745 3745 3745 3745 3745 3745 3745 3745 3745 3745 3745 3745 3745 3745 3745 3745 3745 3745 3745 3745 3745 3745 3745 3745 3745 3745 3745 3745 3745 3745 3745 3745 3745 3745 3745 3745 3745 3745 3745 3745 3745 3745 3745 3745 3745 3745 3745 3745 3745 3745 3745 3745 3745 3745 3745 3745 3745 3745 3745 3745 3745 3745 3745 3745 3745 3745 3745 3745 3745 3745 3745 3745 3745 3745 3745 3745 3745 3745 3745 3745 3745 3745 3745 3745 3745 3745 3745 3745 3745 3745 3745 3745 3745 3745 3745 3745 3745 3745 3745 3745 3745 3745 3745 3745 3745 3745 3745 3745 3745 3745 3745 3745 3745 3745 3745 3745 3745 3745 3745 3745 3745 3745 3745 3745 3745 3745 3745 3745 3745 3745 3745 3745 3745 3745 3745 3745 3745 3745 3745 3745 3745 3745 3745 3745 3745 3745 3745 3745 3745 3745 3745 3745 3745 3745 3745 3745 3745 3650 3650 3649 3649
Case #78: 1921077
2186 2186 2186 2186 2186 2186 2186 2186 2186 2186 2186 2186 2186 2186 2186 2186 2186 2186 2186 2186 2186 2186 2186 2186 2186 2186 2186 2186 2186 2186 2186 2186 2186 2186 2186 2186 2186 2186 2186 2186 2186 2186 2186 2186 2186 2186 2186 2186 2186 2186 2186 2186 2186 2186 2186 2186 2186 2186 2186 2186 2186 2186 2186 2186 2186 2186 2186 2186 2186 2186 2186 2186 2186 2186 2186 2186 2186 2186 2186 2186 2186 2186 2186 2186 2186 2186 2186 2186 2186 2186 2186 2186 2186 2186 2186 2186 2186 2186 2186 2186 2186 2186 2186 2186 2186 2186 2186 2186 2186 2186 2186 2186 2186 2186 2186 2186 2186 2186 2186 2186 2186 2186 2186 2186 2186 2186 2186 2186 2186 2186 2186 2186 2186 2186 2186 2186 2186 2186 2186 2186 2186 2186 2186 2186 2186 2186 2186 2186 2186 2186 2186 2186 2186 2186 2186 2186 2186 2186 2186 2186 2186 2186 2186 2186 2186 2186 2186 2186 2186 2186 2186 2186 2186 2186 2186 2186 2186 2186 2186 2186 2186 2186 2186 2186 2186 2186 2186 2186 2186 2186 2186 2186 2186 2186 2186 2186 2186 2186 2186 2186 2186 2186 2186 2186 2186 2186 2186 2186 2186 2186 2186 2186 2186 2186 2186 2186 2186 2186 2186 2186 2186 2186 2186 2186 2186 2186 2186 2186 2186 2186 2186 2186 2186 2186 2186 2186 2186 2186 2186 2186 2186 2186 2186 2186 2186 2186 2186 2186 2186 2186 2186 2186 2186 2186 2186 2186 2186 2186 2186 2186 2186 2186 2186 2186 2186 2186 2186 2186 2186 2186 2186 2186 2186 2186 2186 2186 2186 2186 2186 2186 2186 2186 2186 2186 2186 2186 2186 2186 2186 2186 2186 2186 2186 2186 2186 2186 2186 2186 2186 2186 2186 2186 2186 2186 2186 2186 2186 2186 2186 2186 2186 2186 2186 2186 2186 2186 2186 2186 2186 2186 2186 2186 2186 2186 2186 2186 2186 2186 2186 2186 2186 2186 2186 2186 2186 2186 2186 2186 2186 2186 2186 2186 2186 2186 2186 2186 2186 2186 2186 2186 2186 2186 2186 2186 2186 2186 2186 2186 2186 2186 2186 2186 2186 2186 2186 2186 2186 2186 2186 2186 2186 2186 2186 2186 2186 2186 2186 2186 2186 2186 2186 2186 2186 2186 2186 2186 2186 2186 2186 2186 2186 2186 2186 2186 2186 2186 2186 2186 2186 2186 2186 2186 2186 2186 2186 2186 2186 2186 2186 2186 2186 2186 2186 2186 2186 2186 2186 2186 2186 2186 2186 2186 2186 2186 2186 2186 2186 2186 2186 2186 2186 2186 2186 2186 2186 2186 2186 2186 2186 2186 2186 2186 2186 2186 2186 2186 2186 2186 2186 2186 2186 2186 2186 2186 2186 2186 2186 2186 2186 2186 2186 2186 2186 2186 2186 2186 2186 2186 2186 2186 2186 2186 2186 2186 2186 2186 2186 2186 2186 2186 2186 2186 2186 2186 2186 2186 2186 2186 2186 2186 2186 2186 2186 2186 2186 2186 2186 2186 2186 2186 2186 2186 2186 2186 2186 2186 2186 2186 2186 2186 2186 2186 2186 2186 2186 2186 2186 2186 2186 2186 2186 2186 2186 2186 2186 2186 2186 2186 2186 2186 2186 2186 2186 2186 2186 2186 2186 2186 2186 2186 2186 2186 2186 2186 2186 2186 2186 2186 2186 2186 2186 2186 2186 2186 2186 2186 2186 2186 2186 2186 2186 2186 2186 2186 2186 2186 2186 2186 2186 2186 2186 2186 2186 2186 2186 2186 2186 2186 2186 2186 2186 2186 2186 2186 2186 2186 2186 2186 2186 2186 2186 2186 2186 2186 2186 2186 2186 2186 2186 2186 2186 2186 2186 2186 2186 2186 2186 2186 2186 2186 2186 2186 2186 2186 2186 2186 2186 2186 2186 2186 2186 2186 2186 2186 2186 2186 2186 2186 2186 2186 2186 2186 2186 2186 2186 2186 2186 2186 2186 2186 2186 2186 2186 2186 2186 2186 2186 2186 2186 2186 2186 2186 2186 2186 2186 2186 2186 2186 2186 2186 2186 2186 2186 2186 2186 2186 2186 2186 2186 2186 2186 2186 2186 2186 2186 2186 2186 2186 2186 2186 2186 2186 2186 2186 2186 2186 2186 2186 2186 2186 2186 2186 2186 2186 2186 2186 2186 2186 2186 2186 2186 2186 2186 2186 2186 2186 2186 2186 2186 2186 2186 2186 2186 2186 2186 2186 2186 2186 2186 2186 2186 2186 2186 2186 2186 2186 2186 2186 2186 2186 2186 2186 2186 2186 2186 2186 2186 2186 2186 2186 2186 2186 2186 2186 2186 2186 2186 2186 2186 2186 2186 2186 2186 2186 2186 2186 2186 2186 2186 2186 2186 2186 2186 2186 2186 2186 2186 2186 2186 2186 2186 2186 2186 2186 2186 2186 2186 2186 2186 2186 2186 2186 2186 2186 2186 2186 2186 2186 2186 2186 2186 2186 2186 2186 2186 2186 2186 2186 2186 2186 2186 2186 2186 2186 2186 2186 2186 2186 2186 2186 2186 2186 2186 2186 2186 2186 2186 2186 2186 2186 2186 2186 2186 2186 2186 2186 2186 2186 2186 2186 2186 2186 2186 2186 2186 2186 2186 2186 2186 2186 2186 2186 2186 2186 2186 2186 2186 2186 2186 2186 2186 2186 2186 2186 2186 2186 2186 2186 2186 2186 2186 2186 2186 2186 2186 2186 2186 2186 2186 2186 2186 2186 2186 2186 2186 2186 2047 2047 2047 0
Case #79: 1
1 0 0 0 0 0 0 0 0 0 0 0 0 0 0 0 0 0 0 0 0 0 0 0 0 0 0 0 0 0 0 0 0 0 0 0 0 0 0 0 0 0 0 0 0 0 0 0 0 0 0 0 0 0 0 0 0 0 0 0 0 0 0 0 0 0 0 0 0 0 0 0 0 0 0 0 0 0 0 0 0 0 0 0 0 0 0 0 0 0 0 0 0 0 0 0 0 0 0 0 0 0 0 0 0 0 0 0 0 0 0
Case #80: 54263
2467 2467 2467 2467 2467 2467 2467 2467 2467 2467 2467 2466 2466 2466 2466 2466 2466 2466 2466 2466 2466 2466 0
Case #81: 26
1 1 1 1 1 1 1 1 1 1 1 1 1 1 1 1 1 1 1 1 1 1 1 1 1 1 0 0 0 0 0 0 0 0 0 0 0 0 0 0 0 0 0 0 0 0 0 0 0 0 0 0 0 0 0 0 0 0 0 0 0 0 0 0 0 0 0 0 0 0 0 0 0 0 0 0 0 0 0 0 0 0 0 0 0 0 0 0 0 0 0 0 0 0 0 0 0 0 0 0 0 0 0 0 0 0 0 0 0 0 0 0 0 0 0 0 0 0 0 0 0 0 0 0 0 0 0 0 0 0 0 0 0 0 0 0 0 0 0 0 0 0 0 0 0 0
Case #82: 6401915
18774 18774 18774 18774 18774 18774 18774 18774 18774 18774 18774 18774 18774 18774 18774 18774 18774 18774 18774 18774 18774 18774 18774 18774 18774 18774 18774 18774 18774 18774 18774 18774 18774 18774 18774 18774 18774 18774 18774 18774 18774 18774 18774 18774 18774 18774 18774 18774 18774 18774 18774 18774 18774 18774 18774 18774 18774 18774 18774 18774 18774 18774 18774 18774 18774 18774 18774 18774 18774 18774 18774 18774 18774 18774 18774 18774 18774 18774 18774 18774 18774 18774 18774 18774 18774 18774 18774 18774 18774 18774 18774 18774 18774 18774 18774 18774 18774 18774 18774 18774 18774 18774 18774 18774 18774 18774 18774 18774 18774 18774 18774 18774 18774 18774 18774 18774 18774 18774 18774 18774 18774 18774 18774 18774 18774 18774 18774 18774 18774 18774 18774 18774 18774 18774 18774 18774 18774 18774 18774 18774 18774 18774 18774 18774 18774 18774 18774 18774 18774 18774 18774 18774 18774 18774 18774 18774 18774 18774 18774 18774 18774 18774 18774 18774 18774 18774 18774 18774 18774 18774 18774 18774 18774 18774 18774 18774 18774 18774 18774 18774 18774 18774 18774 18774 18774 18774 18774 18774 18774 18774 18774 18774 18774 18774 18774 18774 18774 18774 18774 18774 18774 18774 18774 18774 18774 18774 18774 18774 18774 18774 18774 18774 18774 18774 18774 18774 18774 18774 18774 18774 18774 18774 18774 18774 18774 18774 18774 18774 18774 18774 18774 18774 18774 18774 18774 18774 18774 18774 18774 18774 18774 18774 18774 18774 18774 18774 18774 18774 18774 18774 18774 18774 18774 18774 18774 18774 18774 18774 18774 18774 18774 18774 18774 18774 18774 18774 18774 18774 18774 18774 18774 18774 18774 18774 18774 18774 18774 18774 18774 18774 18774 18774 18774 18774 18774 18774 18774 18774 18774 18774 18774 18774 18774 18774 18774 18774 18774 18774 18774 18774 18774 18774 18774 18774 18774 18774 18774 18774 18774 18774 18774 18774 18774 18774 18774 18774 18774 18774 18774 18774 18774 18774 18774 18774 18774 18774 18774 18774 18774 18774 18774 18773 18772 18772 18772 18772 18772 18772 18772 18772 18772
Case #83: 117193
2726 2726 2726 2726 2726 2726 2726 2726 2726 2726 2726 2726 2726 2726 2726 2726 2726 2726 2725 2725 2725 2725 2725 2725 2725 2725 2725 2725 2725 2725 2725 2725 2725 2725 2725 2725 2725 2725 2725 2725 2725 2725 2725
Case #84: 12332
294 294 294 294 294 294 294 294 294 294 294 294 294 294 294 294 294 294 294 294 294 294 294 294 294 294 293 293 293 293 293 293 293 293 293 293 293 293 293 293 293 293
Case #85: 4940345
205848 205848 205848 205848 205848 205848 205848 205848 205848 205848 205848 205848 205848 205848 205847 205847 205847 205847 205847 205847 205847 205847 205847 205847 3
Case #86: 72078
146 146 146 146 146 146 146 146 146 146 146 146 146 146 146 146 146 146 146 146 146 146 146 146 146 146 146 146 146 146 146 146 146 146 146 146 146 146 146 146 146 146 146 146 146 146 146 146 146 146 146 146 146 146 146 146 146 146 146 146 146 146 146 146 146 146 146 146 146 146 146 146 146 146 146 146 146 146 146 146 146 146 146 146 146 146 146 146 146 146 146 146 146 146 146 146 146 146 146 146 146 146 146 146 146 146 146 146 146 146 146 146 146 146 146 146 146 146 146 146 146 146 146 146 146 146 146 146 146 146 146 146 146 146 146 146 146 146 146 146 146 146 146 146 146 146 146 146 146 146 146 146 146 146 146 146 146 146 146 146 146 146 146 146 146 146 146 146 146 146 146 146 146 146 146 146 146 146 146 146 146 146 146 146 146 146 146 146 146 146 146 146 146 146 146 146 146 146 146 146 146 146 146 146 146 146 146 146 146 146 146 146 146 146 146 146 146 146 146 146 146 146 146 146 146 146 146 146 146 146 146 146 146 146 146 146 146 146 146 146 146 146 146 146 146 146 146 146 146 146 146 146 146 146 146 146 146 146 146 146 146 146 146 146 146 146 146 146 146 146 146 146 146 146 146 146 146 146 146 146 146 146 146 146 146 146 146 146 146 146 146 146 146 146 146 146 146 146 146 146 146 146 146 146 146 146 145 145 145 145 145 145 145 145 145 145 145 145 145 145 145 145 145 145 145 145 145 145 145 145 145 145 145 145 145 145 145 145 145 145 145 145 145 145 145 145 145 145 145 145 145 145 145 145 145 145 145 145 145 145 145 145 145 145 145 145 145 145 145 145 145 145 145 145 145 145 145 145 145 145 145 145 145 145 145 145 145 145 145 145 145 145 145 145 145 145 145 145 145 145 145 145 145 145 145 145 145 145 145 145 145 145 145 145 145 145 145 145 145 145 145 145 145 145 145 145 145 145 145 145 145 145 145 145 145 145 145 145 145 145 145 145 145 145 145 145 145 145 145 145 145 145 145 145 145 145 145 145 145 145 145 145 145 145 145 145 145 145 145 145 145 145 145 145 145 145 145 145 145 145 145 145 145 145 145 145 145 145 145 145 145 145 144 144 144
Case #87: 3113
8 8 8 8 8 8 8 8 8 8 8 8 8 8 8 8 8 8 8 8 8 8 8 8 8 8 8 8 8 8 8 8 8 8 8 8 8 8 8 8 8 8 8 8 8 8 8 8 8 8 8 8 8 8 8 8 8 8 8 8 8 8 8 8 8 8 8 8 8 8 8 8 8 8 8 8 8 8 8 8 8 8 8 8 8 8 8 8 8 8 8 8 8 8 8 8 8 8 8 8 8 8 8 8 8 8 8 8 8 8 8 8 8 8 8 8 8 8 8 8 8 8 8 8 8 8 8 8 8 8 8 8 8 8 8 8 8 8 8 8 8 8 8 8 8 8 8 8 8 8 8 8 8 8 8 8 8 8 8 8 8 8 8 8 8 8 8 8 8 8 8 8 8 8 8 8 8 8 8 8 8 8 8 8 8 8 8 8 8 8 8 8 8 8 8 8 8 8 8 8 8 8 8 8 8 8 8 8 8 8 8 8 8 8 8 8 8 8 8 8 8 8 8 8 8 8 8 8 8 8 8 8 8 8 8 8 8 8 8 8 8 8 8 8 8 8 8 8 8 8 8 8 8 8 8 8 8 8 8 8 8 8 8 8 8 8 8 8 8 8 8 8 8 8 8 8 8 8 8 8 8 8 8 8 8 8 8 8 8 8 8 8 8 8 8 8 8 8 8 8 8 8 8 8 8 8 8 8 8 8 8 8 8 8 8 8 8 8 8 8 8 8 8 8 8 8 8 8 8 8 8 8 8 8 8 8 8 8 8 8 8 8 8 8 8 8 8 8 8 8 8 8 8 8 8 8 8 8 8 8 8 8 8 8 8 8 8 8 8 8 8 8 8 8 8 8 7 7 7 7 7 7 7 7 7 7 7 7 7 7 7 0
Case #88: 975508347
2747911 2747911 2747911 2747911 2747911 2747911 2747911 2747911 2747911 2747911 2747911 2747911 2747911 2747911 2747911 2747911 2747911 2747911 2747911 2747911 2747911 2747911 2747911 2747911 2747911 2747911 2747911 2747911 2747911 2747911 2747911 2747911 2747911 2747911 2747911 2747911 2747911 2747911 2747911 2747911 2747911 2747911 2747911 2747911 2747911 2747911 2747911 2747911 2747911 2747911 2747911 2747911 2747911 2747911 2747911 2747911 2747911 2747911 2747911 2747911 2747911 2747911 2747911 2747911 2747911 2747911 2747911 2747911 2747911 2747911 2747911 2747911 2747911 2747911 2747911 2747911 2747911 2747911 2747911 2747911 2747911 2747911 2747911 2747911 2747911 2747911 2747911 2747911 2747911 2747911 2747911 2747911 2747911 2747911 2747911 2747911 2747911 2747911 2747911 2747911 2747911 2747911 2747911 2747911 2747911 2747911 2747911 2747911 2747911 2747911 2747911 2747911 2747911 2747911 2747911 2747911 2747911 2747911 2747911 2747911 2747911 2747911 2747911 2747911 2747911 2747911 2747911 2747911 2747911 2747911 2747911 2747911 2747911 2747911 2747911 2747911 2747911 2747911 2747911 2747911 2747911 2747911 2747911 2747911 2747911 2747911 2747911 2747911 2747911 2747911 2747911 2747911 2747911 2747911 2747911 2747911 2747911 2747911 2747911 2747911 2747911 2747911 2747911 2747911 2747911 2747911 2747911 2747911 2747911 2747911 2747911 2747911 2747911 2747911 2747911 2747911 2747911 2747911 2747911 2747911 2747911 2747911 2747911 2747911 2747911 2747911 2747911 2747911 2747911 2747911 2747911 2747911 2747911 2747911 2747911 2747911 2747911 2747911 2747911 2747911 2747911 2747911 2747911 2747911 2747911 2747911 2747911 2747911 2747911 2747911 2747911 2747911 2747911 2747911 2747911 2747911 2747911 2747911 2747911 2747911 2747911 2747911 2747911 2747911 2747911 2747911 2747911 2747911 2747911 2747911 2747911 2747911 2747911 2747911 2747911 2747911 2747911 2747911 2747911 2747911 2747911 2747911 2747911 2747911 2747911 2747911 2747911 2747911 2747911 2747911 2747911 2747911 2747911 2747911 2747911 2747911 2747911 2747911 2747911 2747911 2747911 2747911 2747911 2747911 2747911 2747911 2747911 2747911 2747911 2747911 2747911 2747911 2747911 2747911 2747911 2747911 2747911 2747911 2747911 2747911 2747911 2747911 2747911 2747911 2747911 2747911 2747911 2747911 2747911 2747911 2747911 2747911 2747911 2747911 2747911 2747911 2747911 2747910 2747910 2747910 2747910 2747910 2747910 2747910 2747910 2747910 2747910 2747910 2747910 2747910 2747910 2747910 2747910 2747910 2747910 2747910 2747910 2747910 2747910 2747910 2747910 2747910 2747910 2747910 2747910 2747910 2747910 2747910 2747910 2747910 2747910 2747910 2747910 2747910 2747910 2747910 2747910 2747910 2747910 2747910 2747910 2747910 2747910 2747910 2747910 2747910 2747910 2747910 2747910 2747910 2747910 2747910 2747910 2747910 2747910
Case #89: 19639
179 179 179 179 179 179 179 179 179 179 179 179 179 179 179 179 179 179 179 179 179 179 179 179 179 179 179 179 179 179 179 179 179 179 179 179 179 179 179 179 179 179 179 179 179 179 179 179 179 179 179 179 179 179 179 179 179 179 179 178 178 178 178 178 178 178 178 178 178 178 178 178 178 178 178 178 178 178 178 178 178 178 178 178 178 178 178 178 178 178 178 178 178 178 178 178 178 178 178 178 178 178 178 178 178 178 178 178 178 178
Case #90: 4
2 2 0
Case #91: 6137
36 36 36 36 36 36 36 36 36 36 36 36 36 36 36 36 36 36 36 36 36 36 36 36 36 36 36 36 36 36 36 36 36 36 36 36 36 36 36 36 36 36 36 36 36 36 36 36 36 36 36 36 36 36 36 36 36 36 36 36 36 36 36 36 36 36 36 36 36 36 36 36 36 36 36 36 36 36 36 36 36 36 36 36 36 36 36 36 36 36 36 36 36 36 36 36 36 36 36 36 36 36 36 36 36 36 36 36 36 36 36 36 36 36 36 36 36 35 35 35 35 35 35 35 35 35 35 35 35 35 35 35 35 35 35 35 35 35 35 35 35 35 35 35 35 35 35 35 35 35 35 35 35 35 35 35 35 35 35 35 35 35 35 35 35 35 35 35 35 35 35 35
Case #92: 307434108
1436608 1436608 1436608 1436608 1436608 1436608 1436608 1436608 1436608 1436608 1436608 1436608 1436608 1436608 1436608 1436608 1436608 1436608 1436608 1436608 1436608 1436608 1436608 1436608 1436608 1436608 1436608 1436608 1436608 1436608 1436608 1436608 1436608 1436608 1436608 1436608 1436608 1436608 1436608 1436608 1436608 1436608 1436608 1436608 1436608 1436608 1436608 1436608 1436608 1436608 1436608 1436608 1436608 1436608 1436608 1436608 1436608 1436608 1436608 1436608 1436608 1436608 1436608 1436608 1436608 1436608 1436608 1436608 1436608 1436608 1436608 1436608 1436608 1436608 1436608 1436608 1436608 1436608 1436608 1436608 1436608 1436608 1436608 1436608 1436608 1436608 1436608 1436608 1436608 1436608 1436608 1436608 1436608 1436608 1436608 1436608 1436608 1436608 1436608 1436608 1436608 1436608 1436608 1436608 1436608 1436608 1436608 1436608 1436608 1436608 1436608 1436608 1436608 1436608 1436608 1436608 1436608 1436608 1436608 1436608 1436608 1436608 1436608 1436608 1436608 1436608 1436608 1436608 1436608 1436608 1436608 1436608 1436608 1436608 1436608 1436608 1436608 1436608 1436608 1436608 1436608 1436608 1436608 1436608 1436608 1436608 1436608 1436608 1436608 1436608 1436608 1436608 1436608 1436608 1436608 1436608 1436608 1436608 1436608 1436608 1436608 1436608 1436608 1436608 1436608 1436608 1436608 1436608 1436608 1436608 1436608 1436608 1436608 1436608 1436608 1436608 1436608 1436608 1436608 1436608 1436608 1436608 1436608 1436608 1436608 1436608 1436608 1436608 1436608 1436608 1436608 1436608 1436608 1436608 1436608 1436608 1436608 1436608 1436608 1436608 1436608 1436608 1436608 1436608 1436608 1436608 1436608 1436608 1436608 1436608 1436608 1436608 1436606 1436606 0 0 0 0 0
Case #93: 1757359
10277 10277 10277 10277 10277 10277 10277 10277 10277 10277 10277 10277 10277 10277 10277 10277 10277 10277 10277 10277 10277 10277 10277 10277 10277 10277 10277 10277 10277 10277 10277 10277 10277 10277 10277 10277 10277 10277 10277 10277 10277 10277 10277 10277 10277 10277 10277 10277 10277 10277 10277 10277 10277 10277 10277 10277 10277 10277 10277 10277 10277 10277 10277 10277 10277 10277 10277 10277 10277 10277 10277 10277 10277 10277 10277 10277 10277 10277 10277 10277 10277 10277 10277 10277 10277 10277 10277 10277 10277 10277 10277 10277 10277 10277 10277 10277 10277 10277 10277 10277 10277 10277 10277 10277 10277 10277 10277 10277 10277 10277 10277 10277 10277 10277 10277 10277 10277 10277 10277 10277 10277 10277 10277 10277 10277 10277 10277 10277 10277 10277 10277 10277 10277 10277 10277 10277 10277 10277 10277 10277 10277 10277 10277 10277 10277 10277 10277 10277 10277 10277 10277 10277 10277 10277 10277 10277 10277 10277 10277 10277 10277 10277 10277 10276 10276 10276 10276 10276 10276 10276 10276
Case #94: 7489295
124822 124822 124822 124822 124822 124822 124822 124822 124822 124822 124822 124822 124822 124822 124822 124822 124822 124822 124822 124822 124822 124822 124822 124822 124822 124822 124822 124822 124822 124822 124822 124822 124822 124822 124822 124821 124821 124821 124821 124821 124821 124821 124821 124821 124821 124821 124821 124821 124821 124821 124821 124821 124821 124821 124821 124821 124821 124821 124821 124821
Case #95: 20
3 3 3 3 3 2 2 1
Case #96: 109291858
114202 114202 114202 114202 114202 114202 114202 114202 114202 114202 114202 114202 114202 114202 114202 114202 114202 114202 114202 114202 114202 114202 114202 114202 114202 114202 114202 114202 114202 114202 114202 114202 114202 114202 114202 114202 114202 114202 114202 114202 114202 114202 114202 114202 114202 114202 114202 114202 114202 114202 114202 114202 114202 114202 114202 114202 114202 114202 114202 114202 114202 114202 114202 114202 114202 114202 114202 114202 114202 114202 114202 114202 114202 114202 114202 114202 114202 114202 114202 114202 114202 114202 114202 114202 114202 114202 114202 114202 114202 114202 114202 114202 114202 114202 114202 114202 114202 114202 114202 114202 114202 114202 114202 114202 114202 114202 114202 114202 114202 114202 114202 114202 114202 114202 114202 114202 114202 114202 114202 114202 114202 114202 114202 114202 114202 114202 114202 114202 114202 114202 114202 114202 114202 114202 114202 114202 114202 114202 114202 114202 114202 114202 114202 114202 114202 114202 114202 114202 114202 114202 114202 114202 114202 114202 114202 114202 114202 114202 114202 114202 114202 114202 114202 114202 114202 114202 114202 114202 114202 114202 114202 114202 114202 114202 114202 114202 114202 114202 114202 114202 114202 114202 114202 114202 114202 114202 114202 114202 114202 114202 114202 114202 114202 114202 114202 114202 114202 114202 114202 114202 114202 114202 114202 114202 114202 114202 114202 114202 114202 114202 114202 114202 114202 114202 114202 114202 114202 114202 114202 114202 114202 114202 114202 114202 114202 114202 114202 114202 114202 114202 114202 114202 114202 114202 114202 114202 114202 114202 114202 114202 114202 114202 114202 114202 114202 114202 114202 114202 114202 114202 114202 114202 114202 114202 114202 114202 114202 114202 114202 114202 114202 114202 114202 114202 114202 114202 114202 114202 114202 114202 114202 114202 114202 114202 114202 114202 114202 114202 114202 114202 114202 114202 114202 114202 114202 114202 114202 114202 114202 114202 114202 114202 114202 114202 114202 114202 114202 114202 114202 114202 114202 114202 114202 114202 114202 114202 114202 114202 114202 114202 114202 114202 114202 114202 114202 114202 114202 114202 114202 114202 114202 114202 114202 114202 114202 114202 114202 114202 114202 114202 114202 114202 114202 114202 114202 114202 114202 114202 114202 114202 114202 114202 114202 114202 114202 114202 114202 114202 114202 114202 114202 114202 114202 114202 114202 114202 114202 114202 114202 114202 114202 114202 114202 114202 114202 114202 114202 114202 114202 114202 114202 114202 114202 114202 114202 114202 114202 114202 114202 114202 114202 114202 114202 114202 114202 114202 114202 114202 114202 114202 114202 114202 114202 114202 114202 114202 114202 114202 114202 114202 114202 114202 114202 114202 114202 114202 114202 114202 114202 114202 114202 114202 114202 114202 114202 114202 114202 114202 114202 114202 114202 114202 114202 114202 114202 114202 114202 114202 114202 114202 114202 114202 114202 114202 114202 114202 114202 114202 114202 114202 114202 114202 114202 114202 114202 114202 114202 114202 114202 114202 114202 114202 114202 114202 114202 114202 114202 114202 114202 114202 114202 114202 114202 114202 114202 114202 114202 114202 114202 114202 114202 114202 114202 114202 114202 114202 114202 114202 114202 114202 114202 114202 114202 114202 114202 114202 114202 114202 114202 114202 114202 114202 114202 114202 114202 114202 114202 114202 114202 114202 114202 114202 114202 114202 114202 114202 114202 114202 114202 114202 114202 114202 114202 114202 114202 114202 114202 114202 114202 114202 114202 114202 114202 114202 114202 114202 114202 114202 114202 114202 114202 114202 114202 114202 114202 114202 114202 114202 114202 114202 114202 114202 114202 114202 114202 114202 114202 114202 114202 114202 114202 114202 114202 114202 114202 114202 114202 114202 114202 114202 114202 114202 114202 114202 114202 114202 114202 114202 114202 114202 114202 114202 114202 114202 114202 114202 114202 114202 114202 114202 114202 114202 114202 114202 114202 114202 114202 114202 114202 114202 114202 114202 114202 114202 114202 114202 114202 114202 114202 114202 114202 114202 114202 114202 114202 114202 114202 114202 114202 114202 114202 114202 114202 114202 114202 114202 114202 114202 114202 114202 114202 114202 114202 114202 114202 114202 114202 114202 114202 114202 114202 114202 114202 114202 114202 114202 114202 114202 114202 114202 114202 114202 114202 114202 114202 114202 114202 114202 114202 114202 114202 114202 114202 114202 114202 114202 114202 114202 114202 114202 114202 114202 114202 114202 114202 114202 114202 114202 114202 114202 114202 114202 114202 114202 114202 114202 114202 114202 114202 114202 114202 114202 114202 114202 114202 114202 114202 114202 114202 114202 114202 114202 114202 114202 114202 114202 114202 114202 114202 114202 114202 114202 114202 114202 114202 114202 114202 114202 114202 114202 114202 114202 114202 114202 114202 114202 114202 114202 114202 114202 114202 114202 114202 114202 114202 114202 114202 114202 114202 114202 114202 114202 114202 114202 114202 114202 114202 114202 114202 114202 114202 114202 114202 114202 114202 114202 114202 114202 114202 114202 114202 114202 114202 114202 114202 114202 114202 114202 114202 114202 114202 114202 114202 114202 114202 114202 114202 114202 114202 114202 114202 114202 114202 114202 114202 114202 114202 114202 114202 114202 114202 114202 114202 114202 114202 114202 114202 114202 114202 114202 114202 114202 114202 114202 114202 114202 114202 114202 114202 114202 114202 114202 114202 114202 114202 114202 114202 114202 114202 114202 114202 114202 114202 114202 114202 114202 114202 114202 114202 114202 114202 114202 114202 114202 114202 114202 114202 114202 114202 114202 114202 114202 114202 114202 114202 114202 114202 114202 114202 114202 114202 114202 114202 114202 114202 114202 114202 114202 114202 114202 114202 114202 114202 114202 114202 114202 114202 114202 114202 114202 114202 114202 114202 114202 114202 114202 114202 114202 114202 114202 114202 114202 114202 114202 114202 114202 114202 114202 114202 114202 114202 114202 114202 114202 114202 114202 114202 114202 114202 114202 114202 114202 114202 114202 114202 114202 114202 114202 114202 114202 114202 114202 114202 114202 114202 114202 114202 114202 114202 114202 114202 114202 114202 114202 114202 114202 114202 114202 114202 114202 114202 114202 114202 114202 114202 114202 114202 114202 114202 114202 114202 114202 114202 114202 114202 114202 114202 114202 114202 114202 114202 114202 114202 114202 114202 114202 114202 114202 114202 114202 114202 114202 114202 114202 114202 114202 114202 544
Case #97: 1934
6 6 6 6 6 6 6 6 6 6 6 6 6 6 6 6 6 6 6 6 6 6 6 6 6 6 6 6 6 6 6 6 6 6 6 6 6 6 6 6 6 6 6 6 6 6 6 6 6 6 6 6 6 6 6 6 6 6 6 6 6 6 6 6 6 6 6 6 6 6 6 6 6 6 6 6 6 6 6 6 6 6 6 6 6 6 6 6 6 6 6 6 6 6 6 6 6 6 6 6 6 6 6 6 6 6 6 6 6 6 6 6 6 6 6 6 6 6 6 6 6 6 6 6 6 6 6 6 6 6 6 6 6 6 6 6 6 6 6 6 6 6 6 6 6 6 6 6 6 6 6 6 6 6 6 6 6 6 6 6 6 6 6 6 6 6 6 6 6 6 6 6 6 6 6 6 6 6 6 6 6 6 6 6 6 6 6 6 6 6 6 6 6 6 6 6 6 6 6 6 6 6 6 6 6 6 6 6 6 6 6 6 6 6 6 6 6 6 6 6 6 6 6 6 6 6 6 6 6 6 6 6 6 6 6 6 6 6 6 6 6 6 6 6 6 6 6 6 6 6 6 6 6 6 6 6 6 6 6 6 6 6 6 6 6 6 6 6 6 6 6 6 6 6 6 6 6 6 6 6 6 6 6 6 6 6 6 6 6 6 6 6 6 6 6 6 6 6 6 6 6 6 6 6 6 6 6 6 6 6 6 5 5 5 5 5 4 4 4 4 4 4 4 4 4 4 3 0 0 0 0 0
Case #98: 21
1 1 1 1 1 1 1 1 1 1 1 1 1 1 1 1 1 1 1 1 1 0 0 0 0 0 0 0 0 0 0 0 0 0 0 0 0 0 0 0 0 0 0 0 0 0 0 0 0 0 0 0 0 0 0 0 0 0 0 0 0 0 0 0 0 0 0 0 0 0 0 0 0 0 0 0 0 0 0 0 0 0 0 0 0 0 0 0 0 0 0 0 0 0 0 0 0 0 0 0 0 0 0 0 0 0 0 0 0 0 0 0 0 0 0 0 0 0 0 0 0 0 0 0 0 0 0 0 0 0 0 0 0 0 0 0 0 0 0 0 0 0 0 0
Case #99: 8
1 1 1 1 1 1 1 1 0 0 0 0
Case #100: 5
1 1 1 1 1 0 0 0 0 0 0 0 0 0 0 0 0 0 0 0 0 0 0 0 0 0 0 0 0 0 0 0 0 0 0 0 0 0 0 0 0 0 0 0 0 0 0 0 0 0 0 0 0 0 0 0 0 0 0 0 0 0 0 0 0 0 0 0 0 0 0 0 0 0 0 0 0 0 0 0 0 0 0 0 0 0 0 0 0 0 0 0 0 0 0 0 0 0 0 0 0 0 0 0 0 0 0 0 0 0 0 0 0 0 0 0 0 0 0 0 0 0 0 0 0 0 0 0 0 0 0 0 0 0 0 0 0 0 0 0 0 0 0 0
